,content,tags
0,"*やっと上がった🙌#repost @kbkookminbank 더 오래 만나고, 더 가까워진KB 9To6 Bank🏦저녁 6시까지 열려있고,전국 82개 지점으로 더 가까워진여섯시은행을 만나보세요⭐👉네이버지도, 카카오맵에서 ’여섯시은행‘을 검색해보세요고객을 위해 은행의 시간을 바꾸다KB국민은행※ 2023년 8월 1일부터 전국 82개 지점으로 확대 운영됩니다.※ 16시 이후에는 개인고객 상담업무만 가능하며, 타기관 연계 처리 업무는 시간에 따라 일부 제한될 수 있습니다.※ 기타 자세한 사항은 KB국민은행 고객센터(☎1588-9999) 및 홈페이지(www.kbstar.com)을 참조하시기 바랍니다.#KB9To6Bank #9To6Bank #나인투식스뱅크#공유 #박은빈 #KB국민은행#국민은행 #영업시간 #여섯시은행 #은행시간#9to6 #나인투식스 #은행영업시간.","['#repost', '#KB9To6Bank', '#9To6Bank', '#나인투식스뱅크', '#공유', '#박은빈', '#KB국민은행', '#국민은행', '#영업시간', '#여섯시은행', '#은행시간', '#9to6', '#나인투식스', '#은행영업시간.']"
1,"🚀인턴급 대외활동 국디서![KB국민은행] 디지털 서포터즈 합격&활동후기🎁링키들을 위해 에디터가 준비했어!합격자만의 꿀팁이 가득 담긴 대외활동 인터뷰!by. 콘텐츠에디터 14기 강민지다른 인터뷰 보러가기 👉 #링커리어인터뷰💙더 많은 대학생활, 취업 정보는 프로필 링크에서💙#링커리어 #대학생 #취준생 #신입생 #새내기 #23학번 #앱추천 #인턴 #서포터즈 #체험형인턴 #대기업인턴 #은행 #국디서 #국민은행 #링커리어인터뷰","['#링커리어인터뷰💙더', '#링커리어', '#대학생', '#취준생', '#신입생', '#새내기', '#23학번', '#앱추천', '#인턴', '#서포터즈', '#체험형인턴', '#대기업인턴', '#은행', '#국디서', '#국민은행', '#링커리어인터뷰']"
2,"*ウンビンちゃんと共演のKBのCFも‼︎今日は動画day✨Posted @kbkookminbank [여섯시은행] 공차장과 박대리의 하루🍭국민의 평생금융파트너, KB국민은행에서공유와 박은빈이 6시까지 함께하는 KB 9To6 Bank🏦저녁 6시까지 열려있고, 전국 82개 지점으로 더 가까워진여섯시은행을 만나보세요⭐👉네이버지도, 카카오맵에서 ’여섯시은행‘을 검색해보세요고객을 위해 은행의 시간을 바꾸다KB국민은행📌공유와 박은빈이 은행원이 된 영상을 본 실제 KB국민은행 직원의 반응은?KB 9To6 Bank에서의 생생한 경험담이 궁금하신분들은KB국민은행 유튜브 채널 구독과 알림설정!*준법감시인 심의필 제2023-3033호(2023.07.28.),*광고물 유효기간 2024.7.27.까지※ 본 게시물은 당사 홍보 기록 보존 목적에 한하여광고 유효 기간이 지나더라도 게시할 예정입니다.#KB9To6Bank #9To6Bank #나인투식스뱅크#공유 #박은빈 #KB국민은행 #국민은행 #영업시간 #여섯시은행 #은행시간 #9to6 #나인투식스 #은행영업시간#gongyoo #コンユ#ParkEunbin #パクウンビン","['#KB9To6Bank', '#9To6Bank', '#나인투식스뱅크', '#공유', '#박은빈', '#KB국민은행', '#국민은행', '#영업시간', '#여섯시은행', '#은행시간', '#9to6', '#나인투식스', '#은행영업시간', '#gongyoo', '#コンユ', '#ParkEunbin', '#パクウンビン']"
3,"..#repostthank you for sharing🙏🏻✨@kbkookminbank 　더 오래 만나고, 더 가까워진KB 9To6 Bank🏦 저녁 6시까지 열려있고, 전국 82개 지점으로 더 가까워진 여섯시은행을 만나보세요⭐️ 👉네이버지도, 카카오맵에서 ‘여섯시은행’을 검색해보세요 고객을 위해 은행의 시간을 바꾸다 KB국민은행※ 2023년 8월 1일부터 전국 82개 지점으로 확대 운영됩니다.※ 16시 이후에는 개인고객 상담업무만 가능하며, 타기관 연계 처리 업 무는 시간에 따라 일부 제한될 수 있습니다.※ 기타 자세한 사항은 KB국민은행 고객센터(☎1588-9999) 및 홈페이지(www.kbstar.com)을 참조하시기 바랍니다. 　　#KB9To6Bank #9To6Bank #나인투식스뱅크#공유 #박은빈 #KB국민은행#국민은행 #영업시간 #여섯시은행 #은행시간#9to6 #나인투식스 #은행영업시간　　#コンユ#공유#gongyoo#孔劉#孔侑#こんゆ#コンジチョル#공지철#孔地哲#こんじちょる#꽁#ステキコンユ♡⃛ @gongyoo_official","['#repostthank', '#KB9To6Bank', '#9To6Bank', '#나인투식스뱅크', '#공유', '#박은빈', '#KB국민은행', '#국민은행', '#영업시간', '#여섯시은행', '#은행시간', '#9to6', '#나인투식스', '#은행영업시간', '#コンユ', '#공유', '#gongyoo', '#孔劉', '#孔侑', '#こんゆ', '#コンジチョル', '#공지철', '#孔地哲', '#こんじちょる', '#꽁', '#ステキコンユ♡⃛']"
4,"..#repostthank you for sharing🙏🏻✨@kbkookminbank 　2시간 더! 가까이 더!KB 9To6 Bank🏦 저녁 6시까지 열려있고, 전국 82개 지점으로 더 가까워진 여섯시은행을 만나보세요⭐️ 👉네이버지도, 카카오맵에서 ‘여섯시은행’을 검색해보세요 고객을 위해 은행의 시간을 바꾸다 KB국민은행※ 2023년 8월 1일부터 전국 82개 지점으로 확대 운영됩니다.※ 16시 이후에는 개인고객 상담업무만 가능하며, 타기관 연계 처리 업 무는 시간에 따라 일부 제한될 수 있습니다.※ 기타 자세한 사항은 KB국민은행 고객센터(☎1588-9999) 및 홈 페이지(www.kbstar.com)을 참조하시기 바랍니다.　#KB9To6Bank #9To6Bank #나인투식스뱅크#공유 #박은빈 #KB국민은행#국민은행 #영업시간 #여섯시은행 #은행시간#9t06 #나인투식스 #은행영업시간　　#コンユ#공유#gongyoo#孔劉#孔侑#こんゆ#コンジチョル#공지철#孔地哲#こんじちょる#꽁#ステキコンユ♡⃛ @gongyoo_official","['#repostthank', '#KB9To6Bank', '#9To6Bank', '#나인투식스뱅크', '#공유', '#박은빈', '#KB국민은행', '#국민은행', '#영업시간', '#여섯시은행', '#은행시간', '#9t06', '#나인투식스', '#은행영업시간', '#コンユ', '#공유', '#gongyoo', '#孔劉', '#孔侑', '#こんゆ', '#コンジチョル', '#공지철', '#孔地哲', '#こんじちょる', '#꽁', '#ステキコンユ♡⃛']"
5,"*#repost @kbkookminbank 2시간 더! 가까이 더!KB 9To6 Bank🏦저녁 6시까지 열려있고,전국 82개 지점으로 더 가까워진여섯시은행을 만나보세요⭐👉네이버지도, 카카오맵에서 ’여섯시은행‘을 검색해보세요고객을 위해 은행의 시간을 바꾸다KB국민은행※ 2023년 8월 1일부터 전국 82개 지점으로 확대 운영됩니다.※ 16시 이후에는 개인고객 상담업무만 가능하며, 타기관 연계 처리 업무는 시간에 따라 일부 제한될 수 있습니다.※ 기타 자세한 사항은 KB국민은행 고객센터(☎1588-9999) 및 홈페이지(www.kbstar.com)을 참조하시기 바랍니다.#KB9To6Bank #9To6Bank #나인투식스뱅크#공유 #박은빈 #KB국민은행#국민은행 #영업시간 #여섯시은행 #은행시간#9to6 #나인투식스 #은행영업시간.","['#repost', '#KB9To6Bank', '#9To6Bank', '#나인투식스뱅크', '#공유', '#박은빈', '#KB국민은행', '#국민은행', '#영업시간', '#여섯시은행', '#은행시간', '#9to6', '#나인투식스', '#은행영업시간.']"
6,"👼🏻💕🐬Thanks for sharing💕Posted @kbkookminbank 더 오래 만나고, 더 가까워진KB 9To6 Bank🏦저녁 6시까지 열려있고, 전국 82개 지점으로 더 가까워진여섯시은행을 만나보세요⭐👉네이버지도, 카카오맵에서 ’여섯시은행‘을 검색해보세요고객을 위해 은행의 시간을 바꾸다KB국민은행※ 2023년 8월 1일부터 전국 82개 지점으로 확대 운영됩니다.※ 16시 이후에는 개인고객 상담업무만 가능하며, 타기관 연계 처리 업무는 시간에 따라 일부 제한될 수 있습니다.※ 기타 자세한 사항은 KB국민은행 고객센터(☎1588-9999) 및 홈페이지(www.kbstar.com)을 참조하시기 바랍니다.#KB9To6Bank #9To6Bank #나인투식스뱅크#공유 #박은빈 #KB국민은행 #국민은행 #영업시간 #여섯시은행 #은행시간 #9to6 #나인투식스 #은행영업시간https://youtu.be/0onFKcIDP-0遅かった..全て.. 終わってしまった..んんー☝🏻まだ終わってないですよ6時銀行KB9to6BANKまぁ、我が家の横にあったのね？","['#KB9To6Bank', '#9To6Bank', '#나인투식스뱅크', '#공유', '#박은빈', '#KB국민은행', '#국민은행', '#영업시간', '#여섯시은행', '#은행시간', '#9to6', '#나인투식스', '#은행영업시간https://youtu.be/0onFKcIDP-0遅かった..全て..']"
7,"👼🏻💕🐬Thanks for sharing💕Posted @kbkookminbank 2시간 더! 가까이 더!KB 9To6 Bank🏦저녁 6시까지 열려있고, 전국 82개 지점으로 더 가까워진여섯시은행을 만나보세요⭐👉네이버지도, 카카오맵에서 ’여섯시은행‘을 검색해보세요고객을 위해 은행의 시간을 바꾸다KB국민은행※ 2023년 8월 1일부터 전국 82개 지점으로 확대 운영됩니다.※ 16시 이후에는 개인고객 상담업무만 가능하며, 타기관 연계 처리 업무는 시간에 따라 일부 제한될 수 있습니다.※ 기타 자세한 사항은 KB국민은행 고객센터(☎1588-9999) 및 홈페이지(www.kbstar.com)을 참조하시기 바랍니다.#KB9To6Bank #9To6Bank #나인투식스뱅크#공유 #박은빈 #KB국민은행 #국민은행 #영업시간 #여섯시은행 #은행시간 #9to6 #나인투식스 #은행영업시간目撃者が午後5時頃銀行にいたそうです。ウソだ、その時間まで開いてる銀行がどこにあるんだ？ココ　6時銀行KB9to6BANK全国に82個も？わぁ！","['#KB9To6Bank', '#9To6Bank', '#나인투식스뱅크', '#공유', '#박은빈', '#KB국민은행', '#국민은행', '#영업시간', '#여섯시은행', '#은행시간', '#9to6', '#나인투식스', '#은행영업시간目撃者が午後5時頃銀行にいたそうです。ウソだ、その時間まで開いてる銀行がどこにあるんだ？ココ']"
8,🫶🏻 #𝗚𝗢𝗡𝗚𝗬𝗢𝗢 KB 9To6 Bank☆·.¸¸.·*•.¸~ ℓσνє𝒴♡♡~¸.•*`·.¸¸.☆source 🔗 https://youtu.be/PKlFv1pit9U#KB9To6Bank #9To6Bank #나인투식스뱅크#공유 #박은빈 #KB국민은행 #국민은행 #영업시간 #여섯시은행 #은행시간 #9to6 #나인투식스 #은행영업시간♡♡♡≛≛≛≛≛≛≛≛≛≛≛≛≛≛≛≛≛≛≛≛≛≛≛≛≛≛≛≛≛#GongYoo #GongJiChul #ggong #공유 #공지철 #コンユ #孔劉 #กงยู #koreanactor #kdrama #gysw_sung #gysw_sung_vdo #gysw_kbkookminbank #gysw_reel,"['#𝗚𝗢𝗡𝗚𝗬𝗢𝗢', '#KB9To6Bank', '#9To6Bank', '#나인투식스뱅크', '#공유', '#박은빈', '#KB국민은행', '#국민은행', '#영업시간', '#여섯시은행', '#은행시간', '#9to6', '#나인투식스', '#은행영업시간♡♡♡≛≛≛≛≛≛≛≛≛≛≛≛≛≛≛≛≛≛≛≛≛≛≛≛≛≛≛≛≛', '#GongYoo', '#GongJiChul', '#ggong', '#공유', '#공지철', '#コンユ', '#孔劉', '#กงยู', '#koreanactor', '#kdrama', '#gysw_sung', '#gysw_sung_vdo', '#gysw_kbkookminbank', '#gysw_reel']"
9,"성공한 사람들의 가장 큰 특징 중 하나가바로 빠른 결단력에 있다고 하죠.궁금,고민되시는 점들은 언제든 찾아주세요⭐️성공적인 투자에는 두 가지만 알고 계시면 됩니다.⭐️원금보장이 가능한 투자사⭐️투자 정보지식이 뚜렷한 전문가☀️원금손실이 일어난다면 안전한 투자가 아닙니다.☀️또한 투자정보의 지식이 부족하다면☀️성공적인 투자를 실현 할 수 없습니다내가 좋아하는 일에최선을 다하기나를 믿고 따라와 주시는 고객분들께항상 감사한 마음 지니기😁마땅히 투자할만한 종목이 없어 망설여지신다면 부담 갖지마시고 찾아주세요정직하고 올바르게 상담해 드리겠습니다💪💪",[]
10,"⠀국민의 평생금융파트너, KB국민은행에서공유와 박은빈이 6시까지 함께하는 KB 9To6 Bank🏦저녁 6시까지 열려있고, 전국 82개 지점으로 더 가까워진여섯시은행을 만나보세요⭐👉네이버지도, 카카오맵에서 '여섯시은행'을 검색해보세요고객을 위해 은행의 시간을 바꾸다KB국민은행📌공유와 박은빈이 은행원이 된 영상을 본 실제 KB국민은행 직원의 반응은?KB 9To6 Bank에서의 생생한 경험담이 궁금하신분들은KB국민은행 유튜브 채널 구독과 알림설정!*준법감시인 심의필 제2023-3033호(2023.07.28.),*광고물 유효기간 2024.7.27.까지※ 본 게시물은 당사 홍보 기록 보존 목적에 한하여광고 유효 기간이 지나더라도 게시할 예정입니다.#KB9To6Bank #9To6Bank #나인투식스뱅크#공유 #박은빈 #KB국민은행 #국민은행 #영업시간 #여섯시은행 #은행시간 #9to6 #나인투식스 #은행영업시간⠀⠀⠀⠀⠀⠀⠀⠀⠀⠀⠀⠀⠀⠀#퍼스트모델 @_firstmodel_#퍼스트액터스 @firstactors_official#아역에이전시 #캐스팅디렉터#어린이모델 #아동모델 #광고모델 #키즈모델 #베이비모델 #주니어모델#다문화모델 #쌍둥이모델 #키즈스타그램 #모델스타그램 #아역배우 #kidsmodel","['#KB9To6Bank', '#9To6Bank', '#나인투식스뱅크', '#공유', '#박은빈', '#KB국민은행', '#국민은행', '#영업시간', '#여섯시은행', '#은행시간', '#9to6', '#나인투식스', '#은행영업시간⠀⠀⠀⠀⠀⠀⠀⠀⠀⠀⠀⠀⠀⠀', '#퍼스트모델', '#퍼스트액터스', '#아역에이전시', '#캐스팅디렉터', '#어린이모델', '#아동모델', '#광고모델', '#키즈모델', '#베이비모델', '#주니어모델', '#다문화모델', '#쌍둥이모델', '#키즈스타그램', '#모델스타그램', '#아역배우', '#kidsmodel']"
11,"🌞🌞 기회가 눈앞에 나타났을 때, 이것을 붙잡는 사람은 십중팔구는 성공한다.  뜻하지 않은 사고를 극복해서 자신의 힘으로 기회를 만들어 내는 사람은 100 퍼센트 성공한다.  기회가 두 번 문을 두드릴 것이라고는 생각지 말라 기회는 모든 사람에게 찾아오지만, 그것을 잘 활용하는 사람은 많지 않다 기회는 살며시 왔다 쏜살같이 달아난다 기회는 새와 같은 것, 날아가기 전에 꼭 잡아라.",[]
12,"오늘은 여러분께 KB국민은행 Liiv M 청년도약 LTE 요금제에 대해서 설명드리려 포스팅 합니다!청년도약 LTE 11GB+ 다양한 혜택받고 1만원대로 사용하세요!가입대상: 만 19세~ 만 36세 개인 고객단, [KB 청년희망적금], [KB청년도약계좌] 보유 고객은 연령에 상관없이 가입 가능1️⃣ 청년도약 LTE신규 개통하면 누구나 받을 수 있는 프로모션 혜택2️⃣ KB청년도약계좌 보유하고 KB국민은행 입출금통장으로 36회 이상 통신비 자동납부하면 연 0.3%p 우대 이율!3️⃣ KB포인트리 최대 20000P 지급!자세한 내용은 https://blog.naver.com/jeonsw0929/223182562043참고해주세요!#KBLiivM #KB리브모바일 #LiivM #리브엠 #알뜰폰 #국민은행 #KB #국민은행알뜰폰 #알뜰폰요금제 #알뜰폰요금제추천","['#KBLiivM', '#KB리브모바일', '#LiivM', '#리브엠', '#알뜰폰', '#국민은행', '#KB', '#국민은행알뜰폰', '#알뜰폰요금제', '#알뜰폰요금제추천']"
13,"💡 [이벤트 및 추천인 코드]신유개통, 번호 이동 개통한 고객님께 권유직원번호 [5915393]을 입력하면 스타벅스 커피 쿠폰 2장이!!KB Liiv M은 KB국민은행의 알뜰폰 사업으로 금융권에서 최초로 제공하는 이동통신서비스입니다.일반통신사의 서비스를 동일하게 누리면서, 요금은 합리적으로 줄일 수 있는 혜택을 누릴 수 있습니다.국내 3사 통신사를(LG U+망, KT망, SKT망) 합리적인 가격& 좋은 품질로 이용할 수 있습니다.<장점>1️⃣ 위약금 걱정없는 무약정 요금제2️⃣ 통신3사에 비한 합리적 통신비[내게 맞는 요금제 찾기]를 이용하시면 맞춤형 요금제를 추천받을 수 있습니다!#KBLiivM #KB리브모바일 #LiivM #리브엠 #알뜰폰 #국민은행 #KB #국민은행알뜰폰 #알뜰폰요금제 #알뜰폰요금제추천","['#KBLiivM', '#KB리브모바일', '#LiivM', '#리브엠', '#알뜰폰', '#국민은행', '#KB', '#국민은행알뜰폰', '#알뜰폰요금제', '#알뜰폰요금제추천']"
14,"제주동물보호센터 입양키트를 후원하고 있는 KB국민은행은 유기견, 유기묘라는 말 대신 미지견, 미지묘라는 단어를 추천하고 있어요. 유기된 것은 마음아프지만… 그보단 미지의 세계에서 온 아이들이라는 표현을 해보자는 거죠. 이벤트도 열고 있네요. 관심있는 분들은 참여해보세요. ^^#Repost @kbkookminbank with @use.repost・・・사랑하면 응원하개냥 [#EVENT]⠀미지의 세상에서 온 귀염둥이들🐶😽⠀더이상유기(내다 버리다)동물유기견, 유기묘 라는 단어로우리의 귀여운 친구들을 부르지 말아요⠀이제는미지견, 미지묘라고 불러요출생과 그간의 행적을 알 수 없는 미지(未知)의 세계에서온 친구들! 미래는 우리와 함께 아름다운 추억만 그려간다는 의미가 담겨 있어요!⠀과거의 아픈 이름은 버리고미래는 행복할꺼야 하는 기원의 뜻이 담긴미지견 미지묘로 불러보는 건 어떨까요? 😻🙌⠀지금부터 미지견·미지묘 용어 변경 캠페인을응원하는 댓글을 남겨주세요!⠀🌟이벤트 참여 방법1. 국민은행 공식 계정 ‘팔로우’ 필수 (언팔로우시 당첨자명단 제외)2. 해당 페이지 ‘좋아요’ 완료3. 미지견·미지묘 용어 변경 캠페인 응원 댓글 남기기(미지견 미지묘와 함께인 @친구 소환하면 당첨 확률 UP!)⠀📌이벤트 일정✔️이벤트 기간 : 2023.08.03(목)~2023.08.24(목)✔️당첨자 발표 : 2023.08.31(목)✔️이벤트 경품 : CJ기프트카드_(3만원권)(5명)⠀*품목 사정에 따라 이벤트 상품 또는 내용 등이 변경될 수 있는 점 양해 부탁드립니다.*해당 이벤트 경품은 국내 모바일 전용 상품입니다.⠀추가로 KB스타뱅킹 월렛 서비스 내 '국민과 함께 바꿔불러주세요' 유기견(묘)NO! 미지견(묘)YES! 캠페인도 진행 중이니많은 참여 부탁드려요!지금 KB스타뱅킹 어플에서 이벤트를 확인해주세요🐾⠀#KB국민은행 #국민은행 #팔로우이벤트#팔로우 #좋아요 #경품 #이벤트 #이벤트그램#미지견 #미지묘 #멍스타그램 #강아지 #댕댕이#냥스타그램 #고양이 #반려동물 #반려견 #반려묘","['#Repost', '#EVENT]⠀미지의', '#KB국민은행', '#국민은행', '#팔로우이벤트', '#팔로우', '#좋아요', '#경품', '#이벤트', '#이벤트그램', '#미지견', '#미지묘', '#멍스타그램', '#강아지', '#댕댕이', '#냥스타그램', '#고양이', '#반려동물', '#반려견', '#반려묘']"
15,"𝟚𝟛.𝟘𝟠.𝟘𝟛 𝔻+𝟛𝟙𝟟 ◡̈⋆* 게으른 슬맘,, 미루고 미루다가 드디어 슬이 통장 만들었어요 ꒰ ¨̮ ꒱~🩷뽀로로 통장에 꽂혀서 𝙺𝙱로 결정 .ᐟ슬이도 귀엽고 통장도 귀엽고 ♡゛경비하시는 분이 슬이한테 과자도 주시고직원분들도 슬이 본다고 일어서서 보시고 🤣지나가시는 분들도 요즘 아기 귀하다고 너무 예뻐해 주셔서 기분 좋았던 ◡̎ ✌️탯줄도장 너무 예뻐서 쓰기 아까웠,,핑크가 너무 좋아 🩷",[]
16,"#국빵이_성장일기 　 　 미루고 미루다 드디어 아기통장 개설🙌엄마도 뽀로로세대(라고 하자)라서 뽀로로통장 픽👌자유입출금 / 적금 / 주택청약 세가지 만들었는데요!이벤트로 첫 청약금액 2만원은 은행에서 포인트로 입금해주셨어요👍미리 KB스타뱅킹 어플을 통해서 필요한 가족관계증명서랑 기본증명서를 모바일로 신청, 전송해두고 오늘은 엄마 신분증이랑 아기도장만 챙겨갔습니다😀세상 참 편리해졌네요😆오늘부터 찐이가 성장하면서 이벤트나 기억하고 싶은 일이 생기면 그때마다 편지처럼 인자내용 적어서 용돈 입금할 예정입니다☺️이만한 육아일기가 없겠다 그쵸?#국민은행#아기통장#뽀로로","['#국빵이_성장일기', '#국민은행', '#아기통장', '#뽀로로']"
17,역시 소문난 집은 뭔가 달라도 다르죠??👏😁 조명 음악 이 두가지만 해도 저에게는 오늘 최고의 집을 찾은거 같네요~ 좋아 하는 분위기는 다들 다를거라 생각해요 하지만 남들이 좋다고하면 어느정도는 기본은 충족시킨다고 생각을 해요~ 좋은곳은 검색으로만 찾지 마시고~ 지인들에게 추천 받는게 더 좋은거 같아요~ 친구들은 저와 오랜시간을 함께 해왔기에 저에게 맞는 부분을 잘 추천해주는거 같아요~ 좋은곳을 많이 알아 두시고~ 생활에 지칠때 힐링하고 싶을때 이렇게 찾아 다닌다면 좋지 않을까요??😉❤️,[]
18,다음달 장인어른 생신이라고,[]
19,#비교과특강늘 간호대학생들을 대상으로 강연을 하다가어제는 고등학생 친구들과의 강연을 하고 왔어요간호학과를 꿈꾸기도 하고유튜브를 꿈꾸기도 하는호기심 많고 궁금증이 많은 #KB라스쿨 #라온이 여러분들과정말 의미있는 시간을 보내고 왔답니다.걱정을 많이 했는데 반응을 잘 해주셔서힘도 나고 즐거웠던 시간이었습니다😀여러분들의 꿈을 응원합니다👏#국민은행 #kb신관스타디움홀#라스쿨 #간호사 #구슬언니,"['#비교과특강늘', '#KB라스쿨', '#라온이', '#국민은행', '#kb신관스타디움홀', '#라스쿨', '#간호사', '#구슬언니']"
20,소중한 내 가족을 위한 재💲테💲크 성인이라면  모두 가능한 부업단 한번 뿐인 인생 돈 없어 불편하고 힘든 인생을 살다 갈순없죠....한번의 투자로 인생이 바뀝니다믿음과 신뢰 그리고 신용 보장합니다하고자 하는 마음만 있으시다면오픈톡으로 문의☎주시면 바로 상담 가능합니다,[]
21,".매주 목요일!재밌는 넌센스 그림퀴즈 풀면서금융상식 배우고, 스타벅스 커피쿠폰도 받자!저희 팽성농협이 그린 그림을 보고 떠오르는 금융용어를댓글에 달아주세요.정답을 맞추신 팽성농협 팔로워분들 중매주 10분을 추첨하여 스타벅스 쿠폰을 드립니다!❤️정답자 발표는 다음주 목요일 다른 퀴즈와 함께 돌아옵니다 :)[14회차 문제 정답 : ETF]ETF는 Exchange Traded Fund의 약자로우리나라식 표현은 '상장지수펀드'입니다!개인의 거래가 자유로운 주식과는 다르게다소 거래가 어려운 펀드를 조금 더 편리하게 운용할 수 있도록상장 종목들을 구성하여 만든 펀드가 바로 ETF에요어차피 상장 종목들로 거래를 하는 거라면왜 펀드를 이용하는 걸까요?바로 위험을 최소화 하기 위한'해지(Hedge)' 효과를 얻기 위함입니다!즉, 증권사에서 상장 종목이라는 계란을여러개 모아 담은 계란바구니가 바로 ETF인거죠그렇다면 ETF의 장점은 무엇일까요?1️⃣ 여러 주식을 일일이 사고파는 번거로움 없이 자동으로 분산 투자가 가능합니다!2️⃣ 낮은 운용보수, 부과되지 않는 선취수수료와 증권거래세로 거래비용이 낮습니다!3️⃣ 기존 주식거래계좌를 통해 실시간으로 주식 1주부터 매매가 가능합니다!4️⃣ ETF는 구성하는 주식의 내역과 순자산가치를 매일 공시하기에 상품 투명성이 높습니다!반대로 단점도 존재하는데요1️⃣ 일시적으로 주가와 ETF가 차이 나는 문제가 있어 이로 인한 손실이 발생할 수 있습니다2️⃣ 기초자산 구성 비율을 충실히 따라가기에 종목 선정을 마음대로 할 수 없습니다3️⃣ 펀드와 비교하여 낮은 거래비용이 발생하지만 감사 비용, 상장 비용 등의 기타 수수료가 있어 확인을 해야 합니다🐝성공적인 투자를 위한 ETF Tip🍯1️⃣ 운용규모가 클수록 추적오차는 낮아요2️⃣ 표면상 보이는 운용보수 + 총보수가 낮을수록 좋아요3️⃣ 해외 투자의 경우, 환율 변동에 따라 전략을 다르게 해야 해요1)환율이 낮으면 ➡️ 환율에 노출시켜 환차익을 누릴 수 있는 언헷지형(UH)2)환율이 높으면 ➡️ 환율 변동의 위험을 없애기 위해 환율응 고정시키는 헷지형(H)물론 주식과 펀드는 일반적인 저축 상품보다 수익률이 높지만그만큼 위험도가 높아지는 만큼 더욱 신중한 결정이 필요합니다!반드시 본인의 투자 성향을 파악해보시고위험을 감수하기보단 안전한 수익률을 가져가고 싶은 분들께서는정기적금과 정기예금을 이용한 재테크를 추천드립니다!저희 팽성농협에서는 고객님들께서 만족하실 수 있는 금리로다양한 저축 상품을 제공해드리고 있습니다!특히 NH스마트뱅킹을 통해 비대면으로도 가능한 저축상품이 있으니많은 관심 부탁드리겠습니다 :)🎉🎉14회차 당첨자는 태그를 확인해주세요!당첨자께는 개별연락 드립니다(쪽지, DM 등)🎉🎉#블로그@열무지금까지 14회차 문제였던 'EFT'에 대한 이야기였구요!15회차 문제 이미지를 보시고 댓글에 정답을 남겨주세요!저희 팽성농협 인스타그램 공식 계정 팔로우,카카오채널 채널을 추가하고 업로드 된 퀴즈에 댓글 달면​당첨확률 up! uP! UP!카카오채널, 네이버 블로그도 많은 이용 부탁드립니다 :)🟩팽성농협 네이버 블로그https://blog.naver.com/nh205029-1🟥팽성농협 유튜브 채널https://www.youtube.com/@user-vb2tl2qj5t🟨팽성농협 카카오채널http://pf.kakao.com/_WxnPvb[팽성농협 본점]🗺️ 경기도 평택시 팽성읍 동서촌로 90📱 031-691-8831[팽성농협 안송지점]🗺️ 경기 평택시 팽성읍 안정순환로104번길 35 파라디아 오피스텔 1층 107호📱 031-691-8836[팽성농협 본정지점]🗺️ 경기 평택시 팽성읍 본정2길 23📱 031-691-7402",['#블로그@열무지금까지']
22,"🚨여름철 불청객, 오존주의보 발생🚨여름철 햇빛이 강하고 바람이 없을 때 오존농도가 높아지고 있는데요!🤒고농도 오존은 기침, 호흡 곤란, 가슴 통증 등을 유발하거나 심하면 심장 질환, 기관지염, 폐기종 등 인체에 피해를 주고, 농작물의 수확량 감소를 가져오기도 해요😮대기 오염으로 발생하는 오존 감소를 위해 대중교통 이용하기, 환경 오염을 일으키는 휘발성 유기 화합물질 사용 줄이기 등 올 여름, 우리의 건강과 환경을 위해오존 저감 실천🫶모두 함께 Green해요🚲💛#KB국민은행 #국민은행 #국민과그린함께그린 #함께그린#오존주의보 #환경보호 #오존저감실천","['#KB국민은행', '#국민은행', '#국민과그린함께그린', '#함께그린', '#오존주의보', '#환경보호', '#오존저감실천']"
23,주위가 이쁘니 사진까지 잘나오는거 같네요~ 오늘은 조용한 곳에서 이렇게 시간을 보내러 왔어요~  물놀이를 하는건 아니지만~ 이렇게 좋은 곳에서 시간을 보내고 있으니 모든 부분에서 마음이 편안해 지는걸 느껴요~ 이제는 즐길 만큼 즐겼기에 전 이렇게 조용한 곳에서 자연을 느끼면서 보내는 시간이 더 좋은거 같아요~ 여러분들은 어떤 시간을 보내고 계신가요?? 이제는 모두 바쁜 생활로 돌아가야 할 시간이죠?? 남은시간 멋지게 보내고 준비하세요~💗💗,[]
24,쇼핑은 빠질 수 없겠죠?? 🤔🤔쇼핑은 기분전환도 되지만 또 다른 이유로는 동기부여도 됩니다~ 이 생활을 그대로 유지하기 위해서 더 열심히 해야되니까요~ 하지만 과한 쇼핑은 동기부여가 아니라 오히려  독이 될 수 있으니 쇼핑을 즐길때도 많은 부분은 생각하면서 하셔야해요~🙈 남들보다 한발 앞서고 더 부지런해야지만 발전도 할 수 있고 생활도 변화 되는 부분이니 항상 노력하면서 멋진 생활로 바꿔보세요^^✊❤️,[]
25,오늘 점심은 연어회먹엇어요 ^^ 너무 맛있네요,[]
26,서킷타러 오라고 하시길래 갔는데나도 내가 너무웃김....ㅋㅋㅋㅋㅋㅋㅋㅋㅋㅋㅋㅋㅋㅋㅋㅋㅋ세상 공주처럼 치마입고감...달리다 봤을때 220이였는데집에왔더니 몸살나서 누워있음재밌는데 아쉽당296Gts코너링 미쳤음그냥 착붙어서 감,[]
27,"♦♦성공적인 투자에는두 가지만 알고계시면 됩니다.원금보장이 가능한 투자사투자정보지식이 뚜렷한 전문가.원김손실이 일어난다면안전한 투자가 아닙니다.또한 투자정보의 지식이 부족하다면성공적이 투자를 실현 할수 없습니다.저는 자신 있거든요.원금보장100%,수익창출100%큰 메리트있는 재테크!♣♣이러한 분들은 상담만으로도큰 도움이 되실겁니다!-투자금에 대한 손실거정-투자정보의 지식부족-본업과 동시에 부업을 가지고싶으신 .분.-변화된 삶을 살아가고싶은 .분.지금 바로 문의주세요!",[]
28,⭐ ⭐ 기회를 찾아야 기회를 만든다. 작은 기회로부터 종종 위대한 업적이 시작된다.\ 아무리 위대한  천재의 능력일지라도 기회가 없으면 소용이 없다.,[]
29,출처 한국경제재미보실 분들 연락주세요😁널리 고객을 이롭게 하라#리얼티코리아 중개법인 김홍식팀장02.511.6193kakao  skyhongs131DM문의 환영---- 공식 부동산 투자자문 협력사 ----#국민은행 #우리은행 #농협은행 ...#서울 #빌딩매매 #사옥매매 #토지매매#투자자문 #신축 #리모델링 #건물주,"['#리얼티코리아', '#국민은행', '#우리은행', '#농협은행', '#서울', '#빌딩매매', '#사옥매매', '#토지매매', '#투자자문', '#신축', '#리모델링', '#건물주']"
30,🌟캠퍼스스타19기🌟서울경기2팀 ‘’𝕐𝟚𝕂‘’를 소개합니다🫶🏻안녕하세요! 캠퍼스스타19기 팀𝕐𝟚𝕂입니다.𝕐𝟚𝕂의 열정과 젊음👏🏻을 담당하는 똑똑이 막내 ::홍서현::을 소개합니다🌟평화주의자 🄴🅂🄵🄹 ::홍서현::의 활약 많이 기대해주세요💛#Y2K #홍서현 #국민은행 #KB국민은행#캠퍼스스타 #캠스19기@kbkbkb_official,"['#Y2K', '#홍서현', '#국민은행', '#KB국민은행', '#캠퍼스스타', '#캠스19기@kbkbkb_official']"
31,🌟캠퍼스스타19기🌟서울경기2팀 ‘’𝕐𝟚𝕂‘’를 소개합니다🫶🏻안녕하세요! 캠퍼스스타19기 팀𝕐𝟚𝕂입니다.𝕐𝟚𝕂의 브레인🧠을 담당하는 아이디어 뱅크 ::황성민::을 소개합니다🌟다정다감 🄴🅂🄵🄹 ::황성민::의 활약 많이 기대해주세요💛#Y2K #황성민 #국민은행 #KB국민은행#캠퍼스스타 #캠스19기@kbkbkb_official,"['#Y2K', '#황성민', '#국민은행', '#KB국민은행', '#캠퍼스스타', '#캠스19기@kbkbkb_official']"
32,🌟캠퍼스스타19기🌟서울경기2팀 ‘’𝕐𝟚𝕂‘’를 소개합니다🫶🏻안녕하세요! 캠퍼스스타19기 팀𝕐𝟚𝕂입니다.𝕐𝟚𝕂의 분위기메이커⚡️를 담당하는 정신적 지주 ::최정우::을 소개합니다🌟오락반장 🄴🅂🅃🄹 ::최정우::의 활약 많이 기대해주세요💛#Y2K #최정우 #국민은행 #KB국민은행#캠퍼스스타 #캠스19기@kbkbkb_official,"['#Y2K', '#최정우', '#국민은행', '#KB국민은행', '#캠퍼스스타', '#캠스19기@kbkbkb_official']"
33,🌟캠퍼스스타19기🌟서울경기2팀 ‘’𝕐𝟚𝕂‘’를 소개합니다🫶🏻안녕하세요! 캠퍼스스타19기 팀𝕐𝟚𝕂입니다.𝕐𝟚𝕂의 전자두뇌🧾를 담당하는 총무 ::김지윤::을 소개합니다🌟알쓸신잡🄴🄽🅃🄿 ::김지윤::의 활약 많이 기대해주세요💛#Y2K #김지윤 #국민은행 #KB국민은행#캠퍼스스타 #캠스19기@kbkbkb_official,"['#Y2K', '#김지윤', '#국민은행', '#KB국민은행', '#캠퍼스스타', '#캠스19기@kbkbkb_official']"
34,🌟캠퍼스스타19기🌟서울경기2팀 ‘’𝕐𝟚𝕂‘’를 소개합니다🫶🏻안녕하세요! 캠퍼스스타19기 팀𝕐𝟚𝕂입니다.𝕐𝟚𝕂의 첫째 잘생김✨을  담당하는 마음 따뜻한 어르신 ::김재현::을 소개합니다🌟공감왕 🄸🄽🄵🄹 ::김재현::의 활약 많이 기대해주세요💛#Y2K #김재현 #국민은행 #KB국민은행#캠퍼스스타 #캠스19기@kbkbkb_official,"['#Y2K', '#김재현', '#국민은행', '#KB국민은행', '#캠퍼스스타', '#캠스19기@kbkbkb_official']"
35,🌟캠퍼스스타19기🌟서울경기2팀 ‘’𝕐𝟚𝕂‘’를 소개합니다🫶🏻안녕하세요! 캠퍼스스타19기 팀𝕐𝟚𝕂입니다.𝕐𝟚𝕂의 기둥⚓️ 든든한 팀장 ::심형섭::을 소개합니다🌟열정 가득한 🄴🄽🄵🄿 ::심형섭::의 활약 많이 기대해주세요💛#Y2K #심형섭 #국민은행 #KB국민은행#캠퍼스스타 #캠스19기@kbkbkb_official,"['#Y2K', '#심형섭', '#국민은행', '#KB국민은행', '#캠퍼스스타', '#캠스19기@kbkbkb_official']"
36,분위기를 즐기며 와인을 즐겨요~😘😘 이제는 분위기 좋은 곳에서 와인을 즐기는게 저의 일상이 되었네요~🍽🍽💕💕 이번 여름에 여러분들에게는 특별한 일상이 생기지 않았나요?? 전 이번휴가에 저의 일상이 조금 더 급이 높아진거 같아서 마음에 들어요~ 하지만 새로운 부분을 일상생활로 유지하려면 평소보다 더 열심히~ 더 발전을 해야 유지를 할 수 있겠죠?? 전 이번여름 스스로 동기부여를 멋지게 했다고 생각하고 있어요~ 더 많은 부분 발전해서 더 좋은 삶을 만들어볼게요 ^^🥂🥂🥂🥂❣️❣️❣️,[]
37,분위기를 즐기며 와인을 즐겨요~😘😘 이제는 분위기 좋은 곳에서 와인을 즐기는게 저의 일상이 되었네요~🍽🍽💕💕 이번 여름에 여러분들에게는 특별한 일상이 생기지 않았나요?? 전 이번휴가에 저의 일상이 조금 더 급이 높아진거 같아서 마음에 들어요~ 하지만 새로운 부분을 일상생활로 유지하려면 평소보다 더 열심히~ 더 발전을 해야 유지를 할 수 있겠죠?? 전 이번여름 스스로 동기부여를 멋지게 했다고 생각하고 있어요~ 더 많은 부분 발전해서 더 좋은 삶을 만들어볼게요 ^^🥂🥂🥂🥂❣️❣️❣️,[]
38,✨SAMSISEKKI_프로필_지연#SAMSISEKKI#WooJiyeon#삼시세끼#우지연#국민은행#kookminbank#kb캠퍼스스타19#kbcampusstar19#르세라핌 #🥄,"['#SAMSISEKKI', '#WooJiyeon', '#삼시세끼', '#우지연', '#국민은행', '#kookminbank', '#kb캠퍼스스타19', '#kbcampusstar19', '#르세라핌', '#🥄']"
39,✨SAMSISEKKI_프로필_수빈#SAMSISEKKI#LeeSubin#삼시세끼#이수빈#국민은행#kookminbank#kb캠퍼스스타19#kbcampusstar19#르세라핌 #🥄,"['#SAMSISEKKI', '#LeeSubin', '#삼시세끼', '#이수빈', '#국민은행', '#kookminbank', '#kb캠퍼스스타19', '#kbcampusstar19', '#르세라핌', '#🥄']"
40,✨SAMSISEKKI_프로필_재은#SAMSISEKKI#ChoiJaeeun#삼시세끼#최재은#국민은행#kookminbank#kb캠퍼스스타19#kbcampusstar19#르세라핌 #🥄,"['#SAMSISEKKI', '#ChoiJaeeun', '#삼시세끼', '#최재은', '#국민은행', '#kookminbank', '#kb캠퍼스스타19', '#kbcampusstar19', '#르세라핌', '#🥄']"
41,✨SAMSISEKKI_프로필_윤재#SAMSISEKKI#SeoYunjae#삼시세끼#서윤재#국민은행#kookminbank#kb캠퍼스스타19#kbcampusstar19#르세라핌 #🥄,"['#SAMSISEKKI', '#SeoYunjae', '#삼시세끼', '#서윤재', '#국민은행', '#kookminbank', '#kb캠퍼스스타19', '#kbcampusstar19', '#르세라핌', '#🥄']"
42,✨SAMSISEKKI_프로필_승현#SAMSISEKKI#KaSeunghyeon#삼시세끼#가승현#국민은행#kookminbank#kb캠퍼스스타19#kbcampusstar19#르세라핌 #🥄,"['#SAMSISEKKI', '#KaSeunghyeon', '#삼시세끼', '#가승현', '#국민은행', '#kookminbank', '#kb캠퍼스스타19', '#kbcampusstar19', '#르세라핌', '#🥄']"
43,✨SAMSISEKKI_프로필_희수 #SAMSISEKKI#Yangheesue#삼시세끼#양희수#국민은행#kookminbank#kb캠퍼스스타19#kbcampusstar19#르세라핌 #🥄,"['#SAMSISEKKI', '#Yangheesue', '#삼시세끼', '#양희수', '#국민은행', '#kookminbank', '#kb캠퍼스스타19', '#kbcampusstar19', '#르세라핌', '#🥄']"
44,오늘은 달콤 함으로 ~  최고의 기분을 느껴볼거예요~ 가끔은 달콤함에 젖어보는것도 괜찮겠죠?? 🤗🍰전 가끔 달콤함이 생각날때 친구와 함께 꼭 이렇게 멋진 티타임을 가져요~ 오늘은 기분을 한껏 좋게 만들고 ~ 친구와 함께 멋진 시간을 보내볼게요~ 시간은 항상 알차게 보내야 하는거 아시죠??😆😆 멋진 시간을 스스로 만들어 즐겨보세요~🙈,[]
45,❤️,[]
46,복숭아빙수 🍑🍧맛있는데 넘 부족했어담엔 1인1빙수 시키는걸로,[]
47,친구와 함께 티타임을 즐기며~ 푸짐한 간식까지 함께해요~ 오늘은 어떤 좋은일이 생기려는지 달콤한 것들이 많이 생각이 나네요~ 달콤함으로 기분을 한껏 올려서 시간을 보낼거예요~ 기분이 좋을땐 좋은일이 함께 찾아 오는거 아시죠?? 여러분들도 스스로 좋은일이 생길 수 있게~ 기분을 만들어보세요~💗💗,[]
48,친구와 함께 티타임을 즐기며~ 푸짐한 간식까지 함께해요~ 오늘은 어떤 좋은일이 생기려는지 달콤한 것들이 많이 생각이 나네요~ 달콤함으로 기분을 한껏 올려서 시간을 보낼거예요~ 기분이 좋을땐 좋은일이 함께 찾아 오는거 아시죠?? 여러분들도 스스로 좋은일이 생길 수 있게~ 기분을 만들어보세요~💗💗,[]
49,"정보화시대에 맞춰 변해가는 재테크여러분들은 지금 현재 어떤 재테크에 투자하셨나요?은행 재테크.- 낮은 금리, 투자 대비 떨어지는 효율성주식 재테크 - 하이리턴, 하이리스크 원금손실의 위험 성부동산 재테크 부족한 정보력으로 인한 원금손실보장 수익률 100%로 걱정없는 안전한 부업 지금 안내해드립니다.좋아하는 일에최선을 다하기나를 믿고 따라와 주시는 고객분들께항상 감사한 마음 지니기😁마땅히 투자할만한 종목이 없어 망설여지신다면 부담 갖지마시고 찾아주세요정직하고 올바르게 상담해 드리겠습니다💪💪",[]
50,LV🤎,[]
51,오늘 코디 어떤가요?? 🙈좀 화려하면서 세련되 보이나요??😎 오늘의 저의 컨셉은 부잣집 며느리랍니다~ 최근 휴가기간을 즐기면서 편안한 코디로만 다녔기에 오늘은 분위기 반전을 해봤어요~  여자는 어떤 코디에 따라서 분위기가 확 달라지는거 아시죠??🤔 이제는 일상으로 복귀 할 시간이 많이 남지 않았어요~ 미리미리 모든 분위기에 적응해서 복귀 했을때 낯선 느낌 받으면 안되겠죠?? 일상으로 돌아갈 준비를 저와 함께해요~👊,[]
52,#버블클렌저#헤어핀#솔로그램#손톱연장#국민은행#반려동물타투#예비맘소통#국가고시#딸기요거트#체코여행#계산동카페#청라네일잘하는곳#감성그림#여친과#세계여성의날,"['#버블클렌저', '#헤어핀', '#솔로그램', '#손톱연장', '#국민은행', '#반려동물타투', '#예비맘소통', '#국가고시', '#딸기요거트', '#체코여행', '#계산동카페', '#청라네일잘하는곳', '#감성그림', '#여친과', '#세계여성의날']"
53,#버블클렌저#헤어핀#솔로그램#손톱연장#국민은행#반려동물타투#예비맘소통#국가고시#딸기요거트#체코여행#계산동카페#청라네일잘하는곳#감성그림#여친과#세계여성의날,"['#버블클렌저', '#헤어핀', '#솔로그램', '#손톱연장', '#국민은행', '#반려동물타투', '#예비맘소통', '#국가고시', '#딸기요거트', '#체코여행', '#계산동카페', '#청라네일잘하는곳', '#감성그림', '#여친과', '#세계여성의날']"
54,👏,[]
55,"안녕하세요. 대전사랑의열매입니다!지난 7월 20일에 KB국민은행대전은행동종합금융센터에서 태평2경로당의 노후된 냉장고 지원을 위해 300만원의 성금을 기탁해 주셨습니다!KB국민은행대전은행동종합금융센터는 여름철 지역 어르신들을 위한 사회공헌활동을 고민하던 중, 노후된 냉장고로 냉방효과가 미비하여 불편을 겪는 태평2경로당 어르신들의 어려움을 알고 기탁하셨다고 합니다.어르신들의 어려움에 공감하여 나눔에 함께 해주셔서 감사드립니다.#KB국민은행대전은행동종합금융센터 #국민은행 #대전사랑의열매 #사랑의열매 #대전사회복지공동모금회 #대전 #기부 #나눔","['#KB국민은행대전은행동종합금융센터', '#국민은행', '#대전사랑의열매', '#사랑의열매', '#대전사회복지공동모금회', '#대전', '#기부', '#나눔']"
56,상담문의가 많아 답변이 늦어지는 점 죄송합니다! 순차적으로 상담 도와드리고 있으니 기다려주시면 모두 확인 하겠습니다ㅜㅜ 프로필에 카카오톡 링크로 상담주시면 훨씬 빠른 상담진행 가능하십니다! 오늘 하루도 수고하셨습니다♡,[]
57,"<좋은강안병원xKB국민은행 커피차 행사💛>8월 16일(수), 좋은강안병원 임직원을 위해 KB국민은행 연산동종합금융센터에서 커피차를 제공해주셨습니다 🥰이번 행사는 오전 7시-9시까지 직원대상으로 음료 및 쿠키를 제공했는데요.좋은강안인들 모두 시원한 음료 및 간식으로 힘찬 수요일 보내시길 바라겠습니다 👍🏻💗",[]
58,만보걷기8일차너무 무리햇는지..내다리가 내다리가 아니네~.~#만보걷기#토스#국민은행#캐쉬워크#머니워크,"['#만보걷기', '#토스', '#국민은행', '#캐쉬워크', '#머니워크']"
59,#2023년 #8월#이사 #신차 #중고차 #렌트카 #사고수리 #공업사 #사고대차#보험수리 .#좋은사람 #좋은자리 #나선욱 #유튜버,"['#2023년', '#8월', '#이사', '#신차', '#중고차', '#렌트카', '#사고수리', '#공업사', '#사고대차', '#보험수리', '#좋은사람', '#좋은자리', '#나선욱', '#유튜버']"
60,"Yang udah ga sabar nonton konser SMTOWN LIVE 2023 angkat tangan! Kita nyanyi bareng dulu yuk~ Yang tau ini lagu siapa, langsung komen deh! #KB국민은행 #국민은행 #KB#SMTOWN_LIVE_2023_SMCU_PALACE_JAKARTA #SMTOWN_LIVE_2023_JAKARTA #SMCU_PALACE#SMTOWN_LIVE #SMTOWN #SMCU #KBBank #KBBukopin","['#KB국민은행', '#국민은행', '#KB', '#SMTOWN_LIVE_2023_SMCU_PALACE_JAKARTA', '#SMTOWN_LIVE_2023_JAKARTA', '#SMCU_PALACE', '#SMTOWN_LIVE', '#SMTOWN', '#SMCU', '#KBBank', '#KBBukopin']"
61,저녁은 가족들이랑 같이 외식햇어요~^^ 이쁜아이도 엄청 잘먹네요,[]
62,오늘 쇼핑햐 가방 어때요? 😘😘오늘은 조금특별해서 그런지 쇼핑한가방까지 특별해보이네요 역시 어떤 마음가짐을 가지느냐에따라 기분이 달라지는거 같아요~  오늘 어떤시간들을 보내고 계신가요?? 뜻깊게 시간을 보내면서 마음속깊게 되새기고 계신가요?? 그런마음을 가져야 진짜 멋진 사람이 아닐까요??💗💗💗,[]
63,오늘은 마음이시키는대로 쇼핑했어요~ 하지만 기본적으로 생각해야 할 부분은 생각하고 쇼핑했어요~ 오늘은 마음이 시키는대로 자유를 누려볼래요~ 오늘은 대한민국 국민이라면 모두 감사하는 마음으로 하루를 보내야되겠죠?? 오늘은 감사하는 마음으로 뜻깊은 하루를 보내세요~ 아이들에게도 오늘이 어떤 날인지 꼭 알려주시구요~ 이렇게 자유를 누릴 수 있게 해주셔서 정말 감사합니다 ~🌺🌺,[]
64,"성공하고 싶으세요? 남들과 같게 일하면서 더 잘되고자 한다면 그건 말도안된다는거 잘아실거에용 :) . 남들과 다른 방법으로 도전했어요 👏🏻 해보지않고서는 알수 없죠?? 요즘 제가 하는 일을 하고 싶어하시는 분들 너무 많으세요 그만큼 내 삶을 즐기며 내가 원하는때에 일하면서도 남들월급을 하루에 벌고있으니까요 . 이젠 즐기면서 하고싶은거 하며, 먹고싶은거 먹으며, 사고싶은거 사며 즐겁게 일하고있어요 🙂 . 나만 잘되지않아요 수많은 울 멘티님들도 좋은결과로 뿌듯 :) 즐겁게 열심히 따라오지 않으실분 사양해요🤦🏻‍♀️ 삶이 바뀌길 원하시면 도전하세요💕 . 프로필 하단 오픈톡으로 1:1 무료상담",[]
65,회원님의 동의를 받은 실제 후기입니다작은 용기가 인생을 바꿉니다!저랑 함께 부자 되실분~~망설이는 이순간에도 누군가는한발 앞서 나아가고 있습니다~투자는 즐겁게~!!! 수익은 꾸준하게~!!!지인분 소개 아니더라도 편하게 문의주세요,[]
66,한끼 식사를 즐겨도 더 멋지고 알차게 즐겨야겠죠??😎 요즘 평소에도 많이 즐기고 있자만  오늘은 즐기더라도 조금 다른 마음가짐으로 하루를 보내신다면 좋지 않을까요??😉 오늘 같은 날 집에서 시간을 의미 없이 보낸다면 이런 날을 있게 만들어주신 분들의 노력이 허무하지 않을까요??🤔 오늘은 매시간 매분 매초 뜻을 새기면서 알차게 보내세요~ 이렇게 즐기고 누릴 수 있게 만들어 주신 분들에게 감사하는 마음을 전하면서요~ 그렇다면 오늘 하루는 정말 뜻깊은 하루가 될 수 있을거예요 ^^👏👏,[]
67,🔥🔥,[]
68,🫧어젠 태풍 때문에 난리였는데눈도 제대로 못뜰만큼 오늘은 날씨 너무 좋다-맛점하구 광합성 쐬는중 🌞..#국민은행 #kb,"['#국민은행', '#kb']"
69,"기회는 자기 자신이 만드는 것이 아니라, 왔을 때 잡는 것입니다. 평소 투자분야의 관심이 많았지만 투자정보지식이 부족하거나, 원금손실의 대해 걱정을 가지고 계셨던 분들의 맞춤투자아이템을 소개해드리려합니다. 원금손실 걱정없는 안전한 투자, 지금 바로 시작하세요 !",[]
70,찐 애정이 듬뿍담긴 사진들 🎂🤍분위기도 너무 예쁘구 오랜만에음식까지도 다 맘에들었던 곳이에요 #글로드아직 생일도 오기전인데만나는사람들마다 축하받는 요즘너어무 고마워 🤍,['#글로드아직']
71,"🇰🇷오늘은 제78주년, 8월 15일 광복절입니다.빛을 되찾게 된 가장 기쁘고 아름다운 날광복(光 빛 '광', 復 회복할 '복')오늘을 있게 한 건 독립영웅분들의 숭고한 희생 덕분입니다.광복절을 맞아 독립영웅분들께감사한 하루를 보내보세요!지금 댓글로 🖤❤💙🤍 태극 하트를 달고마음을 전해주세요.독립영웅분들 고맙습니다.🖤❤💙🤍잊지 않겠습니다광복절을 맞이해 특별 영상을 프로필 링크에업로드 하였으니 많은 시청 부탁드립니다:)#국민은행 #KB국민은행 #KB스타프렌즈#광복절 #태극하트","['#국민은행', '#KB국민은행', '#KB스타프렌즈', '#광복절', '#태극하트']"
72,아이들 주식 계좌를 만들어 줬다얼마전 아이들 지갑을 열어 보니현금이 꽤 많이 모여있었다그냥 놔두기 너무 아까운데..아이들 주식 계좌를 만들어 주기로 했다워렌버핏이 말한 미국S&P지수를 무지성으로 꾸준히 아이들 계좌에 모아보자골드만 삭스 AI가 S&P향후 10년 수익률이30%이상은 된다고 하니 예금보다 나은것 같다은행 온 김에 동전 모아둔 것과 지폐를저금도 하고 왔다둘찌는 기다리는것이 지겨웠는지 졸고 있네😆경제공부 조금씩 시켜주기#주식계좌개설 #아이들과함께 #은행#경제공부 #경제공부습관만들기#미국etf #미국나스닥 #에스앤피 #형제스타그램 #아이들경제교육 #국민은행 #kb증권 #저금 #형제스타그램 #아빠일기 #아빠육아 #아빠랑놀기 #아이경제지능키우기 #초딩아빠 #초딩일상 #일상공유 #좋아요감사합니다🙇🏻‍♀️❤️ #첫줄안녕,"['#주식계좌개설', '#아이들과함께', '#은행', '#경제공부', '#경제공부습관만들기', '#미국etf', '#미국나스닥', '#에스앤피', '#형제스타그램', '#아이들경제교육', '#국민은행', '#kb증권', '#저금', '#형제스타그램', '#아빠일기', '#아빠육아', '#아빠랑놀기', '#아이경제지능키우기', '#초딩아빠', '#초딩일상', '#일상공유', '#좋아요감사합니다🙇🏻\u200d♀️❤️', '#첫줄안녕']"
73,"🌟 KB 국민은행 캠퍼스스타 19기 Kㅏ피Bㅏ라 유은진 🌟안녕하세요! KB캠퍼스스타 19기 유은진입니다. 오늘은 인스타그램 스토리 형식을 통해 KB캠퍼스스타 웰컴 키트 소개를 해보았습니다. 한눈에 알아보기 쉽도록 정리해 봤는데 어떠신가요? 너무나 탐나는 아이템들로 구성되어 있지 않나요~ 제가 입고 있는 노란색 반팔 티셔츠, 임명장까지 웰컴 키트 속에 함께 담겨 있었습니다! 임기가 끝날 때까지 야무지게 사용해 보겠습니다🥹앞으로 더 다양한 콘텐츠들을 가져올 예정이니 많은 기대 부탁드립니다 :-) 캠스 파이팅💛 Kㅏ피Bㅏ라 파이팅🤎@kbcams19_kapybara @kbkbkb_official @kbkookminbank #캠퍼스스타 #캠퍼스스타19기 #국민은행 #캠스 #대외활동 #웰컴키트 #kb캠퍼스스타","['#캠퍼스스타', '#캠퍼스스타19기', '#국민은행', '#캠스', '#대외활동', '#웰컴키트', '#kb캠퍼스스타']"
74,"🌟KB 국민은행 캠퍼스스타 19기 Kㅏ피Bㅏ라 유은진🌟안녕하세요! KB캠퍼스스타 19기 유은진입니다. 좋은 기회를 얻어 2023년 8월부터 11월까지 약 4개월간 캠퍼스스타 19기 부산경남팀 ’Kㅏ피Bㅏ라‘로 활동하게 되었습니다! 오늘은 카드 뉴스를 통해, 지난 8월 4일 금요일 국민은행 여의도 신관에서 진행되었던 캠퍼스스타 19기 발대식 소개를 해보았습니다. 앞으로 다양한 콘텐츠들을 열심히 가져올 예정이니 많은 기대 부탁드립니다 :-) 캠스 파이팅💛 Kㅏ피Bㅏ라 파이팅🤎@kbcams19_kapybara @kbkbkb_official @kbkookminbank #대외활동 #kb캠퍼스스타 #kb캠퍼스스타19기 #국민은행 #캠스","['#대외활동', '#kb캠퍼스스타', '#kb캠퍼스스타19기', '#국민은행', '#캠스']"
75,#국 #국민 #국이 #국제커플 #국뷔 #국가대표 #국립현대미술관 #국립현대미술관서울관 #국립현대미술관서울관 #국어임용 #국가직 #국가직 #국민은행 #국민육아템 #국악 #국민의힘 #국밥맛집 #국회의원 #국제갤러리 #국민의힘 #국제결혼 #국물 #채소요리 #채소과일식 #채소꾸러미 #채소소믈리에정소이 #채소식탁 #채소요리전문가 #채소말랭이 #채소소믈리에정소이 #채소소믈리에정소이 #채소말랭이 #채소가게 #southkoreatrip #southkoreatravel #southkorea🇰🇷,"['#국', '#국민', '#국이', '#국제커플', '#국뷔', '#국가대표', '#국립현대미술관', '#국립현대미술관서울관', '#국립현대미술관서울관', '#국어임용', '#국가직', '#국가직', '#국민은행', '#국민육아템', '#국악', '#국민의힘', '#국밥맛집', '#국회의원', '#국제갤러리', '#국민의힘', '#국제결혼', '#국물', '#채소요리', '#채소과일식', '#채소꾸러미', '#채소소믈리에정소이', '#채소식탁', '#채소요리전문가', '#채소말랭이', '#채소소믈리에정소이', '#채소소믈리에정소이', '#채소말랭이', '#채소가게', '#southkoreatrip', '#southkoreatravel', '#southkorea🇰🇷']"
76,😍😍😍 Cutest bank manager 🥰Repost @soop_boss #KB9To6Bank #9To6Bank #나인투식스뱅크#공유 #박은빈 #KB국민은행#국민은행 #영업시간 #여섯시은행 #은행시간#9to6 #나인투식스 #은행영업시간===================#gongyoo #gongjicheol #コンユ #コン #멋진꽁 #꽁님 #공유 #공지철 #孔地哲 #孔劉 #孔劉 #ggong #꽁 #꽁님 #빋타민 @gongyoo_official #국민남편 #덕질,"['#KB9To6Bank', '#9To6Bank', '#나인투식스뱅크', '#공유', '#박은빈', '#KB국민은행', '#국민은행', '#영업시간', '#여섯시은행', '#은행시간', '#9to6', '#나인투식스', '#은행영업시간===================', '#gongyoo', '#gongjicheol', '#コンユ', '#コン', '#멋진꽁', '#꽁님', '#공유', '#공지철', '#孔地哲', '#孔劉', '#孔劉', '#ggong', '#꽁', '#꽁님', '#빋타민', '#국민남편', '#덕질']"
77,"1차를 넘어~2차를 넘어~3차를 넘어~금매달 단기예금특판 또한 성공리에 마치고4차 금매달 단기예금특판이 다시 돌아왔습니다!🥇🥇금매달 단기예금특판🥇🥇험난한 금융변동기를 겪고 있는 모든 분들이좋은 상품을 찾는 동안에도 이자 혜택을 누릴 수 있도록!저희 팽성농협이매 달 15일! 우대금리를 드립니다!🎈🎈🎈행사안내🎈🎈🎈1️⃣ 특판 일시 : 2023.08.15.(화) 09:00 ~ 2023.08.31.(목) 23:002️⃣ 특판 상품 : 비대면 정기예탁금(관리점 : 팽성농협)3️⃣ 계약 기간 : 1개월 만기(단일)4️⃣ 특판 금리 : 최대 3.8%(기본금리 2.7+우대금리 1.0+비대면우대금리 0.1)5️⃣ 가입 대상 : 개인(법인 고객 가입 불가)많은 관심 부탁드립니다 :)🎈🎈🎈가입방법🎈🎈🎈1️⃣NH스마트뱅킹 애플리케이션을 설치한다!👇👇👇설치가 안 되셨다면👇👇👇▶▶▶ (안드로이드) https://url.kr/gwukdx▶▶▶ (iOS) https://url.kr/jidc1y2️⃣ [금융상품몰] 카테고리에 접속한다!3️⃣ [농축협 특판상품] 탭으로 접속한다!4️⃣ 관리점이 '팽성농협'인 특판을 찾아 가입한다!❗❗❗단! 한 가지만 주의해주세요❗❗❗해당 특판은 NH스마트뱅킹(애플리케이션)을 통해서만 가입이 가능합니다.NH콕뱅크, NH올원뱅크, 인터넷뱅킹으로는 가입이 어려우니NH스마트뱅킹 애플리케이션을 이용해주시기 바랍니다.🟩팽성농협 네이버 블로그https://blog.naver.com/nh205029-1🟥팽성농협 유튜브 채널https://www.youtube.com/@user-vb2tl2qj5t🟪팽성농협 인스타그램https://www.instagram.com/paengnong_official/[팽성농협 본점]🗺️ 경기도 평택시 팽성읍 동서촌로 90📱 031-691-8831[팽성농협 안송지점]🗺️ 경기 평택시 팽성읍 안정순환로104번길 35 파라디아 오피스텔 1층 107호📱 031-691-8836[팽성농협 본정지점]🗺️ 경기 평택시 팽성읍 본정2길 23📱 031-691-7402",[]
78,오늘따라 모든게 다 이뻐보이고 전부 쇼핑 하고 싶은 걸까요?? 🙈하지만 충동구매가 될 수 있으니 여러가지를 고려해서 필요한 부분만 쇼핑해야겠어요~ 제가 요즘 즐기는것에 너무 치충을 해왔던거 같아요~ 하지만 즐기는 부분은 그동안 노력에 대한 보상이며 또 남은 시간들을 더 멋지게 발전하기 위한 동기부여기에 아낌없이 투자를 해야겠죠?? ✊✊하지만 투자를 하더라도 필요한 부분에 투자를 해야 해요~ 충동구매는 오히려 독이 될 수 있으니 쇼핑을 할때는 한번 더 생각하면서 즐기세요~ 👏,[]
79,물놀이를 즐기면서 잠시 쉬고 있어요~ 쉬어 가는 시간은 항상 있어야 하는거 아시죠?? 아직까지는 더위가 모두 지나간 부분이 아니기에 모든 부분을 똑같이 생각하면서 즐겨야해요~ 이제는 즐기는 부분도 거의 끝이나고 있네요~ 하지만 하루 하루가 소중하기에 전 아직 까지 더 즐기고 있답니다~ 가까운곳에서 소중한 사람들과 알찬 시간을 보내보세요~ 그것만큼 좋은 시간은 없을테니까요 ^^🌺🌺,[]
80,가까운곳에서도 이렇게 기분을 즐길 수 있어요~😉 커피도 한잔 하면서 이렇게 거닐면 정말 기분이 좋아요~ 어떻게보면 가벼운 운동이죠??🌿✨ 편안하게 커피 한잔 즐기면서 거닐어 보세요~ 그동안 바쁘게 움직이면서 즐겼다면 지금 시기에는 여유있게 편안히 즐겨야겠죠?? 이제는 시간에 쫓기지 않아요~ 가까운곳을 찾아다니면서 여유 있는 즐거움을 만끽할거예요~ 남은 시간 여러분들도 멋지게 시간을 즐겨보세요~👏🚶‍♀️🚶‍♀️,[]
81,😎 징검다리 연휴에도 쉬지 않고 바뀌는시중 5대 은행의 주택담보대 최저금리!! 🎉지금 알아볼까요?? 👉 금리정보는 이미지에서 확인해보세요!* 8월 14일 기준입니다.* 고객님의 조건에 따라서 변동이 있을 수 있으니필요하다면 꼭 뱅크몰에서 정확하게 확인해보세요!* 출처 : 각 금융사 홈페이지 금리 공시 자료☑️ 뱅크몰 광고 심의필230724-02235(2023.07.24~2024.07.23)......#경제 #금융 #앱테크 #재테크 #금리 #은행 #5대은행 #금리정보 #이자 #은행정보 #금융정보 #경제정보 #뉴스 #경제뉴스 #부동산 #주택담보대출 #국민은행 #우리은행 #신한은행 #농협 #하나은행,"['#경제', '#금융', '#앱테크', '#재테크', '#금리', '#은행', '#5대은행', '#금리정보', '#이자', '#은행정보', '#금융정보', '#경제정보', '#뉴스', '#경제뉴스', '#부동산', '#주택담보대출', '#국민은행', '#우리은행', '#신한은행', '#농협', '#하나은행']"
82,"Posted @withregram • @kbkookminbank 2시간 더! 가까이 더!KB 9To6 Bank🏦저녁 6시까지 열려있고, 전국 82개 지점으로 더 가까워진여섯시은행을 만나보세요⭐👉네이버지도, 카카오맵에서 ’여섯시은행‘을 검색해보세요고객을 위해 은행의 시간을 바꾸다KB국민은행※ 2023년 8월 1일부터 전국 82개 지점으로 확대 운영됩니다.※ 16시 이후에는 개인고객 상담업무만 가능하며, 타기관 연계 처리 업무는 시간에 따라 일부 제한될 수 있습니다.※ 기타 자세한 사항은 KB국민은행 고객센터(☎1588-9999) 및 홈페이지(www.kbstar.com)을 참조하시기 바랍니다.#KB9To6Bank #9To6Bank #나인투식스뱅크#공유 #박은빈 #KB국민은행 #국민은행 #영업시간 #여섯시은행 #은행시간 #9to6 #나인투식스 #은행영업시간#gongyoo #gongjicheol #gongyooholic #gongyooactor #gongyoolover ##공유 #공지철","['#KB9To6Bank', '#9To6Bank', '#나인투식스뱅크', '#공유', '#박은빈', '#KB국민은행', '#국민은행', '#영업시간', '#여섯시은행', '#은행시간', '#9to6', '#나인투식스', '#은행영업시간', '#gongyoo', '#gongjicheol', '#gongyooholic', '#gongyooactor', '#gongyoolover', '#공유', '#공지철']"
83,🔥,[]
84,아침에는 간단히 집에서 건강식으로 먹었어요,[]
85,✅ 요즘 안전구간이 좋을때 언능 진행하세요 ^^ ✅ 시간장소 제약없이 초보자도 바로바로 수익가능 ^^! 🌸 시간 장소 제약없이 언제 어디서나 누구나 가능! 🌸 원금은  보장 ! 수수료는  후불제 ! 💝1:1 상담연결은 프로필 하단 오픈톡으로 문의바랍니다 ^ ^,[]
86,🌟🌟일단 기회라고 생각되면 그 기회를 활용하자. 좋은 기회는 좀처럼 생기지 않으며 쉽사리 잃는다. 현명한 사람은 기회를 행운으로 만든다.기회는 지금이다. 미루면 곤란해질 뿐이다.일단 기회라고 생각되면 그 기회를 활용하자.,[]
87,⭐⭐기회를 찾아야 기회를 만든다.작은 기회로부터종종 위대한 업적이 시작된다.아무리 위대한 천재의 능력일지라도기회가 없으면 소용이 없다.,[]
88,다들 좋은주말 보내셧죠~ ^^ 오늘은 그림관으로 출근~,[]
89,운동전 한끼~배부르다~ㅎㅎ#새벽운동#만보걷기#토스 #국민은행 매일걷기#다이어트#목표9키로감량#마루목표3.2키로,"['#새벽운동', '#만보걷기', '#토스', '#국민은행', '#다이어트', '#목표9키로감량', '#마루목표3.2키로']"
90,"안녕하세요:)💫KB국민은행 대학생 홍보대사💫 #KB캠퍼스스타 19기 대구경북팀 이수진입니다:) 여러분들이 알지 못 했던 국민은행의 ⭐️난 장점들, 유익하고 재밌는 콘텐츠로 찾아올 예정이니 많관부🫶🏻마지막으로 저희 대구경북팀 💚@kbcams19_dmz",['#KB캠퍼스스타']
91,낮에 즐기는 물놀이보다는 밤에 즐기는 물놀이도 좋은거 같아요~ 👏걱정없이 편안하게 즐길 수 있으니 더 좋다고 생각해요~ 낮에는 실내에서 즐길 수 있는 부분을 즐기고~ 밤에는 실외에서 즐기고~ 일석이조가 아닐까요?? 😆🙈어떻게 즐기느냐는 스스로 만드는 부분이기에 항상 자기에게 맞게~ 계획하고 즐기세요~ 그렇다면 더 멋지게 즐길 수 있을테니까요~😎,[]
92,"#부산답례품 #못골살롱 #못살인사발령시즌 부은의 사랑을 까-득 받고, 최근엔 국민은행에도 첫 배송..😇 인스타서치하셔서 찾아주셨다는 고객님의 말씀에. 바쁘다는 핑계로 소홀히 한 피드. 미루지않고 잘 채워야겠다는 다짐을 다시 한번..🫶🏻 감사합니다. #부산은행 #국민은행 💜💚🩷✔답례품/단체간식/행사간식 문의안내💌 카카오플러스친구 @못골살롱 채널추가 후 남겨주시면 순차적으로 상담도와드릴게요☺️ 매장운영일 관계없이 예약 가능합니닷!","['#부산답례품', '#못골살롱', '#못살인사발령시즌', '#부산은행', '#국민은행']"
93,🌞쇼핑 전에 커피 한잔 하면서 살짝 둘러보면 좋겠죠?? 전 이렇게 방문으 ㄹ하면 여유 있게 커피 한잔을 하면서 눈으로 먼저 둘러봐요~ 이렇게 눈으로 보고 있으면 한눈에 반하는 것들이 꼭 있어요~ 한눈에 들어온다면 커피를 즐기면서 어떤 활용도가 있을지 생각도 할 수 있으니까요~ 자기만의 색깔대로 즐기시면서 항상 생각을 하면서 행동한다면 좋은 결과들이 많이 돌아올거라 생각해요^^💗💗,[]
94,⭐ ⭐ 기회를 찾아야 기회를 만든다. 작은 기회로부터 종종 위대한 업적이 시작된다.\ 아무리 위대한  천재의 능력일지라도 기회가 없으면 소용이 없다.,[]
95,❣️❣️돈 벌자고 다들 부업 알아보고 시작하려는것 아닐까요?그렇다면 확실하게 벌수있게 도와주는 사람을 선택해야해요!!망설일 시간에 지금도 수익내고 있어요고민 그만하고 지금 프로필 챗 클릭ps.상담은 돈 안들어요🌞믿고따라오신다면 수익으로 보여드릴게요!!!🌞진짜 고맙습니다 ^^* 저 믿고 기다려주시고 매번 예약뒤로  밀려도 불평없이 하시는분들 다시한번 감사 드립니다🌞연락주시는대로 늦어도 답변을 드릴테니 조금만 기다려주세요🌞절망속에서도 희망을 잃치말라 희망만이 희망을 키웁니다🌞무엇보다 건강이 우선이니 전처럼 밝게 웃는날이 오지  않을까 싶습니다 오늘하루 수고 많으셨습니다 ^^*,[]
96,안녕하세요 국민은행 대학생 서포터즈 캠퍼스스타 19기 김명훈입니다💛8월 개인미션 이벤트 가져왔으니 많은 참여 부탁드립니다‼️#큽큽큽 #캠퍼스스타 #금융권대외활동 #국민은행,"['#큽큽큽', '#캠퍼스스타', '#금융권대외활동', '#국민은행']"
97,"귀가중 은행들릴일 있어 ㅋㅋㅋ  구름이랑 은행 구경 하고 나옴 근데 누가 아는척 ? 설마 나 ?? 아 진짜  야맹증,,, 안면인식장애 ,,,,, 미안 하다 우리엿구나 ㅋㅋㅋ 희망아빠라규 안햇음 뭐야 저건 ㅋㅋㅋ 할뿐 ,,, 난중에 이야기 합시다 ㅋㅋㅋㅋ. 언능 자자 우리 #반려견#은행#국민은행#구경#산책#완료#귀가중","['#반려견', '#은행', '#국민은행', '#구경', '#산책', '#완료', '#귀가중']"
98,많이 시원해졌는데 그래도 더울땐 은행안으로 ㅋㅋ국x은행 진짜 시원함우x은행 돈많은걸로 아는데 부x은행보다 안시원함🤣#국민은행 #당리점 #체고👍🏻#히로인스 #토스 #캐시닥 #캐시워크 #지니어트 #언니의파우치 #부산 #걷기 #만보걷기 #힐링,"['#국민은행', '#당리점', '#체고👍🏻', '#히로인스', '#토스', '#캐시닥', '#캐시워크', '#지니어트', '#언니의파우치', '#부산', '#걷기', '#만보걷기', '#힐링']"
99,정말 편안해 보이지 않나요??🙂🙂 편안하게~ 주말 시간을 보내기 위해서~ 오늘은 그냥 편안하게~ 코디 했어요~ 주말 시간만큼은 자유로운 시간이니~ 평소와 다른 느낌으로 시간을 보내도 괜찮겠죠??🤫🤫 꼭 멋지게 꾸미고 멋진 곳을 찾아 다닐 필요는 없으니까요~ 하지만 저 역시 여자이기에~ 기본은 갖추고 다녀야겠죠??🤳🤳 평소보다 가벼운거지 안꾸미면 안되니까요~ 휴가기간 많이 즐기셨다면 지금은 가볍고 편안하게 시간을 보내보세요~ ^^❣️❣️❣️,[]
100,즘 같은 팬데믹시대에 많은 사람들이투자와 재태크에 대해 궁금해 합니다요즘 많은 정보들이 넘쳐나지만나에게 맞는 투자와 재태크 방법이 아니기 때문에많은 분들이 선뜻 시작하지 못하고 있습니다시작부터 배부를 수 없습니다시간은 기다리지 않습니다시간의 힘은 누구나 느끼고 있고1년 2년 지나갈수록시간은 빨리 갑니다손실을 최대한 줄이고수익은 최대한 증가할 수 있도록수익률 체크를 도와드리고 있으니부업을 시작하고 싶으신데어떻게 해야할 지 모르시거나주식으로 손실을 보신분!투자하기에 두려움을 겪으신는분!첫투자인데 손실없이 수익을 보고싶은분!단기간 최대한 효율을 보여드리겠습니다!!언제든지 문의주세요!!,[]
101,벌기 힘든 요즘  누구나 부업 하나쯤은 다하고 계시죠 ?  요즘 알짜배기 부업 적은 금액으로 2시간만 투자하면 수익 10배이상 가능 👌👌  100번의 눈팅보다 한번의 문의가 성공을 이루게 합니다 ✊  누군가는 여러분이 망설이고 고민하고 있는 순간  이미 성공의 길을 걷고 있습니다💸💸  시도하지 않는다면 노력하지 않는다면 아무런 변화도 일어나지 않습니다   언제든지 편하게 문의 주세요 🤗,[]
102,아들을 위한 시간~ 👶👶오늘은 정말 선택을 잘한거 같네요~ 우리 아들이 이렇게까지 좋아하니~ 저 또한 기분이 너무 좋네요~ 역시 아이에게는 새로운 부분을 많이 느끼게 해줘야 하는건가봐요~ 어떨지 모르지만 전 아이에게 많은 부분을 보여주고 느끼게 해주고 싶어요~ 많은 부분을 어릴 때 부터 느끼게 한다면 아이가 성장하는데 많은 도움이 되겠죠?? 시간이 지나면 기억은 못할 수 있지만 지금 이순간 만큼은 아이에게 엄청난 영향을 준다고 생각해요~ 아이에게 많은 사랑과 정성을 쏟아주세요 ^^❤️❤️👏,[]
103,쇼핑하기 전에 갑자기 꽃집 가자더니꽃말까지 찾아봤다는 꽃 사서 갑자기 안겨주는 남편쓰🥹16년째지만 또 감동이네 증말..💖,[]
104,가족들끼리 티타임을 즐겨요~  아버지도 오랜만에 함께 보내는 시간이라서 그런지 평소보다 밝아보이시고~ 아들은 말할필요도 없고 ~ 역시 이렇게 함께 보내는 시간이 있으니 정말 좋은거 같아요~ 주말에는 어떤 시간을 보내도 즐겁고 행복하겠지만~ 가족끼리 즐기는 시간은 더 뜻깊지 않을까요?? 가족끼리 함께 보내는 시간을 가져보세요~💗💗,[]
105,쇼핑후 친구랑 같이 점심에는 조개~,[]
106,💲💲성인이라면 모두 가능한 부업단 한번 뿐인 인생 돈 없어 불편하고힘든 인생을 살다 갈순없죠....한번의 투자로 인생이 바뀝니다믿음과 신뢰 그리고 신용 보장합니다하고자 하는 마음만 있으시다면오픈톡으로 문의☎주시면 바로 상담 가능합니다,[]
107,😍😍😍😍,[]
108,🌟🌟 일단 기회라고 생각되면 그 기회를 활용하자.  좋은 기회는 좀처럼 생기지 않으며 쉽사리 잃는다.  현명한 사람은 기회를 행운으로 만든다. 기회는 지금이다. 미루면 곤란해질 뿐이다. 일단 기회라고 생각되면 그 기회를 활용하자.,[]
109,주말에 친구랑 힐링하러 나왔어요 ^^ 여자들은 쇼핑~!,[]
110,"기회는 자기 자신이 만드는것이 아니라,왔을 때 잡는 것입니다평소 투자분야에 관심이 많았지만투자정보지식이 부족하거나,원금손실에 대해 걱정을 가지도 계셨던분들의맞춤투자아이템을 소개해드리려합니다원금손실 걱정없는 안전한 투자,지금 바로 시작하세요!",[]
111,"#Repost @kbkookminbank with @use.repost・・・[#EVENT]에스파의 핫한 깜짝출연부터 흑화한 윤빈까지!그야말로 폭풍전개였던 Ep.02!이번 EP.03화에서는 지훈과 소영이의 비하인드 스토리가 밝혀지는데요!과연 둘 사이는 어떻게 될지..(콩닥콩닥)여기서 퀴즈!광야로 걸어가 2023 의 배경이 되는 캠퍼스 이름은?댓글로 정답을 남겨주세요💛Hint. 윤빈이 입은 과잠에서 확인가능!👉 모바일학생증/학사일정 등을 한눈에 볼 수 있는 대학생을 위한 국민은행 어플 !📌 이벤트 참여 방법① KB국민은행 공식 유튜브 채널 구독, 좋아요, 알림 설정하기② 〈광야로 걸어가 2023〉 EP.03시청하기③ 〈광야로 걸어가 2023〉 EP.03 댓글 창에 정답 댓글 달기⚠️ 〈광야로 걸어가 2023〉 EP.03 유튜브 영상 내에 작성된 댓글만 이벤트 참여 댓글로 인정됩니다. ⚠️국내 주소지가 있는 분만 참여가 가능합니다.⚠️ 이벤트 당첨자는 추첨을 통해 선정되며, 당첨자는 대댓글로 발표됩니다.📌 이벤트 기간 : 2023.08.11(금)~2023.08.17(목)📌 당첨자 발표 : 2023.08.30(수)📌 이벤트 경품 : [설빙] 티라미수설빙 30명 (추첨)#KB국민은행 #aespa #웹드라마 #티저 #로맨스 #판타지#광야로걸어가 #국민은행 #SM타운 #aespa #남사친 #여사친 #캠퍼스#에스파 #카리나 #윈터 #지젤 #닝닝 #광야 #KWANGYA #KB광야점#EVENT #이벤트 #유튜브이벤트 #Karina #Winter #Giselle #Ningning","['#Repost', '#EVENT]에스파의', '#KB국민은행', '#aespa', '#웹드라마', '#티저', '#로맨스', '#판타지', '#광야로걸어가', '#국민은행', '#SM타운', '#aespa', '#남사친', '#여사친', '#캠퍼스', '#에스파', '#카리나', '#윈터', '#지젤', '#닝닝', '#광야', '#KWANGYA', '#KB광야점', '#EVENT', '#이벤트', '#유튜브이벤트', '#Karina', '#Winter', '#Giselle', '#Ningning']"
112,[OO4D: Outline Of team4 Day]안녕하세요 #캠퍼스스타 19기 서울경기4팀 OO4D입니다🤍4개월 동안 열심히 굴러갈 저희 팀 계정입니다 잘 부탁드립니다!,['#캠퍼스스타']
113,"만보걷기 5일차걸으면서 돈벌어요~#토스 걷기#국민은행#매일걷기#주간70,000보 도전","['#토스', '#국민은행', '#매일걷기', '#주간70']"
114,응 안가~~!!....#선팔하면맞팔 #맞팔해요 #맞팔 #맞팔환영 #종테 #좋튀 #좋아요그램 #좋반 #좋아요 #좋아요반사 #쨈톡 #영등포 #신촌 #동대문역사문화공원 #종합운동장 #양재 #연예 #연예인 #유머그램 #유머짤 #유머페이지 #유머갤러리 #유머 #꾹쨈 #카카오 #카뱅 #국민은행 #직원 #파견 #뺌32,"['#선팔하면맞팔', '#맞팔해요', '#맞팔', '#맞팔환영', '#종테', '#좋튀', '#좋아요그램', '#좋반', '#좋아요', '#좋아요반사', '#쨈톡', '#영등포', '#신촌', '#동대문역사문화공원', '#종합운동장', '#양재', '#연예', '#연예인', '#유머그램', '#유머짤', '#유머페이지', '#유머갤러리', '#유머', '#꾹쨈', '#카카오', '#카뱅', '#국민은행', '#직원', '#파견', '#뺌32']"
115,"[#EVENT]에스파의 핫한 깜짝출연부터 흑화한 윤빈까지!그야말로 폭풍전개였던 Ep.02!이번 EP.03화에서는 지훈과 소영이의 비하인드 스토리가 밝혀지는데요!과연 둘 사이는 어떻게 될지..(콩닥콩닥)여기서 퀴즈!광야로 걸어가 2023 의 배경이 되는 캠퍼스 이름은?댓글로 정답을 남겨주세요💛Hint. 윤빈이 입은 과잠에서 확인가능!👉 모바일학생증/학사일정 등을 한눈에 볼 수 있는 대학생을 위한 국민은행 어플 !📌 이벤트 참여 방법① KB국민은행 공식 유튜브 채널 구독, 좋아요, 알림 설정하기② 〈광야로 걸어가 2023〉 EP.03시청하기③ 〈광야로 걸어가 2023〉 EP.03 댓글 창에 정답 댓글 달기⚠️ 〈광야로 걸어가 2023〉 EP.03 유튜브 영상 내에 작성된 댓글만 이벤트 참여 댓글로 인정됩니다. ⚠️국내 주소지가 있는 분만 참여가 가능합니다.⚠️ 이벤트 당첨자는 추첨을 통해 선정되며, 당첨자는 대댓글로 발표됩니다.📌 이벤트 기간 : 2023.08.11(금)~2023.08.17(목)📌 당첨자 발표 : 2023.08.30(수)📌 이벤트 경품 : [설빙] 티라미수설빙 30명 (추첨)#KB국민은행 #aespa #웹드라마 #티저 #로맨스 #판타지#광야로걸어가 #국민은행 #SM타운 #aespa #남사친 #여사친 #캠퍼스#에스파 #카리나 #윈터 #지젤 #닝닝 #광야 #KWANGYA #KB광야점#EVENT #이벤트 #유튜브이벤트 #Karina #Winter #Giselle #Ningning","['#EVENT]에스파의', '#KB국민은행', '#aespa', '#웹드라마', '#티저', '#로맨스', '#판타지', '#광야로걸어가', '#국민은행', '#SM타운', '#aespa', '#남사친', '#여사친', '#캠퍼스', '#에스파', '#카리나', '#윈터', '#지젤', '#닝닝', '#광야', '#KWANGYA', '#KB광야점', '#EVENT', '#이벤트', '#유튜브이벤트', '#Karina', '#Winter', '#Giselle', '#Ningning']"
116,오늘 티타임은 여러가지를 즐기면서 가지고 있어요~ 지금은 생활은 해야하기에 이렇게 업무적인 부분을 소화하고 있어요~ 휴가기간이라고 계속 즐길 수는 없으니까요~ 즐기기만 하다가 일상으로 돌아가게되면 적응이 안될 수 있으니 남은시간 즐기면서 생활에 대한 부분도 조금은 생각해야해요~ 휴가의 후유증을 만든다면 그것은 진정한 프로가아니니까요~🌺🌺,[]
117,식사를 즐기기에 가장 좋은 코스~ 셰프가 정성스럽게 준비를 해주니 즐기기만 하면 되는거 아닌가요??😉 음식도 이쁘게 준비되서 나오니 눈으로도 즐겁고 ~ 맛있기에 먹으면서 두번 즐거울 수 있으니 더 좋은거 같아요~ 올 해 여름은 저에게 한가지 목표가 생겼다면 코스요리를 즐기게 됐다는거예요~ 그렇다면 전 이제 코스요리를 생활화 하기 위해서 더 열심히 전진 해 나가야겠죠??✊ 급하게 모든 생활을 변화 할 수는 없어요 차근차근 좋은 부분을 자기 생활로 바꿔보세요~🙆✨,[]
118,편안하게 티타임을 즐겨요~ 요즘은 어떤 걸 즐기더라도 다른집과 다르고 색다르게 해야 손님들이 많이 찾겠죠??😳😳 정말 경쟁시대인거 같아요~ 요즘 힘든시기를 기회라 생각하고 더 멋진 생활을 하는 분들도 많을거예요~ 항상 위기에는 기회도 함께 찾아와요 좌절한다면 그 기회를 날려 버리겠지만~ 생각의 변화를 가지고 기회를 잡는다면 한 번에 많은 성장을 할 수도 있으니까요~ 여러분들은 기회를 잡으려고 애쓰고 계신가요??💁‍♀️💁‍♀️ 현재 상황을 좌절하지 마시고 기회라 생각하고 주위를 둘러보세요~ 분명 멋진 것들이 여러분들 기다리고 있을거예요~♥️♥️♥️,[]
119,♦성공적인 투자에는두 가지만 알고계시면 됩니다.원금보장이 가능한 투자사투자정보지식이 뚜렷한 전문가.원김손실이 일어난다면안전한 투자가 아닙니다.또한 투자정보의 지식이 부족하다면성공적이 투자를 실현 할수 없습니다.그래서 시작 하는걸 고민하시는분들이 많은신데.그런 고민은저랑 함께 하시면 안하셔도 되요.저는 자신 있거든요.,[]
120,쇼핑은 빠질 수 없이 해야 되겠죠?? 이제는 쇼핑을 해도 새로운 계절 가을에도 활용도가 있는 것들로 쇼핑해야죠?? 아직 저처럼 가을을 생각하면서 쇼핑하시는 분들은 많지 않을거라 생각해요 ~ 하지만 늘 생각하는게 남들보다는 조금 더 빨리 준비하고 계획을 세운다면 더 좋은 결과들을 낼 수 있겠죠?? 항상 미리미리 준비하고 움직이세요~ 멋진 결과가 반듯이 여러분들을 찾아 갈거니까요~💗💗,[]
121,쇼핑은 여자의 특권 아닐까요?? 🤔 이제 휴가도 끝을 보이고 있어요~ 휴가를 즐긴다는 것은 꼭 피서지에 가야 즐긴다고 생각을 하지마세요~ 평소 하던 쇼핑도 휴가를 즐기는 부분일 수 있어요~ 휴가기간에는 방해 받는 부분이 없기에 편안하게 뭐든 즐길 수 있으니까요~ 아무 방해 받지 않는 시간을 즐기세요~ 🤓보이는 시각자체가 다를거예요 ^^😆😆💕,[]
122,"#신혼부부7년이내#자녀1명#무주택자#생애최초#무대출#기금E든든근데도 대출이 이거밖에안되는 드러운세상#아기낳지마#대출하지마#농협 #국민은행 ㅈ가태 진짜3억이상3%이하 안해줄꺼면 대출DM, 댓글 보내지마","['#신혼부부7년이내', '#자녀1명', '#무주택자', '#생애최초', '#무대출', '#기금E든든근데도', '#아기낳지마', '#대출하지마', '#농협', '#국민은행']"
123,"🚨부업은 안전한 회사에서 시작하세요🚨원금 손실이 발생한다면 안전한 투자가 아닙니다요즘 부업 투잡 종류가 너~무 많죠 ㅠㅠ""어떤부업 이예요?""""뭐하는 거예요?""🐌부업문의 매~~일 오는듯..🤭🤭😁초기비용 ❗️ 있어요 있습디다🙃🙃🙃🙃🤭문의는 공짜에요🤭❤️프로필 오픈톡 주세요❤️",[]
124,소중한 내 가족을 위한 재💲테💲크 성인이라면  모두 가능한 부업단 한번 뿐인 인생 돈 없어 불편하고 힘든 인생을 살다 갈순없죠....한번의 투자로 인생이 바뀝니다믿음과 신뢰 그리고 신용 보장합니다하고자 하는 마음만 있으시다면오픈톡으로 문의☎주시면 바로 상담 가능합니다,[]
125,오랜만에 가연이랑 데이트 ..🤍,[]
126,cloudy day🩶☁️,[]
127,온통 초록초록 정글정글한 우붓 좋아🌴🌴,[]
128,💲재💲테💲크의 기본 1일 1수익 입니다.언제까지 지켜보고 있으실 거예요?망설이는 이순간에도 누군가는한발 앞서가고 있습니다~투자느 즐겁게~!!! 수익은 꾸준하게~!!!재무는 탄탄하게~!!!하루 1시간만 투자하세요작은 용기가 인생을 바꿉니다!친절 상담 문의는 프로필 하단 오픈톡으로!!,[]
129,돌려받는 초기비용으로 돈 벌려는 의지💪 마음만 있으면 누구나 할수 있는 일이에요🙌 방법은 제가 다 알고 있으니 따라만 와주시면 됩니다 🤝,[]
130,어제는 친구랑같이 분위기좋은곳에서 술한잔 ^^ 음악도 좋고 기분 굿,[]
131,돈이란건 걱정만 한다고해결 되는게 아니라.돈을 벌어야하나씩 해결이 되더라구요.제 말이 공감 되시는분들많으실꺼예요.도전해보세요저는 자신있어요우리 함께 성공해요^^문의는 편하게 주세요💌,[]
132,"오뜨밀이 정리한 8월 10일(목) 기억할 뉴스 6가지 @ottmeal.official 팔로우하고 하루 이슈 정리하세요!📍오뜨밀 라이브 방송 안내매주 월~목 20시 05분부터 21시까지- 유튜브 ‘오뜨밀’- 라디오: CBS 표준FM 98.1(서울 기준, 타지역 주파수는 프로필 링크로 확인)",[]
133,"태풍피해 없이 다들 괜찮으신가요?? 오갱끼데쓰까~~🙋‍♀️서울은 아침부터 빗줄기가 점점 굵어지더니.. .점심시간엔 예사롭지 않아.. .라이더님들 출근도 운행도 힘든듯하여제가 직접 차로 배달하였습니다💦올여름 워터파크도 계곡도 아직 못갔는데 빗물로 대신해서 홀딱 젖고.. 감사하게도 고객님들께서 건물 앞에서 기다려주시고, 고생많다고 인사해주시고~ 전화주문으로 목소리와 주소만 익숙했던 곳에 배달가서 대면하니 반갑고!! 🙈고객님들 감사합니다💜비와도 고객님들의 식사는 책임질께요.. 라이더님의 안전을 위해 조금만 양해부탁드립니다🙏주문서들고 청담동 한바퀴한 오늘🫶#청담동한바퀴 #fnc엔터테이먼트 #사람엔터테이먼트 #메종드조에 #우리은행 #블루펄빌딩 #삼익아파트재건축현장 #아인피부과 #시티은행 #국민은행 #도시락배달 #본도시락배달 #본도시락 #본도시락청담점 #청담동도시락배달","['#청담동한바퀴', '#fnc엔터테이먼트', '#사람엔터테이먼트', '#메종드조에', '#우리은행', '#블루펄빌딩', '#삼익아파트재건축현장', '#아인피부과', '#시티은행', '#국민은행', '#도시락배달', '#본도시락배달', '#본도시락', '#본도시락청담점', '#청담동도시락배달']"
134,주방마감👏🔥,[]
135,"♦♦성공적인 투자에는두 가지만 알고계시면 됩니다.원금보장이 가능한 투자사투자정보지식이 뚜렷한 전문가.원김손실이 일어난다면안전한 투자가 아닙니다.또한 투자정보의 지식이 부족하다면성공적이 투자를 실현 할수 없습니다.저는 자신 있거든요.원금보장100%,수익창출100%큰 메리트있는 재테크!♣♣이러한 분들은 상담만으로도큰 도움이 되실겁니다!-투자금에 대한 손실거정-투자정보의 지식부족-본업과 동시에 부업을 가지고싶으신 .분.-변화된 삶을 살아가고싶은 .분.지금 바로 문의주세요!",[]
136,우리 부부 어때보여요??🙈 오늘부터 태풍의 영향을 받는거 아시죠?? 🌀🌀 되도록 실내에서 활동을 많이 하셨으면 좋겠네요~ 미리미리 피해가 있을거 같으면 대비하고 또 준비하세요~ 주차도 높은곳으로 하고~ 최대한 할 수 있는건 다해야겠죠?? 전 신랑이 옆에서 딱 지켜주고 있으니 ~ 든든하네요~ 여러분들도 태풍을 그렇게 가볍게 생각지마시고~ 대비 할 수 있는 부분을 대비해서 피해가 없도록 하세요^^✊,[]
137,"원금보장100%,수익창출100%큰 메리트있는 재테크!이러한 분들은 상담만으로도큰 도움이 되실겁니다!-투자금에 대한 손실거정-투자정보의 지식부족-본업과 동시에 부업을 가지고싶으신 .분.-변화된 삶을 살아가고싶은 .분.지금 바로 문의주세요!�",[]
138,".매주 목요일!재밌는 넌센스 그림퀴즈 풀면서금융상식 배우고, 스타벅스 커피쿠폰도 받자!저희 팽성농협이 그린 그림을 보고 떠오르는 금융용어를댓글에 달아주세요.정답을 맞추신 팽성농협 팔로워분들 중매주 10분을 추첨하여 스타벅스 쿠폰을 드립니다!❤️정답자 발표는 다음주 목요일 다른 퀴즈와 함께 돌아옵니다 :)[13회차 문제 정답 : DSR]부동산 시장이 굉장히 🔥핫한🔥 우리나라!그래서 평소 뉴스를 틀면 언제나 부동산 관련 내용이 보도가 되는데요뉴스에 집중하다보면 DSR, DTI, LTV라는 단어들을 많이 보셨을거에요그 중에서 오늘은 DSR에 대해 알아보겠습니다!🏠DSR(Debt Service Ratio)이란 '총 부채 원리금 상환비율'로1년 간 내가 얻는 소득에 비하여빌린 돈을 얼마나 갚을 수 있는지를 나타내는 비율입니다(모든 대출의 원금 + 이자) / 연소득으로 계산을 하면 이게 바로 DSR!정부에서 개인의 대출 한도를 설정하는 데그 기준 중 하나로 DSR을 사용합니다그런데 정부에서 왜 대출 한도를 규제하는 걸까요?바로 본인의 상환 능력 범위를 벗어나게 되는 대출을 하게 되면개인과 사회에 여러 혼란을 야기할 수 있기 때문입니다!예시로 한 번 쉽게 이해해보실까요?[예시 1]정부에서 'DSR 60%'까지만 대출해준다고 발표했다면,연봉 5,000만 원인 직장인은1년에 원금과 이자를 합산해서 3,000만원까지만 대출을 할 수 있습니다주의! 여기서 대출은 기존 주택담보대출 원리금뿐만 아니라학자금, 마이너스 대출, 자동차 등 나의 모든 대출의 원금과 이자를 말합니다[예시 2]조건1️⃣ 주택 구입을 위한 주택담보대출 3억조건2️⃣ 금리 4.5%, 대출기간을 30년으로 설정조건3️⃣ DSR 60%까지 대출 가능👇👇👇매달 갚아야 하는 원금과 이자 : 매달 약 152만원-> 1년의 원금과 이자 : 152만원 * 12 = 1,824만원이렇게 되먼 위 조건의 DSR은 36.48%로DSR 규제가 60% 범위 안에 들어올 수 있게 됩니다여기서 중요한 점은 바로 ‼️상환기간‼️인데요상환기간이 길어질수록 매월 부담해야 하는 원금이 줄어들기 때문에DSR을 낮출 수 있습니다🍯DSR조절 꿀팁🍯'신용 대출'은 상환기간이 짧기 때문에 DSR에 불리합니다.그렇기에 집을 구매하기 위해 DSR을 신경써야 한다면신용대출은 ‼️미리 상환‼️하는 것이 유리하답니다저희 팽성농협에서는 고객님들께서 올바르게 사용할 수 있도록자세한 상담을 통해 알맞는 금액과 금리로 대출을 제공해드리고 있습니다!특히 NH스마트뱅킹을 통해 비대면으로도 가능한 대출상품이 있으니많은 관심 부탁드리겠습니다 :)🎉🎉13회차 당첨자는 태그를 확인해주세요!당첨자께는 개별연락 드립니다(쪽지, DM 등)🎉🎉#블로그당첨자@열무지금까지 13회차 문제였던 'DSR'에 대한 이야기였구요!14회차 문제 이미지를 보시고 댓글에 정답을 남겨주세요!저희 팽성농협 인스타그램 공식 계정 팔로우,카카오채널 채널을 추가하고 업로드 된 퀴즈에 댓글 달면​당첨확률 up! uP! UP!카카오채널, 네이버 블로그도 많은 이용 부탁드립니다 :)🟩팽성농협 네이버 블로그https://blog.naver.com/nh205029-1🟥팽성농협 유튜브 채널https://www.youtube.com/@user-vb2tl2qj5t🟨팽성농협 카카오채널http://pf.kakao.com/_WxnPvb[팽성농협 본점]🗺️ 경기도 평택시 팽성읍 동서촌로 90📱 031-691-8831[팽성농협 안송지점]🗺️ 경기 평택시 팽성읍 안정순환로104번길 35 파라디아 오피스텔 1층 107호📱 031-691-8836[팽성농협 본정지점]🗺️ 경기 평택시 팽성읍 본정2길 23📱 031-691-7402",['#블로그당첨자@열무지금까지']
139,"Yang udah ga sabar nonton konser SMTOWN LIVE 2023 angkat tangan! Kita nyanyi bareng dulu yuk~ Yang tau ini lagu siapa, langsung komen deh! #KB국민은행 #국민은행 #KB#SMTOWN_LIVE_2023_SMCU_PALACE_JAKARTA #SMTOWN_LIVE_2023_JAKARTA #SMCU_PALACE#SMTOWN_LIVE #SMTOWN #SMCU #KBBank #KBBukopin","['#KB국민은행', '#국민은행', '#KB', '#SMTOWN_LIVE_2023_SMCU_PALACE_JAKARTA', '#SMTOWN_LIVE_2023_JAKARTA', '#SMCU_PALACE', '#SMTOWN_LIVE', '#SMTOWN', '#SMCU', '#KBBank', '#KBBukopin']"
140,고급진 느낌의 티타임을 즐겨요~ 🤔 평소와는 조금 다른 느낌의 커피숍을 찾았어요~ ☕다 똑같은 커피일수 있지만 때와 장소에따라 느끼는 부분은 전혀 다를 수 있죠??🙈 오늘은 크게 야외 활동을 하지 않을거예요~ 특별한 부분이 아니라면 집에 있었겠지만 생활자체는 지장을 줄 수 없기에 빠르게 미팅하고 돌아 갈 생각이예요~ 오늘부터 태풍이 지나가기 전까지는 모두 안전에 주의하세요 안전이 최우선이니까요,[]
141,친구와 잠시 만났어요~ 오늘부터 우리나라 태풍영향권이라 되도록 외출을 하고 싶지 않지만 실내에서 안전하게 놀고만 있을수는 없으니 서로 정보를 나누고 태풍이 지나갈때까지 실내 업무를 봐야 하니까요~ 하지만 무서운 부분도 있기에 잠시 업무적인 부분을 공유하고 귀가 할 생각이예요~ 집에서 할 수 있는 부분은 스스로 챙기고 모든 부분에 대비하세요~ 스스로 막을 수 있는 부분은 스스로 미리미리 대비한다면 피해는 없을 수도 있으니까요~😵‍💫,[]
142,비도 오고 하니까 오늘은 그냥 집에 잇엇어요~ ^^,[]
143,📢오늘의 국민늬우스🎤KB국민은행은 두시간 더 영업하는 9To6 뱅크 서비스를 2022년부터 운영하고 있어요. ⏰  시행 1주년을 맞아 KB국민은행 9To6 뱅크 이용 고객 대상으로서비스 만족도 조사를 실시!그 결과 97%의 고객분께서 '만족한다' 평가해 주셨습니다!KB국민은행은 고객 여러분께서보다 편리하고 여유있는 은행업무를 볼 수 있도록9To6 뱅크를 전국 72개 지점에서 → 82개 지점으로 확대했어요!두시간 더! 여섯시 은행!9To6 뱅크에서 편리하게 은행 업무 보세요! 📌9To6 뱅크 쉽게 찾는법네이버와 카카오에서 '여섯시은행' 또는 '집주소+여섯시은행'을 검색하세요#KB국민은행 #국민은행 #9to6뱅크 #9to6 #여섯시은행 #9To6Bank #나인투식스뱅크 #영업시간 #은행시간 #나인투식스 #은행영업시간,"['#KB국민은행', '#국민은행', '#9to6뱅크', '#9to6', '#여섯시은행', '#9To6Bank', '#나인투식스뱅크', '#영업시간', '#은행시간', '#나인투식스', '#은행영업시간']"
144,"성공한 사람들의 가장 큰 특징 중 하나가바로 빠른 결단력에 있다고 하죠.궁금,고민되시는 점들은 언제든 찾아주세요⭐️성공적인 투자에는 두 가지만 알고 계시면 됩니다.⭐️원금보장이 가능한 투자사⭐️투자 정보지식이 뚜렷한 전문가☀️원금손실이 일어난다면 안전한 투자가 아닙니다.☀️또한 투자정보의 지식이 부족하다면☀️성공적인 투자를 실현 할 수 없습니다내가 좋아하는 일에최선을 다하기나를 믿고 따라와 주시는 고객분들께항상 감사한 마음 지니기😁마땅히 투자할만한 종목이 없어 망설여지신다면 부담 갖지마시고 찾아주세요정직하고 올바르게 상담해 드리겠습니다💪💪",[]
145,[📢#KB 여름이 왔SONG 랜덤게임 당첨자발표🎉]여름 휴가철을 맞이하여 준비한 플레이 리스트 이벤트!많은 댓글들을 달아주셨는데요….! 그중 많은 추천을 받은 여름 노래 송은 바로듀스의 ‘여름안에서’ 였습니다!!! 짝짝짝 🙌🏻🙌🏻🙌🏻이외에도 여러분들의 여름 플레이리스트를 공유해주셔서 감사드립니다~!💙해당 이벤트에 참여해주신 모든 분들께 감사드립니다✨🎁이벤트 경품_[이디야] 상큼주스 트리오 (5명 추첨)📣 당첨되신 분들께는 개별메시지로 안내드릴 예정입니다.확인 후 기간 내 회신 부탁드립니다!#KB국민은행 #국민은행 #이벤트 #스타프렌즈 #event#당첨자발표 #여름플레이리스트 #여름노래 #청량한노래 #playlist,"['#KB', '#KB국민은행', '#국민은행', '#이벤트', '#스타프렌즈', '#event', '#당첨자발표', '#여름플레이리스트', '#여름노래', '#청량한노래', '#playlist']"
146,#중계 #라이브방송 #웨비나시스템 #국민은행,"['#중계', '#라이브방송', '#웨비나시스템', '#국민은행']"
147,🌈한번사는 인생이 너무 아깝자나용 🌈직접 해보니까 🌈나는 못한게 아니라 안한거란걸요.~~~ 🌈지금 이순간에도 🌈하지 못하는 이유를 찾고 해내고 있습니다,[]
148,"🏦 하긴, 나도 태풍뚫고 출근한 K직장인인데 뭘 바라겠어 😭..👩🏻‍💼👨🏻‍💼👩🏻‍💻👨🏻‍💻#서뱅크 #사람들이잘모르는은행이야기 #은행원-#날씨가안좋을땐오늘할일을내일로미룹시다#태풍폭우폭설엔집에있는겁니다 #나오지마세요#전쟁이났대도이번달적금넣으러올것같애#퇴근하고싶습니다-#농협 #신한은행 #우리은행 #국민은행 #대구은행 #기업은행#새마을금고 #우체국 #하나은행 #신협 #산업은행 #경남은행#전북은행 #수협 #부산은행 #제주은행 #광주은행","['#서뱅크', '#사람들이잘모르는은행이야기', '#은행원-', '#날씨가안좋을땐오늘할일을내일로미룹시다', '#태풍폭우폭설엔집에있는겁니다', '#나오지마세요', '#전쟁이났대도이번달적금넣으러올것같애', '#퇴근하고싶습니다-', '#농협', '#신한은행', '#우리은행', '#국민은행', '#대구은행', '#기업은행', '#새마을금고', '#우체국', '#하나은행', '#신협', '#산업은행', '#경남은행', '#전북은행', '#수협', '#부산은행', '#제주은행', '#광주은행']"
149,새우 진짜 신선하네요~ 점심에는 친구랑 같이 외식~,[]
150,돈이란건 걱정만 한다고해결 되는게 아니라.돈을 벌어야하나씩 해결이 되더라구요.제 말이 공감 되시는분들많으실꺼예요.도전해보세요저는 자신있어요우리 함께 성공해요^^문의는 편하게 주세요💌,[]
151,여러분의 주거래 은행대한민국 국건한 1위 국민!!!!하지만 하나은행의 성장율 대단하다 무너지지 않는다 강하게 성장한 하나은행 응원한다!!!!!가즈아하나은행 대단하다 위기속에서 성장하는 성장율!! 1위#은행 #국민은행 #하나은행 #신한은행 #금융 #핀테크 #경제 #금융권 #1등은행 #대한민국금융 #금융리더1위그룹,"['#은행', '#국민은행', '#하나은행', '#신한은행', '#금융', '#핀테크', '#경제', '#금융권', '#1등은행', '#대한민국금융', '#금융리더1위그룹']"
152,💕대외활동 계정 OPEN💕⭐캠퍼스스타 19기⭐로 대외활동을 시작하게 되면서 계정을 만들었습니다.많은 관심 부탁드려요٩(๑˃◡˂๑)۶맞팔 환영합니다😍,[]
153,#에이큽스타_AI_성장일기_1장𝙒𝙀 𝘾𝘼𝙈 𝙎𝙏𝘼𝙍? 𝘼𝙄 𝙆𝘽 𝙎𝙏𝘼𝙍!안녕하세요‼️국민은행 대학생 서포터즈 캠퍼스스타 19기 광주전라팀 에이큽스타입니다💛국민은행을 홍보하기 위해 새롭게 탄생한 6인의 AI가 어떻게 MZ세대들의 마음을 사로잡는지 여러분들께 보여드리겠습니다💛첫 영상은 발대식 때 공개했던 팀 소개 영상입니다. 많은 관심과 사랑 부탁드립니다💛@kbkbkb_official #큽큽큽 #kb캠퍼스스타19기 #캠스19기 #kb캠퍼스스타 #캠스,"['#에이큽스타_AI_성장일기_1장𝙒𝙀', '#큽큽큽', '#kb캠퍼스스타19기', '#캠스19기', '#kb캠퍼스스타', '#캠스']"
154,#에이큽스타_AI_성장일기_1장𝙒𝙀 𝘾𝘼𝙈 𝙎𝙏𝘼𝙍? 𝘼𝙄 𝙆𝘽 𝙎𝙏𝘼𝙍!안녕하세요‼️국민은행 대학생 서포터즈 캠퍼스스타 19기 광주전라팀 에이큽스타입니다💛국민은행을 홍보하기 위해 새롭게 탄생한 6인의 AI가 어떻게 MZ세대들의 마음을 사로잡는지 여러분들께 보여드리겠습니다💛첫 영상은 발대식 때 공개했던 팀 소개 영상입니다. 많은 관심과 사랑 부탁드립니다💛@kbkbkb_official #큽큽큽 #kb캠퍼스스타19기 #캠스19기 #kb캠퍼스스타 #캠스,"['#에이큽스타_AI_성장일기_1장𝙒𝙀', '#큽큽큽', '#kb캠퍼스스타19기', '#캠스19기', '#kb캠퍼스스타', '#캠스']"
155,"🤎KB캠퍼스스타 19기 부산경남팀 Kㅏ피Bㅏ라🤎'바라! 바라! 카피바라!'안녕하세요! KB캠퍼스스타 부산경남팀 Kㅏ피Bㅏ라입니다🤎저희 팀만의 활발함과 귀여움으로 모두에게 친근하게 다가가겠습니다🤭다양한 콘텐츠를 업로드할 예정이니, 많은 관심 부탁드립니다!! #kb캠퍼스스타 #캠퍼스스타 #부산경남팀 #카피바라 #Kㅏ피Bㅏ라 #국민은행 #kb국민은행","['#kb캠퍼스스타', '#캠퍼스스타', '#부산경남팀', '#카피바라', '#Kㅏ피Bㅏ라', '#국민은행', '#kb국민은행']"
156,"🤎KB캠퍼스스타 19기 부산경남팀 Kㅏ피Bㅏ라🤎'바라! 바라! 카피바라!'안녕하세요! KB캠퍼스스타 부산경남팀 Kㅏ피Bㅏ라입니다🤎저희 팀만의 활발함과 귀여움으로 모두에게 친근하게 다가가겠습니다🤭다양한 콘텐츠를 업로드할 예정이니, 많은 관심 부탁드립니다!! #kb캠퍼스스타 #캠퍼스스타 #부산경남팀 #카피바라 #Kㅏ피Bㅏ라 #국민은행 #kb국민은행","['#kb캠퍼스스타', '#캠퍼스스타', '#부산경남팀', '#카피바라', '#Kㅏ피Bㅏ라', '#국민은행', '#kb국민은행']"
157,"🤎KB캠퍼스스타 19기 부산경남팀 Kㅏ피Bㅏ라🤎'바라! 바라! 카피바라!'안녕하세요! KB캠퍼스스타 부산경남팀 Kㅏ피Bㅏ라입니다🤎저희 팀만의 활발함과 귀여움으로 모두에게 친근하게 다가가겠습니다🤭다양한 콘텐츠를 업로드할 예정이니, 많은 관심 부탁드립니다!! #kb캠퍼스스타 #캠퍼스스타 #부산경남팀 #카피바라 #Kㅏ피Bㅏ라 #국민은행 #kb국민은행","['#kb캠퍼스스타', '#캠퍼스스타', '#부산경남팀', '#카피바라', '#Kㅏ피Bㅏ라', '#국민은행', '#kb국민은행']"
158,오늘은 코스요리~ 하나 하나 이쁘고 정성스럽게 준비된 코스를 즐겨요~ 한동은 즐긴게 몸에 습관이 되어 버린거 같지만~ 후회는 하지 않아요~ 그 만큼 멋진 시간을 보내고 즐겼으니까요~ 여름이 지나면 한동안 다시 일상으로 돌아가기까지 시간은 조금은 걸리겠지만~ 전 매년 느끼고 겪은 일이라 올 해도 잘 할 수 있을거 같아요~ 하지만 아직까지 시간은 남아 있으니 조급해 하지 마시고 계획대로 조금 더 즐기세요~ 더 즐기고 일상으로 돌아 갔을때 더 멋진게 생활 하겠다는 마음을 가진다면 좋을거예요^^🌺🌺,[]
159,비대면 시대인 만큼 재택근무가 유행을 앞서고 있어요 지금 이글을 읽고 있는 당신이 재테크 생초보인데 돈을 벌고 싶다면 아주 간단한 부업을 추천 합니다 누구나 쉽게 접할수 있는 부업!  나이제한.경력.성별 전부 상관없습니다 하루 2시간 투자하시면 수익을 볼수 있습니다 저희 최강지점에서는 원금보장.수익보장 해드리고 있어요 . 상담이 필요하신 분들 오픈톡으로 문의주시면 되세요^^,[]
160,미녀들끼리 멋진 와인을 즐겨요~ 🍷아직까지는 조금 더 즐겨도 되겠죠?? 🙈시간이 조금만 더 지나면 일상으로 돌아가야 하기에~ 멋진 친구들끼리 좋은 시간을 조금 더 보내도 되겠죠??😆😆 친구들과도 함께 즐기긴 했어도~ 조금 더 멋진 시간을 즐기고 싶네요~ 항상 화려하게 보낼 필요는 없어요~ 함께 즐기는것에 의미가 있는거니까요~ 남은시간 마무리한다 생각하면서 조금 더 멋진 시간을 만들어보세요~ ^^👏,[]
161,멋진 곳에서 멋진 분위기를 즐기며 식사와 와인을 즐겨요~ 💗😋😘편안한 식사를 즐기면서 와인까지 즐기면 더 바랄게 없겠죠?? 이제는 이런 식사자리가 생활이 될거 같아요~ 이런 멋진 생활도 제 생활로 바꿀 수 있다면 좋은거겠죠?? 이제는 이생활을 놓치기 싫어서 더 열심히 해야 할 거 같아요~ 이렇게 즐기는게 습관처럼 되어 버렸으니 제 생활속에 포함 시켜보기로 마음먹었어요~ 여러분들은 어떠세요? 이번 여름에 생활습관 달라진 부분이 있으신가요?? 더 좋은 부분은 항상 자기것으로 만들어 점점 발전하는 삶을 추구해보세요 ^^🥂🥂🍽🍽❣️,[]
162,여기가 천국이에오선셋에 감동 매일 볼꺼야 황홀해😍,[]
163,대한민국 대표 부동산전문가중 한 사람인 국민은행 수석전문위원 부동산학박사 박원갑 그리고 우상희 지점장 #부동산 #국민은행 #박원갑 #우상희 #양천구상공회 #CEO #PhD #절대긍정 #찰스조 #조우순 #관광학박사 #상속 #증여 #절세 #세금,"['#부동산', '#국민은행', '#박원갑', '#우상희', '#양천구상공회', '#CEO', '#PhD', '#절대긍정', '#찰스조', '#조우순', '#관광학박사', '#상속', '#증여', '#절세', '#세금']"
164,편안하게~ 자연을 느끼고 있어요~ 한동안 마음편안하게 많이 즐겼으니 이제는 여름을 떠나 보낼 준비도 해야되겠죠?? 전 남은시간 남은 계획을 조용히 자연을 느끼면서 마무리 할 수 있게 할거예요~ 이제는 곧 가을이죠~ 현명한 사람은 이제 가을을 준비하면서 여름을 떠나보내겠죠?? 항상 남들보다 빠르게 미리미리 움직이세요~ 그래야 남들보다 먼저 정상에 도달할 수 있을테니까요💗💗,[]
165,"기회는 자기 자신이 만드는것이 아니라,왔을 때 잡는 것입니다평소 투자분야에 관심이 많았지만투자정보지식이 부족하거나,원금손실에 대해 걱정을 가지도 계셨던분들의맞춤투자아이템을 소개해드리려합니다원금손실 걱정없는 안전한 투자,지금 바로 시작하세요!",[]
166,돌려받는 초기비용으로 돈 벌려는 의지💪 마음만 있으면 누구나 할수 있는 일이에요🙌 방법은 제가 다 알고 있으니 따라만 와주시면 됩니다 🤝,[]
167,"안녕하세요 ! KB라스쿨 중등 1기 ""위더스(With us) 경기 2팀""입니다 :)요즘 날씨가 폭염과 장마가 지칠 줄 모르고 이어지고, 태풍까지 온다고 하는데요.다들 안전사고와 건강에 필히 유의하시기를 진심으로 바라겠습니다.오랜만에 찾아뵙는데 다들 잘 지내셨나요?저희 ""위더스(With us) 경기 2팀""은 종강과 더불어 방학 준비와 여러 활동들을 준비하고멘티와 멘토링 활동에 더욱 전념하는 시기를 보냈습니다.시간이 지남에따라 멘토와 멘티 둘 다 멘토링 활동에 익숙해지고 더욱 멘토링 활동에 활기를 띄게 된 것 같습니다.학습계획도 계획대로 이행되어가고 있고, 중간중간 수정하는 등 멘티에게 더욱 긍정적인 영향을 주기 위해 노력을 아끼지 않은 시간들 이었습니다!이러한 시간들을 7월 활동로그로 정리해보았는데요. 앞으로도 위더스(With us) 경기 2팀의 활동을 응원해주세요 !#kb라스쿨중등 #kb라스쿨중등1기 #멘토링 #kb국민은행 #아이들과미래재단 #경기2팀 #국민은행 #파이팅","['#kb라스쿨중등', '#kb라스쿨중등1기', '#멘토링', '#kb국민은행', '#아이들과미래재단', '#경기2팀', '#국민은행', '#파이팅']"
168,재택 부업.알바 믿을수있는곳에서쉽고 간편하게 할수있습니다!!!!누구나 쉽게 할수있는 부업출퇴근없이 집에서 언제어디서나 꾸준하게 돈벌수있는 재택부업다양한 수입구조로초보 상관없이 첫날부터 바로 수익안전하게 내돈 지키면서 꾸준한수익 함께하실분~친절 상담 문의는 프로필하단 오픈톡으로!!!,[]
169,Sahabat KB Bukopin udah siap war tiket Presale nanti?Coba simak yuk apa aja yang perlu kamu siapin biar ngewarnya makin satset! #KB국민은행 #국민은행 #KB#SMTOWN_LIVE_2023_SMCU_PALACE_JAKARTA #SMTOWN_LIVE_2023_JAKARTA #SMCU_PALACE#SMTOWN_LIVE #SMTOWN #SMCU #KBBank #KBBukopin,"['#KB국민은행', '#국민은행', '#KB', '#SMTOWN_LIVE_2023_SMCU_PALACE_JAKARTA', '#SMTOWN_LIVE_2023_JAKARTA', '#SMCU_PALACE', '#SMTOWN_LIVE', '#SMTOWN', '#SMCU', '#KBBank', '#KBBukopin']"
170,#영상중계 #영상제작 #영상편집 #국민은행 #dandyfilm #bompd4066 첫라이브중계,"['#영상중계', '#영상제작', '#영상편집', '#국민은행', '#dandyfilm', '#bompd4066']"
171,#국민은행 #행사 #라이브 #중계 #dandyfilm #BOM,"['#국민은행', '#행사', '#라이브', '#중계', '#dandyfilm', '#BOM']"
172,Sahabat KB Bukopin udah siap war tiket Presale nanti?Coba simak yuk apa aja yang perlu kamu siapin biar ngewarnya makin satset! #KB국민은행 #국민은행 #KB#SMTOWN_LIVE_2023_SMCU_PALACE_JAKARTA #SMTOWN_LIVE_2023_JAKARTA #SMCU_PALACE#SMTOWN_LIVE #SMTOWN #SMCU #KBBank #KBBukopin,"['#KB국민은행', '#국민은행', '#KB', '#SMTOWN_LIVE_2023_SMCU_PALACE_JAKARTA', '#SMTOWN_LIVE_2023_JAKARTA', '#SMCU_PALACE', '#SMTOWN_LIVE', '#SMTOWN', '#SMCU', '#KBBank', '#KBBukopin']"
173,새우 진짜 신선하네요~ 점심에는 친구랑 같이 외식~,[]
174,"[📢#KB 스타프렌즈 최애! 랜덤게임 당첨자발표🎉]너무 사랑스러운 KB스타프렌즈들!여러분들의 원픽 스타프렌즈를 공유해주셔서 감사합니다 💛KB국민은행의 스타프렌즈 최애는….!모두가 최애입니다!!! ⭐️⭐️아거, 비비, 라무, 키키, 콜리누구 한명 고를 수 없어 모두가 다 최애입니다~💘이렇게나 귀여운 스타프렌즈들 중 한명을 골라주셔서 감사드립니다 ✨🎁이벤트 경품_[이디야] 상큼주스 트리오 (5명 추첨)📣 당첨되신 분들께는 개별메시지로 안내드릴 예정입니다.확인 후 기간 내 회신 부탁드립니다!#KB국민은행 #국민은행 #이벤트 #스타프렌즈 #최애 #MBTI #당첨자발표 #아거 #비비 #키키 #라무 #콜리 #ENTP #ESFJ #ENFP #ISFP #엠비티아이","['#KB', '#KB국민은행', '#국민은행', '#이벤트', '#스타프렌즈', '#최애', '#MBTI', '#당첨자발표', '#아거', '#비비', '#키키', '#라무', '#콜리', '#ENTP', '#ESFJ', '#ENFP', '#ISFP', '#엠비티아이']"
175,@kbkookminbank New CF (15”)#KB9To6Bank #9To6Bank #나인투식스뱅크#공유 #박은빈 #KB국민은행 #국민은행 #영업시간 #여섯시은행 #은행시간 #9to6 #나인투식스 #은행영업시간♡♡♡≛≛≛≛≛≛≛≛≛≛≛≛≛≛≛≛≛≛≛≛≛≛≛≛≛≛≛≛≛#GongYoo #GongJiChul #ggong #공유 #공지철 #コンユ #孔劉 #กงยู #koreanactor #kdrama #gysw_kbkookminbank #gysw_tvcf,"['#KB9To6Bank', '#9To6Bank', '#나인투식스뱅크', '#공유', '#박은빈', '#KB국민은행', '#국민은행', '#영업시간', '#여섯시은행', '#은행시간', '#9to6', '#나인투식스', '#은행영업시간♡♡♡≛≛≛≛≛≛≛≛≛≛≛≛≛≛≛≛≛≛≛≛≛≛≛≛≛≛≛≛≛', '#GongYoo', '#GongJiChul', '#ggong', '#공유', '#공지철', '#コンユ', '#孔劉', '#กงยู', '#koreanactor', '#kdrama', '#gysw_kbkookminbank', '#gysw_tvcf']"
176,🌳 기록 19[KB 국민은행 청년 디지털 서포터즈 지원]오늘은 KB 국민은행 청년 디지털 서포터즈에 지원했습니다!! 😊 은행에서 서포터즈로 활동하며 인턴처럼 경력증명서도 받을 수 있는 서포터즈라서 그 인기가 더욱 쎈 것 같습니다!!(지원자 1천명 넘는 듯...)+작성 플랫폼이 인크루트라서 그런가 장점은 모바일 작성 및 수정이 가능하다는 점(크롬 탭 열어서 PC 화면과 동일하게 작성 가능)단점은 작성기한이 지나면 작성한 내용 열람도 안 됨...그래서 필요한 경우 자기소개서 내용 미리 캡처해둬야함꼭 뭐라도 하나 잘 되었으면...#국민은행 #서포터즈 #대학생 #인턴 #대외활동,"['#국민은행', '#서포터즈', '#대학생', '#인턴', '#대외활동']"
177,비스타워커힐내가 제일 좋아하는 계절 여름🌴🌴얼른 물놀이 다니고 싶네 ^^2017.5,[]
178,Sahabat KB Bukopin yuk siap-siap war tiket SMTOWN Live 2023 SMCU PALACE @ JAKARTA with KB Bank dengan menggunakan Kartu Kredit KB Bukopin Visa & Mastercard~Jangan lupa swipe ke kiri untuk baca cara dan tahapannya yaa.Informasi lebih lanjut:⭐Halo KB Bukopin di 14005⭐https://www.bukopin.co.id/pages/216-info-promo⭐Kantor Cabang terdekat #KB국민은행 #국민은행 #KB#SMTOWN_LIVE_2023_SMCU_PALACE_JAKARTA #SMTOWN_LIVE_2023_JAKARTA #SMCU_PALACE#SMTOWN_LIVE #SMTOWN #SMCU #KBBank #KBBukopin,"['#KB국민은행', '#국민은행', '#KB', '#SMTOWN_LIVE_2023_SMCU_PALACE_JAKARTA', '#SMTOWN_LIVE_2023_JAKARTA', '#SMCU_PALACE', '#SMTOWN_LIVE', '#SMTOWN', '#SMCU', '#KBBank', '#KBBukopin']"
179,혼자만의 티타임을 즐기고 있어요~ 혼자만의 시간도 잠시 가져보는것도 좋겠죠??🙈 조용하게 시원한 커피 한잔 즐기면서~ 잠시 잠깐 휴식을 하고 있어요~ 더 멋진 시간을 즐기기 위해서는 항상  조절하고 ~ 움직여야 더 좋은 시간을 보낼 수 있겠죠?? 지금처럼 조금 더 힘을 내서 좋은 기억들을 많이 남겨보세요^^😉☕,[]
180,⭐⭐기회를 찾아야 기회를 만든다.작은 기회로부터종종 위대한 업적이 시작된다.\아무리 위대한 천재의 능력일지라도기회가 없으면 소용이 없다.🌟🌟일단 기회라고 생각되면 그 기회를 활용하자. 좋은 기회는 좀처럼 생기지 않으며 쉽사리 잃는다. 현명한 사람은 기회를 행운으로 만든다.기회는 지금이다. 미루면 곤란해질 뿐이다.일단 기회라고 생각되면 그 기회를 활용하자.,[]
181,출처 조선비즈원장님들 연락주세요 🫡#성형외과 #피부과 #치과 #내과 ...#강남역 #가로수길 #압구정로데오 #성수동 #한남동 #홍대 #성신여대 #미아사거리 #노원역#building #shopping 🤩널리 고객을 이롭게 하라#리얼티코리아 중개법인 김홍식팀장02.511.6193kakao  skyhongs131DM문의 환영---- 공식 부동산 투자자문 협력사 ----#국민은행 #우리은행 #농협은행 ...#서울 #빌딩매매 #사옥매매 #토지매매#투자자문 #신축 #리모델링 #건물주,"['#성형외과', '#피부과', '#치과', '#내과', '#강남역', '#가로수길', '#압구정로데오', '#성수동', '#한남동', '#홍대', '#성신여대', '#미아사거리', '#노원역', '#building', '#shopping', '#리얼티코리아', '#국민은행', '#우리은행', '#농협은행', '#서울', '#빌딩매매', '#사옥매매', '#토지매매', '#투자자문', '#신축', '#리모델링', '#건물주']"
182,🥰,[]
183,"생일축하해주시고 연락주셔서 다들 감사합니다,,💟",[]
184,-야 이정도로 잘거면 숙박비 내고 내려라#조수석 #개꿀잠 #국민은행 #88260104,"['#조수석', '#개꿀잠', '#국민은행', '#88260104']"
185,가방 너무이쁘죠~ ^^ 빨간색으로 구매햇어요,[]
186,활용도가 아주 많을 거 같아서~ 작고 귀여운 가방을 쇼핑했어요~ 지금처럼 이렇게 멋진 휴가를 즐기기 위해서는 여러가지를 많이 준비해야 되겠죠?? 전 어떤 시간을 보내더라도 대충이란건 없어요~ 전 항상 모두에게 같은 시간이 주어진다면 최고로 보내고 싶으니까요~ 여러분들도 같은 생각이시죠?? 그렇다면 주저하지 말고 행동으로 옮기세요~ 그렇다면 더 멋진 시간을 보낼 수 있지 않을까요🌺🌺,[]
187,글로 현혹시키는게 아닌 ❌직접 수익으로 보여드릴께요✅저와 함께 합법으로수익 내고 싶으신 분들!!손실 많이 보신 분들!!돈 벌고 싶으신 분들!!소액 투자로 용돈 벌고 싶으신분들!!두려워 말고 같이 해봐요🙌확실히 다르다고 느끼게 해드립니다💪,[]
188,멋진 곳에서 식사를 즐겨요~😂 이제 멋진 시간을 누릴 수 있는 시간이 많이 남지 않았어요~ 남은 시간동안 멋진곳을 다니며 맛있는것도 먹고 ~ 좋은 시간을 보내야겠죠?? 😎조금 더 시간이 길다면 좋을거 같은데 시간은 기다려주지 않네요~ 하지만 아직까지 남은 시간들이 있으니~ 남은 시간동안 더 멋지고 알차게 보내보세요~ ^^,[]
189,회원님의 동의를 받은 100프로 실제후기사진입니다진짜 고맙습니다 ^^* 저 믿고 기다려주시고 매번 예약뒤로밀려도 불평없이 하시는분들 다시한번 감사 드립니다연락주시는대로 늦어도 답변을 드릴테니 조금만 기다려주세요절망속에서도 희망을 잃치말라 희망만이 희망을 키웁니다불경기에도 돈은 살아서 숨쉰다 돈의 숨소리에 귀을 기울여주세요돌다리만 두드리지 말고 그사이에 남들은 결승점에 가있어요무엇보다 건강이 우선이니 전처럼 밝게 웃는날이 오지않을까 싶습니다 오늘하루 수고 많으셨습니다 ^^*,[]
190,카드값 빠져나가면 텅텅 빈 텅장 💳 잠간의 투자가 성공을 만듭니다🙌 한번의 투자로 10배 수익 실현💯 대학생 직딩 육아맘 초보자 등 모두 가능 👌 프로필 하단 오픈톡으로 1:1 무료상담🤗,[]
191,"📣[KB 용보협 1억기부챌린지 ] 미지견•미지묘 캠페인 함께해요~국민은행에서 용보협에 통큰 기부를 합니다!미지견, 미지묘는 더 이상 ""유기(내다버리다)동물""이 아닌 출생과 행적을 알 수 없는 미지의 세계에서 반려인의 품으로와 함께 아름다운 추억을 그려간다 의미가 담겨있습니다.KB국민은행은 언제나 미지견, 미지묘 가족을 응원합니다!✅️ 캠페인 참여안내- 미지견(묘)캠페인에 참여하시면 동물 보호단체에 기부금이 전달됩니다.✅️ 기부참여 방법- 국민지갑 회원대상- 1일 1회, 총 10회 참여가능 (참여 시 일정금액 기부금 적립)- KB스타뱅킹을 이용하시면 간단하게 참여가능- KB 은행을 이용하지 않으셔도 간단히 본인 인증 후 참여 가능- 1명당 꼭 10회씩 참여해주실 수록 후원의 기회가 늘어납니다.✅️ 이벤트 링크 안내- https://kbwallet.kbstar.com/pems/FML60000성숙한 반려 문화를 함께 만들 수 있도록 가족/지인에게 공유해주세요!#1억기부프로젝트 #미지견 #미지묘 #용보협 #국민은행 #용보협기부챌린지 #KB월렛 #NFC #국민지갑 #KB국민지갑 #스타뱅킹 #NewFunContents #용보협후원하기 #보호소후원 #용보협살리기 #후원하기 #이벤트 #유기견돕기 #유기견후원 #참여만해도기부금","['#1억기부프로젝트', '#미지견', '#미지묘', '#용보협', '#국민은행', '#용보협기부챌린지', '#KB월렛', '#NFC', '#국민지갑', '#KB국민지갑', '#스타뱅킹', '#NewFunContents', '#용보협후원하기', '#보호소후원', '#용보협살리기', '#후원하기', '#이벤트', '#유기견돕기', '#유기견후원', '#참여만해도기부금']"
192,"🏛외국계 은행 취업을 위한 대표 기업 소개!- 한국씨티은행, 도이치뱅크, 중국공상은행 등!- 외국계 은행 취업 전략은 [취업꿀팁] 게시판 확인!.@외국계 은행 취준생 태그!★2023년도 금융권 취업메이트 독금사★dokkmsa 프로필 링크 GO!",[]
193,"아이들과은행다녀왔어요🩵곧 여름휴가를일본으로 가는 최남매인데요:)포켓몬, 산리오 등아이들의 천국이고물욕이 뿜뿜할것같아서똑같이10만원씩을 엔화로 환전해주었어요:)✔️우리나라 돈으로 10만원은  커보이지만 엔화로는 1000 단위이니  쉽게 쓸수 있어요, 그래서  같이가서 환전을 하니 큰금액이구나  감사하게 써야지 이런마음을 가지더라구요❤️✔️외국여행갈때  각 나라의 돈 생김새나, 단위의 차이등을  경험하게되고 은행업무도 같이하고, 현지에서 계산도 직접하고  신용카드 쓰는것보다는 훨씬 좋은것 같아요💕이 이상은 사달라고 하지 않겠죠?ㅎㅎㅎㅎㅎㅎㅎㅎㅎ막 하루만에 한방에 올인하고그러진 말아라 얘두라ㅎㅎㅎㅎㅎㅎㅎㅎㅎㅎ#일본여행 #엔화 #환전","['#일본여행', '#엔화', '#환전']"
194,"#국민은행 에서 주문 주신#814모닝뚱 & 계절과일 🍔🍇🍑.. ✿  이유있는재주문 ෆ ✿  학교,기업,행정센터,관공서 꾸준한 단골기관 ✿  담을원 경산본점 053)814-0187 ✿  예산맞춤 / 구성변경가능 #단체도시락 ✿ 과일바구니,예단,이바지 선물이미지 @dameulwon ෆ","['#국민은행', '#814모닝뚱', '#단체도시락']"
195,즐기는 부분에 있어서는 항상 기록을 남겨야겠죠?? 좋은 추억들은 기억에 오래 남지만~ 오랜 시간이 지나면 기억이 흐려질 수도 있어요~ 그때 사진을 본다면 흐려진 기억이 다시 생생히 살아나겠죠?? 항상 멋진 곳을 다니면서 사진을 남겨보세요~ 그렇다면 시간이 많이 지난 후에도 멋진 기억을 항상 되새겨볼 수 있지 않을까요?? 좋은 기억들은 오래 오래 기억하고 간직하고 싶은게 모든 사람의 마음일테니까요~ ^^🌺🌺,[]
196,아담하고 깔끔해보이죠??😉 활용도가 아주 좋을거 같아서~ 쇼핑했어요~😍😍 쇼핑은 해도 해도 끝이 없는거 같아요~ 매번 갈때마다 새로운것들이 눈에 보이고 ~ 사고 싶은것들도 새롭게 생겨나는게 항상 신기해요~ 신기하지만 늘 새로운것을 접할 수 있으니 늘 신선해요~ 전 요즘 새롭게 변화한 부분으로 새로운 느낌을 받고 싶어하기에 더 좋은 부분이라고 생각을 해요~ 많은 변화로 더 멋진 생활을 추구 하고 싶어요~ ^^🙈,[]
197,아담하고 깔끔해보이죠??😉 활용도가 아주 좋을거 같아서~ 쇼핑했어요~😍😍 쇼핑은 해도 해도 끝이 없는거 같아요~ 매번 갈때마다 새로운것들이 눈에 보이고 ~ 사고 싶은것들도 새롭게 생겨나는게 항상 신기해요~ 신기하지만 늘 새로운것을 접할 수 있으니 늘 신선해요~ 전 요즘 새롭게 변화한 부분으로 새로운 느낌을 받고 싶어하기에 더 좋은 부분이라고 생각을 해요~ 많은 변화로 더 멋진 생활을 추구 하고 싶어요~ ^^🙈,[]
198,InterContinental Grand Stanford Hong Kong숙소파뤼 흐흐홍콩 핵귀요미🐶칭타오2018.2,[]
199,Ini dia yang spesial untuk Sahabat KB Bukopin✨Lucky Draw Program KB Bukopin! ⭐️Hanya dengan menabung di KB Bukopin kamu bisa dapet kesempatan untuk nonton konser SMTOWN Live 2023 SMCU PALACE @ JAKARTA with KB Bank dan ketemu idola favorit kamu loh~ Jangan lupa swipe ke kiri untuk baca syarat dan ketentuan lengkapnya yaa.Informasi lebih lanjut:⭐Halo KB Bukopin di 14005⭐https://www.bukopin.co.id/pages/216-info-promo⭐Kantor Cabang terdekat#KB국민은행 #국민은행 #KB#SMTOWN_LIVE_2023_SMCU_PALACE_JAKARTA #SMTOWN_LIVE_2023_JAKARTA #SMCU_PALACE#SMTOWN_LIVE #SMTOWN #SMCU #KBBank #KBBukopin,"['#KB국민은행', '#국민은행', '#KB', '#SMTOWN_LIVE_2023_SMCU_PALACE_JAKARTA', '#SMTOWN_LIVE_2023_JAKARTA', '#SMCU_PALACE', '#SMTOWN_LIVE', '#SMTOWN', '#SMCU', '#KBBank', '#KBBukopin']"
200,티타임은 빠질 수 없는 부분이겠죠?? 잠시 시원한 곳에서 휴식을 취하면서 다음 스케줄에 대해서 이야기하고~ 또 어떻게 멋진 시간을 보낼지 생각해요~ 즐기는 시간이라서 그런지 모두 들떠서 당장이라도 뛰어 나갈거 같네요~ 하지만 멋진 시간을 위해서 조금 차분한 마음으로 즐기세요~ 항상 급하면 안되니 들뜬 마음을 조금 가라앉히고 즐겨야해요~ 긴 시간이 남은 휴가기간은 아니지만~ 어떻게 행동하느냐에따라서 많은 부분이 달라질 수 있으니~ 모든 부분을 알차게 확인하고 즐겨보세요^^💗💗,[]
201,"@gongyoo_official  for @kbkookminbank 2030 Busan World Expo #EXPO2030BUSAN#BUSANisReady ""The foreign deal is Like thisDid you rest ?The new foreign exchange platformKB Star FXThe difficult foreign exchange trading has changed after meeting KB.From financial market information to foreign exchange trading, it's all in one place.Now, foreign exchange trading is also KB Kookmin Bank.source 🔗 https://m.sedaily.com/DigitalPaper/EPaper_viewer/20230616/5/30#KB국민은행 #국민은행 #2030부산세계박람회 #부산세계박람회#부산엑스포 #준비된부산 #부산으로오세요 #EXPO2030BUSAN#BUSANisReady #공유 #gongyoo♡♡♡≛≛≛≛≛≛≛≛≛≛≛≛≛≛≛≛≛≛≛≛≛≛≛≛≛≛≛≛≛#GongYoo #GongJiChul #ggong #공유 #공지철 #コンユ #孔劉 #กงยู #koreanactor #kdrama #gysw_kbkookminbank #gysw_modify #gysw✋","['#EXPO2030BUSAN', '#BUSANisReady', '#KB국민은행', '#국민은행', '#2030부산세계박람회', '#부산세계박람회', '#부산엑스포', '#준비된부산', '#부산으로오세요', '#EXPO2030BUSAN', '#BUSANisReady', '#공유', '#gongyoo♡♡♡≛≛≛≛≛≛≛≛≛≛≛≛≛≛≛≛≛≛≛≛≛≛≛≛≛≛≛≛≛', '#GongYoo', '#GongJiChul', '#ggong', '#공유', '#공지철', '#コンユ', '#孔劉', '#กงยู', '#koreanactor', '#kdrama', '#gysw_kbkookminbank', '#gysw_modify', '#gysw✋']"
202,"문의주실 때 하시는 말씀들이 있어요초기비용이 걱정되요, 가능한건가요?물론 저도 초기비용이 있어서 엄청 고민했어요그런데 막상 시작하고 나니왜 진작에 시작하지 않았을까?싶더라구요🤦‍♀️⠀초기비용이 부담 되서 걱정하시는거저도 너무 이해가 돼요😭도해보지 않고는 누구도 자신이 얼마만큼 해낼 수 있는지 알지 못한다.다리를 움직이지 않고는 작은 도랑도 건널 수 없다.항상 갈구하라. 바보짓을 두려워마라.비장의 무기는 아직 손 안에 있다. 그것은 희망이성공에 대한 비밀은 따로 존재하지 않는다. 그것은 바로 준비고민하지 마시고 궁금하신 점 문의주세요😊문의는 프로필하단 상담링크 클릭해주세요~",[]
203,"23.08.07주식계좌 자산현황총 10,818만원-K올웨더 포트폴리오-배당주식 스윙전략(리얼티인컴)<미국증시 현황>미국 3대지수 약보합 마감했다.(다우 -0.43%, 나스닥 -0.36%, S&P500 -0.53%)특히 지난주 발표된 고용보고서 결과 비농업 고용자수가 예상보다 낮게나와 달러약세와 금리 하락 영향으로 미증시는 상승출발했다.  나아가 아마존(+8.27%)등 실적 호전 기업들의 강세가 상승을 견인했다.그러나, 장 후반 차익실현 매물이 출회되며 하락했다.--<겨울잠 생각>투자의 귀재 워런버핏의 현재 현금 보유량이 1,470억 달러로 지난 최고치 1,490억 달러에 근접해있다. Sell in May 전략이 통상 들어 맞는 때는 본래 8월 이후였다. 다시 장기채권 가격이 급락하고 장기채 금리가 오르고있다. 특히 금리에 취약한 기술주도 당분간 고전을 면치 못할것 같다. 지난번 코로나 초기 하락 배팅으로 큰 돈을 벌었던 투자의 신 '빌 애크먼'도 조정을 예상하는 지 장기국채를 매도했다. 위기는 곧 기회인 만큼 매수 기회를 주면 현금을 보유하다 SPY, QQQ 같은 지수상품을 매수하는 것도 좋은 전략일 것 같다...............#금리 #금리인상 #국민은행 #한국은행 #하나은행 #기업은행 #신한은행 #자기계발 #자수성가 #배움","['#금리', '#금리인상', '#국민은행', '#한국은행', '#하나은행', '#기업은행', '#신한은행', '#자기계발', '#자수성가', '#배움']"
204,친구들과 함께 보내는 멋진 시간~ 역시 휴가는 즐겨야 제 맛이겠죠??😊😊❤️ 휴가는 이렇게 함께 즐기는게 가장 좋은거 같아요~ 가족들과 함께~ 친구들과 함께~ 잊지 못 할 추억을 만들어가는게 휴가의 또다른 의미가 아닐까요??🤣 멋진 시간을 보내기 위해서 계획하고 또 계획했어요~ 지금은 그 계획에따라 멋진 시간을 보내고 있죠~ 멋진 휴가를 즐겨보세요~ 좋은 정보는 항상 공유하면 더 좋아지는거 아시죠?? ^^😆🙆,[]
205,운전할때는 편한신발로 ~ ^^ 힐로 운전하면 위험해요~,[]
206,#국민은행 #프로젝트 #웹 #기업뱅킹 #모바일 #스타기업뱅킹 #부가가치세신고안내많은 이용 부탁드립니다,"['#국민은행', '#프로젝트', '#웹', '#기업뱅킹', '#모바일', '#스타기업뱅킹', '#부가가치세신고안내많은']"
207,기회는 자기 자신이 만드는 것이아니라 왔을 때 잡는 것 입니다. 평소 투자분야에 관심이 많았지만 투자정보 지식이 부족하거나 원금손실에 대해 걱정을 가지고 계셨던 분들의 맞춤투자아이템을 소개해드리려합니다 원금손실 걱정없이 안전한 투자 지금 바로 시작하세요. 투자나 부업에 관심이 있으시거나 손실에 대한 복구가 필요하신 분들은,[]
208,"⭐️KB 캠퍼스스타 19기⭐️서울경기 5팀 오조만큼오랑해💛여러분!!! 안녕하세요💛 서울경기 5팀 오조만큼오랑해입니다.💛저희 팀의 사랑스러운 매력에 빠져보고 싶지는 않으신가요?!🧡 보기만해도 행복해지는 콘텐츠로 찾아 뵙겠습니다!🥰만관사부🙇‍♀️🙇‍♂️(많은 관심, 사랑 부탁드려요🧡🧡)#캠퍼스스타 #서울경기5팀 #사랑해 #오조만큼오랑해 #캠퍼스스타19기 #국민은행 #대외활동 #대외활동맞팔 #대외활동계정","['#캠퍼스스타', '#서울경기5팀', '#사랑해', '#오조만큼오랑해', '#캠퍼스스타19기', '#국민은행', '#대외활동', '#대외활동맞팔', '#대외활동계정']"
209,"⭐️KB 캠퍼스스타 19기⭐️서울경기 5팀 오조만큼오랑해💛여러분!!! 안녕하세요💛 서울경기 5팀 오조만큼오랑해입니다.💛저희 팀의 사랑스러운 매력에 빠져보고 싶지는 않으신가요?!🧡 보기만해도 행복해지는 콘텐츠로 찾아 뵙겠습니다!🥰만관사부🙇‍♀️🙇‍♂️(많은 관심, 사랑 부탁드려요🧡🧡)#캠퍼스스타 #서울경기5팀 #사랑해 #오조만큼오랑해 #캠퍼스스타19기 #국민은행","['#캠퍼스스타', '#서울경기5팀', '#사랑해', '#오조만큼오랑해', '#캠퍼스스타19기', '#국민은행']"
210,"⭐️KB 캠퍼스스타 19기⭐️서울경기 5팀 오조만큼오랑해💛여러분!!! 안녕하세요💛 서울경기 5팀 오조만큼오랑해입니다.💛저희 팀의 사랑스러운 매력에 빠져보고 싶지는 않으신가요?!🧡 보기만해도 행복해지는 콘텐츠로 찾아 뵙겠습니다!🥰만관사부🙇‍♀️🙇‍♂️(많은 관심, 사랑 부탁드려요🧡🧡)#캠퍼스스타 #서울경기5팀 #사랑해 #오조만큼오랑해 #캠퍼스스타19기 #국민은행","['#캠퍼스스타', '#서울경기5팀', '#사랑해', '#오조만큼오랑해', '#캠퍼스스타19기', '#국민은행']"
211,"⭐️KB 캠퍼스스타 19기⭐️서울경기 5팀 오조만큼오랑해💛여러분!!! 안녕하세요💛 서울경기 5팀 오조만큼오랑해입니다.💛저희 팀의 사랑스러운 매력에 빠져보고 싶지는 않으신가요?!🧡 보기만해도 행복해지는 콘텐츠로 찾아 뵙겠습니다!🥰만관사부🙇‍♀️🙇‍♂️(많은 관심, 사랑 부탁드려요🧡🧡)#캠퍼스스타 #서울경기5팀 #사랑해 #오조만큼오랑해 #캠퍼스스타19기 #국민은행","['#캠퍼스스타', '#서울경기5팀', '#사랑해', '#오조만큼오랑해', '#캠퍼스스타19기', '#국민은행']"
212,"⭐️KB 캠퍼스스타 19기⭐️서울경기 5팀 오조만큼오랑해💛여러분!!! 안녕하세요💛 서울경기 5팀 오조만큼오랑해입니다.💛저희 팀의 사랑스러운 매력에 빠져보고 싶지는 않으신가요?!🧡 보기만해도 행복해지는 콘텐츠로 찾아 뵙겠습니다!🥰만관사부🙇‍♀️🙇‍♂️(많은 관심, 사랑 부탁드려요🧡🧡)#캠퍼스스타 #서울경기5팀 #사랑해 #오조만큼오랑해 #캠퍼스스타19기 #국민은행","['#캠퍼스스타', '#서울경기5팀', '#사랑해', '#오조만큼오랑해', '#캠퍼스스타19기', '#국민은행']"
213,"⭐️KB 캠퍼스스타 19기⭐️서울경기 5팀 오조만큼오랑해💛여러분!!! 안녕하세요💛 서울경기 5팀 오조만큼오랑해입니다.💛저희 팀의 사랑스러운 매력에 빠져보고 싶지는 않으신가요?!🧡 보기만해도 행복해지는 콘텐츠로 찾아 뵙겠습니다!🥰만관사부🙇‍♀️🙇‍♂️(많은 관심, 사랑 부탁드려요🧡🧡)#캠퍼스스타 #서울경기5팀 #사랑해 #오조만큼오랑해 #캠퍼스스타19기 #국민은행","['#캠퍼스스타', '#서울경기5팀', '#사랑해', '#오조만큼오랑해', '#캠퍼스스타19기', '#국민은행']"
214,"⭐️KB 캠퍼스스타 19기⭐️서울경기 5팀 오조만큼오랑해💛여러분!!! 안녕하세요💛 서울경기 5팀 오조만큼오랑해입니다.💛저희 팀의 사랑스러운 매력에 빠져보고 싶지는 않으신가요?!🧡 보기만해도 행복해지는 콘텐츠로 찾아 뵙겠습니다!🥰만관사부🙇‍♀️🙇‍♂️(많은 관심, 사랑 부탁드려요🧡🧡)#캠퍼스스타 #서울경기5팀 #사랑해 #오조만큼오랑해 #캠퍼스스타19기 #국민은행","['#캠퍼스스타', '#서울경기5팀', '#사랑해', '#오조만큼오랑해', '#캠퍼스스타19기', '#국민은행']"
215,"⭐️KB 캠퍼스스타 19기⭐️서울경기 5팀 오조만큼오랑해💛여러분!!! 안녕하세요💛 서울경기 5팀 오조만큼오랑해입니다.💛저희 팀의 사랑스러운 매력에 빠져보고 싶지는 않으신가요?!🧡 보기만해도 행복해지는 콘텐츠로 찾아 뵙겠습니다!🥰만관사부🙇‍♀️🙇‍♂️(많은 관심, 사랑 부탁드려요🧡🧡)#캠퍼스스타 #서울경기5팀 #사랑해 #오조만큼오랑해 #캠퍼스스타19기 #국민은행","['#캠퍼스스타', '#서울경기5팀', '#사랑해', '#오조만큼오랑해', '#캠퍼스스타19기', '#국민은행']"
216,윤빈 선배 대 KE윤빈 😎‘광야로 걸어가2023은KB국민은행 유튜브 채널에서 만나보실 수 있습니다‘https://youtu.be/01zbpDC2kLo#광야로걸어가2023#윤빈#ke윤빈#국민은행@hyun.jxx0_p 💙🦋🤍.#Baragi #바라기 #VOID #보이드 #LetMeDrown #컬러러쉬 #광야로걸어가 #허현준 #Hyunjun #HyunJunHur #許玹準  #HappyHyunjunDay #sayangnyanoona 💙,"['#광야로걸어가2023', '#윤빈', '#ke윤빈', '#국민은행@hyun.jxx0_p', '#Baragi', '#바라기', '#VOID', '#보이드', '#LetMeDrown', '#컬러러쉬', '#광야로걸어가', '#허현준', '#Hyunjun', '#HyunJunHur', '#許玹準', '#HappyHyunjunDay', '#sayangnyanoona']"
217,카드값 빠져나가면 텅텅 빈 텅장😿잠간의 투자가 성공을 만듭니다한번의 투자로 10배 수익 실현💯대학생 직딩 육아맘 초보자 등 모두 가능👌원금보장?100%로 보장해드립니다상담을 원하시면 오픈톡으 클릭,[]
218,추우 ㅣ 실화?Sky Terrace 428진심 너무 추워서 바들바들ㅠㅠ사진도 다 흔들흔들~~~~ 야경은 멋있네..홍콩의마천루들을 위에서바라보는 느낌베리굿이죠~^^2018.2,[]
219,수익창출하신거 진심으로 축하드립니다 🤗 오늘도 믿고 맡겨주신 저희 고객님들 감사합니다🫶 (후기는 고객님의 동의하에서만 올립니다 🙏) 예약도 받고 있으니가 언제든지 문의 주세요🤗,[]
220,"안녕하세요, 반갑습니다 :)대외활동 등 다양한 콘텐츠를 기록할 예정입니다.",[]
221,"안녕하세요, 반갑습니다 :)대외활동 등 다양한 콘텐츠를 기록할 예정입니다.",[]
222,"안녕하세요, 반갑습니다 :)대외활동 등 다양한 콘텐츠를 기록할 예정입니다.",[]
223,티타임으로 출발을 해야되겠죠?? 😆😆 오늘은 또 어떤 시간들이 저를 기다리고 있을지 너무 기대가 되네요~ 전 요즘 하루 하루가 저에게 어떤 시간이 될 지 너무 기다려지고 있어요~ 휴가기간에 이렇게 멋진 시간을 보내고 있으니 정말 계획을 잘했다는 생각을 하고 있어요~ 휴가기간 주말에 집에만 계시지 마시고 서둘러서 멋진 시간을 보내보세요 시간을 흘려보내면 안되니까요 ^^🙆🙆,[]
224,온트워크 마케팅 들어보셨나요?<집에서 하는 온라인 네트워크 마케팅! > 집에서 하는 재테크가 바로 온트워크입니다!!��일을 하고 싶은데 경력단절이라 두렵고 취업이 어렵다��집안일과 아이들 케어로 항상 일을 하면서도 마음이 불안하다��경제가 어려운데 많은 돈을 들여서 창업을 하기엔 리스크가 크다��경험과 자식을 판매하는 1인기업을 시작했으나 몇달째 수입이 없다만약 당신이 이런 일로 고민하고 있다면프로필 아래 링크를 클릭하셔서 문의주세요회원님의 동의를 받은 100프로 실제후기사진입니다#상속세 #증여세 #버터플라이 #입원 #꽃 #실손보험 #vip #세금 #삼성생명 #보험금청구 #미리준비 #건강보험 #화병꽂이 #월요일 #질병 #비오니 #젊을때가입 #라일락 #연금보험 #국민은행 #수술 #선택은당신몫 #보험설계사 #보험 #문의환영 #가족보장 #행사 #작약 #치아보험 #수선화,"['#상속세', '#증여세', '#버터플라이', '#입원', '#꽃', '#실손보험', '#vip', '#세금', '#삼성생명', '#보험금청구', '#미리준비', '#건강보험', '#화병꽂이', '#월요일', '#질병', '#비오니', '#젊을때가입', '#라일락', '#연금보험', '#국민은행', '#수술', '#선택은당신몫', '#보험설계사', '#보험', '#문의환영', '#가족보장', '#행사', '#작약', '#치아보험', '#수선화']"
225,맛있는 식사를 즐겨요~ 멋진곳에서 시간을 잘 보내는것도 중요하지만 먹는 것도 잘 먹어야 하는거 아시죠?? 항상 멋지게 즐기는 계획을 할때는 그 주위에 어떤 맛집이 있고~ 어디가 좋은지 미리미리 알아둬야해요~ 먹는 결정은 가서 하더라도 어디에 뭐가 있는지는 알아야 선택을 할 수 있겠죠?? 휴가를 멋지게 보내고 싶으시다면 사전 검색은 꼭 필수라고 생각해요~ 멋진 계획으로 멋진 시간을 보내보세요^^💗💗,[]
226,회원님의 동의를 받은 100프로 실제후기사진입니다진짜 고맙습니다 ^^* 저 믿고 기다려주시고 매번 예약뒤로밀려도 불평없이 하시는분들 다시한번 감사 드립니다연락주시는대로 늦어도 답변을 드릴테니 조금만 기다려주세요절망속에서도 희망을 잃치말라 희망만이 희망을 키웁니다불경기에도 돈은 살아서 숨쉰다 돈의 숨소리에 귀을 기울여주세요돌다리만 두드리지 말고 그사이에 남들은 결승점에 가있어요무엇보다 건강이 우선이니 전처럼 밝게 웃는날이 오지않을까 싶습니다 오늘하루 수고 많으셨습니다 ^^*,[]
227,"🌞🌞 기회가 눈앞에 나타났을 때, 이것을 붙잡는 사람은 십중팔구는 성공한다.  뜻하지 않은 사고를 극복해서 자신의 힘으로 기회를 만들어 내는 사람은 100 퍼센트 성공한다.  기회가 두 번 문을 두드릴 것이라고는 생각지 말라 기회는 모든 사람에게 찾아오지만, 그것을 잘 활용하는 사람은 많지 않다 기회는 살며시 왔다 쏜살같이 달아난다 기회는 새와 같은 것, 날아가기 전에 꼭 잡아라.",[]
228,안녕하세요✨ 국민은행 대학생 서포터즈 캠퍼스스타 19기 김명훈입니다💛캠퍼스스타 첫 게시물로 발대식 후기 카드뉴스를 만들어봤는데요! 지속적으로 금융권/마케팅에 관심을 가져온 제가 앞으로 얼마나 열정있게 캠퍼스스타 활동을 하는지 지켜봐주시면 감사하겠습니다💛@kbkbkb_official @kbkookminbank #국민은행 #홍보대사 #캠퍼스스타 #발대식 #대외활동 #대외활동계정 #은행 #대학생 #대학생활 #좋아요#큽큽큽 #금융권대외활동,"['#국민은행', '#홍보대사', '#캠퍼스스타', '#발대식', '#대외활동', '#대외활동계정', '#은행', '#대학생', '#대학생활', '#좋아요', '#큽큽큽', '#금융권대외활동']"
229,"[KB라스쿨 중등 1기 - 7월 활동일지]7월에 진행된 Kb라스툴 중등 1기의 활동들을 간략하게 정리해보았습니다!7월에는 시험, 방학등의 스케쥴이 겹치며 다양한 활동을 진행하기는 어려웠지만, 멘티들이 더운 날씨에도 힘을 내서 열심히 참여하는 모습들을 보여줬답니다~~!#kb라스쿨중등 #멘토링 #국민은행 #아이들과미래재단 #kbdreamwave2030","['#kb라스쿨중등', '#멘토링', '#국민은행', '#아이들과미래재단', '#kbdreamwave2030']"
230,이런 분위기를 느껴 보신 적있으신가요?? 휴가기간에는 이렇게 새롭고 멋진 곳으로 시간을 보내본다면 좋겠죠?? 항상 도심속에서 갑갑한 생활을 많이 했기에 휴가는 조금 자연과 어우러져 보낼 수 있는 곳으로 떠나보는게 좋지 않을까요?? 평소와는 다른 느낌을 많이 느껴보세요~ 그렇다면 더 많은 것을 느끼보고 싶기에 동기부여가 될 수 있으니까요~💖💖,[]
231,그림 같지 않나요??🌇🌇 마음의 여유가 있고 즐기고 있는 시간이라 그런지 정말 그림 같이 이쁘네요~ 평소에는 왜 느끼지 못했을까요?? 🤣역시 어떤 상황이냐에 따라서 느껴지는 부분도 많이 다른거 같아요~ 다들 바쁜 일상속에서 이런 멋진 부분들을 놓치고 있지 않을까요?? 사소한것부터 하나 둘씩 여유를 가지고 새롭게 생활을 해야 할거 같아요~ 모두 여유를 찾고 사소한 부분까지 놓치지 말고 느껴보세요 ^^❤️❤️,[]
232,최유정T 덕에 영어 독해 실력 쑥쑥 성장중🩷 문제 잘 풀는 것도 중요하지만.. 단어 외우는게 생명이라는 걸 다시 알게되는…🥲#라스쿨 #kb라스쿨 #리브위드 #최유정쌤 #영어수업 #고2 #국민은행 #모의평가 #단어외우자👊🏻😤,"['#라스쿨', '#kb라스쿨', '#리브위드', '#최유정쌤', '#영어수업', '#고2', '#국민은행', '#모의평가', '#단어외우자👊🏻😤']"
233,아이와 함께 좋은 시간을 보내고 있어요~ ❤️ 가족과 함께 이렇게 즐기는 시간은 행복인거 아시죠?? 😆아이도 시간가는 줄 모르고 이렇게 즐기고 있네요~ 역시 여름에는 바닷가가 최고인거 같아요~ 아이도 즐겁고 어른들도 가슴이 뻥 뚫리는거처럼 마음속까지 시원해지는 느낌이네요~ 여러분들은 휴가를 어떻게 즐기고 계신가요?? 멋진 시간을 보내고 좋은 추억을 많이 남길 수 있는 휴가를 보내세요 ^^ 😉,[]
234,아무리 휴가기간이라고 해도 쇼핑은 빠져선 안되겠죠?? 아직 즐겨야 할 휴가 기간이 남았기에~ 더 멋지게 즐기기 위해서 항상 이렇게 준비에 소홀히 하면 안되요~ 항상 계획에 맞게 준비도 열심히 해야하고~ 항상 준비되어 있어야지만 멋진 시간을 즐길 수 있겠죠?? 항상 준비하면서 대비하세요~ 그렇다면 항상 멋진 시간을 보낼 수 있을거예요~🌞🌞,[]
235,"#Repost @kbkookminbank with @use.repost・・・[#EVENT][광야로 걸어가 2023] EP.01화는 재밌게 즐기셨나요?KB국민은행 광야점에 찾아온 위기를 도와줄 누군가의 등장은 바로바로~!지금 바로 EP.02화에서 만나볼까요?EP.02화에서는 Ke를 되찾을 수 있는 방법이 나오는데요! Ke를 되찾을 수 있는 방법인 ‘00000’00000를 하기 위해서는 리넥 5,000개를 모아야 합니다!퀴즈! 그렇다면 여기서 ‘00000’ 은 무엇일까요?댓글로 정답을 남겨주세요💛Hint. 정답은 다섯글자로, 현실의 내가 광야의 Ke와 동기화 되는 현상을 말합니다!📌 이벤트 참여 방법① KB국민은행 공식 유튜브 채널 구독, 좋아요, 알림 설정하기② 〈광야로 걸어가 2023〉 EP.02시청하기③ 〈광야로 걸어가 2023〉 EP.02 댓글 창에 정답 댓글 달기⚠️ 〈광야로 걸어가 2023〉 EP.02 유튜브 영상 내에 작성된 댓글만 이벤트 참여 댓글로 인정됩니다. ⚠️국내 주소지가 있는 분만 참여가 가능합니다.⚠️ 이벤트 당첨자는 추첨을 통해 선정되며, 당첨자는 대댓글로 발표됩니다.📌 이벤트 기간 : 2023.08.04(금)~2023.08.10(목)📌 당첨자 발표 : 2023.08.23(수)📌 이벤트 경품 : [맥도날드] 베이컨 토마토 디럭스 세트 30명 (추첨)#KB국민은행 #aespa #웹드라마 #티저 #로맨스 #판타지#광야로걸어가 #국민은행 #SM타운 #aespa #남사친 #여사친 #캠퍼스#에스파 #카리나 #윈터 #지젤 #닝닝 #광야 #KWANGYA #KB광야점#EVENT #이벤트 #유튜브이벤트 #Karina #Winter #Giselle #Ningning","['#Repost', '#EVENT][광야로', '#KB국민은행', '#aespa', '#웹드라마', '#티저', '#로맨스', '#판타지', '#광야로걸어가', '#국민은행', '#SM타운', '#aespa', '#남사친', '#여사친', '#캠퍼스', '#에스파', '#카리나', '#윈터', '#지젤', '#닝닝', '#광야', '#KWANGYA', '#KB광야점', '#EVENT', '#이벤트', '#유튜브이벤트', '#Karina', '#Winter', '#Giselle', '#Ningning']"
236,날씨 너무 덥네요~ ㅜㅜ 집밖은 위험해 ㅋㅋ 놀러 가는중~,[]
237,❤️🙌,[]
238,재택 부업.알바 믿을수있는곳에서쉽고 간편하게 할수있습니다!!!!누구나 쉽게 할수있는 부업출퇴근없이 집에서 언제어디서나 꾸준하게 돈벌수있는 재택부업다양한 수입구조로초보 상관없이 첫날부터 바로 수익안전하게 내돈 지키면서 꾸준한수익 함께하실분~친절 상담 문의는 프로필하단 오픈톡으로!!!,[]
239,한번만들어봣는데 나름 맛잇긴하네요~^^ 하루첫시작은 커피로 시작,[]
240,"🌞🌞기회가 눈앞에 나타났을 때, 이것을 붙잡는 사람은 십중팔구는 성공한다. 뜻하지 않은 사고를 극복해서 자신의 힘으로 기회를 만들어 내는 사람은 100 퍼센트 성공한다. 기회가 두 번 문을 두드릴 것이라고는 생각지 말라기회는 모든 사람에게 찾아오지만, 그것을 잘 활용하는 사람은 많지 않다기회는 살며시 왔다 쏜살같이 달아난다기회는 새와 같은 것, 날아가기 전에 꼭 잡아라.",[]
241,"대부분 돈을 꼽으실거에요̆̈.. 집.회사.학비.건강 등등 돈 이⃝ 있으면 해결되는 문제들 이⃝ 많으니까요̆̈.... 그래서 사람들은 돈을 버는 방법을 찾아봐요̆̈!! 부자가 되는 방법을 알아보고, 부자들은 어떻게 부자가 됐는지를 공부합니다⃞!! 돈을 버는 방법?̊̈ 부자가 되는 방법?̊̈ 가장 쉽고,명확한 방법은 부자와 함께 하는 것입니다⃞!! 부자와 함께 하고 그 방법을 따라하세요̆̈!! 입만 산 사기꾼 이⃝ 아닌, 증명하고 보여주는 진정한 부자와 함께 하세요̆̈!! 언제든 상담 준비가 되어있으니 상담이라도 받아보세요̆̈!!",[]
242,Ini dia yang spesial untuk Sahabat KB Bukopin✨Lucky Draw Program KB Bukopin! ⭐️Hanya dengan menabung di KB Bukopin kamu bisa dapet kesempatan untuk nonton konser SMTOWN Live 2023 SMCU PALACE @ JAKARTA with KB Bank dan ketemu idola favorit kamu loh~ Jangan lupa swipe ke kiri untuk baca syarat dan ketentuan lengkapnya yaa.Informasi lebih lanjut:⭐Halo KB Bukopin di 14005⭐https://www.bukopin.co.id/pages/216-info-promo⭐Kantor Cabang terdekat#KB국민은행 #국민은행 #KB#SMTOWN_LIVE_2023_SMCU_PALACE_JAKARTA #SMTOWN_LIVE_2023_JAKARTA #SMCU_PALACE#SMTOWN_LIVE #SMTOWN #SMCU #KBBank #KBBukopin,"['#KB국민은행', '#국민은행', '#KB', '#SMTOWN_LIVE_2023_SMCU_PALACE_JAKARTA', '#SMTOWN_LIVE_2023_JAKARTA', '#SMCU_PALACE', '#SMTOWN_LIVE', '#SMTOWN', '#SMCU', '#KBBank', '#KBBukopin']"
243,"[#EVENT][광야로 걸어가 2023] EP.01화는 재밌게 즐기셨나요?KB국민은행 광야점에 찾아온 위기를 도와줄 누군가의 등장은 바로바로~!지금 바로 EP.02화에서 만나볼까요?EP.02화에서는 Ke를 되찾을 수 있는 방법이 나오는데요! Ke를 되찾을 수 있는 방법인 ‘00000’00000를 하기 위해서는 리넥 5,000개를 모아야 합니다!퀴즈! 그렇다면 여기서 ‘00000’ 은 무엇일까요?댓글로 정답을 남겨주세요💛Hint. 정답은 다섯글자로, 현실의 내가 광야의 Ke와 동기화 되는 현상을 말합니다!📌 이벤트 참여 방법① KB국민은행 공식 유튜브 채널 구독, 좋아요, 알림 설정하기② 〈광야로 걸어가 2023〉 EP.02시청하기③ 〈광야로 걸어가 2023〉 EP.02 댓글 창에 정답 댓글 달기⚠️ 〈광야로 걸어가 2023〉 EP.02 유튜브 영상 내에 작성된 댓글만 이벤트 참여 댓글로 인정됩니다. ⚠️국내 주소지가 있는 분만 참여가 가능합니다.⚠️ 이벤트 당첨자는 추첨을 통해 선정되며, 당첨자는 대댓글로 발표됩니다.📌 이벤트 기간 : 2023.08.04(금)~2023.08.10(목)📌 당첨자 발표 : 2023.08.23(수)📌 이벤트 경품 : [맥도날드] 베이컨 토마토 디럭스 세트 30명 (추첨)#KB국민은행 #aespa #웹드라마 #티저 #로맨스 #판타지#광야로걸어가 #국민은행 #SM타운 #aespa #남사친 #여사친 #캠퍼스#에스파 #카리나 #윈터 #지젤 #닝닝 #광야 #KWANGYA #KB광야점#EVENT #이벤트 #유튜브이벤트 #Karina #Winter #Giselle #Ningning","['#EVENT][광야로', '#KB국민은행', '#aespa', '#웹드라마', '#티저', '#로맨스', '#판타지', '#광야로걸어가', '#국민은행', '#SM타운', '#aespa', '#남사친', '#여사친', '#캠퍼스', '#에스파', '#카리나', '#윈터', '#지젤', '#닝닝', '#광야', '#KWANGYA', '#KB광야점', '#EVENT', '#이벤트', '#유튜브이벤트', '#Karina', '#Winter', '#Giselle', '#Ningning']"
244,"🍸돈 없어 불편하고,돈이 없어 서러운 인생을 살다 갈 순 없습니다💝살아있다는 것은 성장을 의미합니다👨‍👩‍👧성장하지 못하면 살아있어도 죽은 것 입니다🙋‍♂️성장하는 삶,성공하는 삶을 위해서는 상대를 이기는 것이 아니고,나 자신을 이기고 성장을🎰우선하는 것입니다그러니 학습목표를 함께 갖고 함께 합시다🌳두려울 것 없이 하고자 하는 마음만 있다면🍨시작에 불과할 뿐더 이루고픈 마음을 성공으로 얼마든지🐽오픈톡으로 문의주시면 됩니다",[]
245,❣️❣️돈 벌자고 다들 부업 알아보고  시작하려는것 아닐까요?  그렇다면 확실하게 벌수있게 도와주는  사람을 선택해야해요!!  망설일 시간에 지금도 수익내고 있어요  고민 그만하고 지금 프로필 챗 클릭ps.상담은 돈 안들어요🌞믿고따라오신다면 수익으로 보여드릴게요!!!🌞진짜 고맙습니다 ^^* 저 믿고 기다려주시고  매번 예약뒤로 밀려도 불평없이 하시는분들  다시한번 감사 드립니다🌞연락주시는대로 늦어도 답변을  드릴테니 조금만 기다려주세요🌞절망속에서도 희망을 잃치말라  희망만이 희망을 키웁니다🌞무엇보다 건강이 우선이니 전처럼 밝게 웃는날이 오지❤❤ 않을까 싶습니다 오늘하루 수고 많으셨습니다 ^^*,[]
246,원금 보장이 가능한 부업 알바원금 손실이 발생한다면안전한 투자가 아닙니다다양한 수입 구조로초보 상관없이 첫날부터 바로 수익안전하게 내돈 지키면서 함께 하실분~^^,[]
247,멋지게 쇼핑을 즐기고~ 돌아가는 길이예요~ 멋지게 즐기려면 그만큼 준비도 철저해야 되는거 아시죠?? 😉그래서 전 매일 매일 체크하고 준비를 해요~ 쇼핑을 끝냈으니~ 이제 멋진곳으로 가서 즐겨야겠죠??🧡💗 전 휴가를 최대로 즐겨야해요~ 그동안의 많고 많은 보상들보다 길게 주어진 자유로운 시간을 마음껏 누릴 수 있으니까요~ 즐기세요~ 멋진 여름을 보내고 더 멋진 삶을 꿈꿔보세요~👏👏,[]
248,🌺🌺커피 한잔 즐기며 간식까지 즐겨요~ 많이 덥기 때문에 항상 중간중간 쉬어주는 시간이 필요한거 아시죠?? 늘 즐기는 티타임이지만 지금은 조금 여유롭게 길게 에너지 충전을 해줘야해요~ 아니면 금방 치지고 힘들어 질 수 있기 때문이예요~ 모든 사람이 같을 수 없으니 조금은 스스로 조절해가면서 즐겨야해요~ 무리하게 즐기면 오히려 독이 될 수 있으니까요~ 항상 충분한 휴식을 취하면서 멋지게 즐겨보세요~ 멋진 여름이 될 수 있을거예요~^^,[]
249,나시만 입으면 뭔가 허전한 느낌ㅁ,[]
250,회원님의 동의를 받은 실제 후기입니다작은 용기가 인생을 바꿉니다!저랑 함께 부자 되실분~~망설이는 이순간에도 누군가는한발 앞서 나아가고 있습니다~투자는 즐겁게~!!! 수익은 꾸준하게~!!!지인분 소개 아니더라도 편하게 문의주세요,[]
251,"[23' 상반기 국민은행 최종 합격후기]⠀""각자 자신의 때가 있다는 말이 와닿습니다.""글쓴이. Lulucy97출처. 국민은행 신입행원 기업금융 최종합격 후기⠀국민은행 신입행원 최종 합격자의 스토리를금융권 취업카페 1위 독금사에서 확인하세요!⠀→ 저장해놓고 보세요!@국민은행 준비하는 친구 태그⠀★2023년도 금융권 취업카페 1위 독금사★dokkmsa 프로필 링크 GO!",[]
252,묭실가서 이쁘게 머리하고 간곳은...?,[]
253,꼬미랑 봉봉이 벌써 다섯살🖐그동안 둘다 아파서 입원해본적도 있는데 그때마다 병원비는 돈폭탄💣 이제 점점 나이 먹을수록 병원 갈일이 더 많아질것같은데...나중을 대비하고 싶어서 꼬미봉봉이 적금 가입!!1~50만원. 36개월 자유적립식. 소액이지만 매달 꼬박꼬박 돈 모아뒀다가 우리 아이들 위해 잘 써야지!! #시츄 #펫적금 #KB반려행복적금 #36개월적금 #자유적립적금 #반려동물적금 #국민은행 #가슴으로낳아지갑으로키운다,"['#시츄', '#펫적금', '#KB반려행복적금', '#36개월적금', '#자유적립적금', '#반려동물적금', '#국민은행', '#가슴으로낳아지갑으로키운다']"
254,고객님이 만족하는 그 순간까지더욱더 노력하는 박소향이 되겠습니다!!!——————————————————-진심과 소명 믿고 맡길수 있는'박소향 팀장(본내용은 회원님의 동의하에 공유됨을 알려드립니다)문의는 프로필하단 상담링크를 클릭해주세요~#국민 #한국민속촌 #국민대 #명월국민학교 #국민조카 #국민대학교 #국민청원 #국민실내복 #국민은행 #국민ipa #프랑스국민밤쨈 #국민체육진흥공단 #국민다육 #국민주권 #청와대국민청원 #국민연금 #국민안내양 #국민의권리 #대한민국국민 #kb국민은행 #국민피부관리 #국민외교 #국민외교센터 #대한민국민화공모대전 #용인국민연금공단꽃집 #국민grs #한국민속총 #용인한국민속촌 #국민체험단 #국민투표로또,"['#국민', '#한국민속촌', '#국민대', '#명월국민학교', '#국민조카', '#국민대학교', '#국민청원', '#국민실내복', '#국민은행', '#국민ipa', '#프랑스국민밤쨈', '#국민체육진흥공단', '#국민다육', '#국민주권', '#청와대국민청원', '#국민연금', '#국민안내양', '#국민의권리', '#대한민국국민', '#kb국민은행', '#국민피부관리', '#국민외교', '#국민외교센터', '#대한민국민화공모대전', '#용인국민연금공단꽃집', '#국민grs', '#한국민속총', '#용인한국민속촌', '#국민체험단', '#국민투표로또']"
255,"문의주실 때 하시는 말씀들이 있어요초기비용이 걱정되요, 가능한건가요?물론 저도 초기비용이 있어서 엄청 고민했어요그런데 막상 시작하고 나니왜 진작에 시작하지 않았을까?싶더라구요🤦‍♀️⠀초기비용이 부담 되서 걱정하시는거저도 너무 이해가 돼요😭도해보지 않고는 누구도 자신이 얼마만큼 해낼 수 있는지 알지 못한다.다리를 움직이지 않고는 작은 도랑도 건널 수 없다.항상 갈구하라. 바보짓을 두려워마라.비장의 무기는 아직 손 안에 있다. 그것은 희망이성공에 대한 비밀은 따로 존재하지 않는다. 그것은 바로 준비고민하지 마시고 궁금하신 점 문의주세요😊문의는 프로필하단 상담링크 클릭해주세요~",[]
256,"💛기부하고 에스파와 설레는 만남!KB국민은행 리브 Next의 ‘하트모아 기부하기‘ 이벤트를 통해선정된 고객 60명을 초대해 에스파 팬사인회를 진행했어요!👏🏻방문해주신 고객분들에게 더 즐거운 시간을 선사하기 위해준비한 퀴즈 이벤트🎁 포토존 📷 그리고 에스파 멤버들의따끈따끈 친필 사인과✍🏻기념촬영까지🤳현장 반응이(🔥후끈후끈🔥)얼마나 뜨거웠는지 몰라요!😘특히 잊지 못할 추억을 남겨준 이날은7월 28일에 공개된 KB국민은행 웹드라마‘광야로 걸어가 2023’ 티저 영상이최초 공개되어 큰 호응을 얻었어요!🎉많은 관심과 호응에 힘입어 🔈바로 오늘, 저녁 6시!광야로 걸어가 2023 EP.02 공개됩니다😎EP.02에는 에스파가 깜짝 등장해 존재감을 뽐낼 예정이니 모두 집중! 👀 (기대 UP💢)📌KB국민은행 웹드라마📺 [#광야로걸어가2023]🕕매주 금요일 저녁 6시,KB국민은행 공식 유튜브 채널에서 공개!여러분 함께 광야로 떠날 준비 되셨죠?KB국민은행 공식 유튜브 #좋댓구알 하고EP.02도 즐겁게 시청해주세요 ( #많관부 💛)#KB국민은행 #국민은행 #aespa #웹드라마 #로맨스 #판타지 #광야로걸어가 #남사친 #여사친 #캠퍼스 #에스파 #카리나 #윈터 #지젤 #닝닝 #광야 #Karina #Winter #Giselle #Ningning #KWANGYA #KB광야점","['#광야로걸어가2023]🕕매주', '#좋댓구알', '#많관부', '#KB국민은행', '#국민은행', '#aespa', '#웹드라마', '#로맨스', '#판타지', '#광야로걸어가', '#남사친', '#여사친', '#캠퍼스', '#에스파', '#카리나', '#윈터', '#지젤', '#닝닝', '#광야', '#Karina', '#Winter', '#Giselle', '#Ningning', '#KWANGYA', '#KB광야점']"
257,오늘은 햇살도 좋고~ 🌞🌞기분좋은 하루가 시작되었네요~ 전 조용한 커피숍에서 커피 한잔을 즐기러 왔어요~ 커피 한잔을 즐기면서 마음편안하게~ 여유를 느끼고 있어요~ 시작을 알렸으니 이제 본격적으로 즐기는 시간을 가져봐야 되겠죠?? 😁무더위를 이기는 방법은 즐기는게 가장 좋다고 생각해요~ 덥다고 실내에서 계시지만 마시고~ 활동적으로 움직여보세요~ 멋진 하루 하루는 스스로 만들어야 될테니까요~✊😉,[]
258,.휴가도 잼있게 잘 보냈으니힘차게 달려 봅시닷불금 가즈아~😘😘...#손흥민 #촬영 #프로필 #최고 #미용실 #염색 #간지 #펌 #컷 #샤넬 #동성로 #경산 #특수머리 #운좋은 #스타일 #아나운서 #출산 #여자친구#국민은행 #버터플라이 #부산신항 #스킨십 #부동산제테크 #브로맨스 #마린시티 #꼬마빌딩,"['#손흥민', '#촬영', '#프로필', '#최고', '#미용실', '#염색', '#간지', '#펌', '#컷', '#샤넬', '#동성로', '#경산', '#특수머리', '#운좋은', '#스타일', '#아나운서', '#출산', '#여자친구', '#국민은행', '#버터플라이', '#부산신항', '#스킨십', '#부동산제테크', '#브로맨스', '#마린시티', '#꼬마빌딩']"
259,"적은 노력으로 성공할 수 있었던 비결 바로 재태크 입니다 이 개념을 돈과 연결하면, 똑같이 만 원을 버는 데 들어가는 시간을 환산한 것으로 볼 수 있어요. 누군가는 만 원을 벌기 위해 1시간을 일해야 하지만, 누군가는 같은 돈을 버는데 고작 몇 분이면 충분하기도 합니다. 그래서 평생 노력해야 한다면 초반에 제대로 하는 것이 중요해요! 어떤 영역이든 티핑포인트를 넘어가면 보상은 기하급수적으로 올라갑니다. 그 시작은 내 노력의 보상이 10배,100배로 올라갈 수 있다는 사실부터 깨닫는 것이죠. 생각의 경계를 깨고 실천해서 임계점을 넘어봅시다!! 지금까지와는 다른 삶이 펼쳐질 것입니다💪💪",[]
260,🙌,[]
261,#국민은행#명동지점#볼일보고후다닥#부지점장님과한컷#오랜지인사이#친구같은사이👭#친절하시고#예쁘기까지하신#능력자이신분#모델#서울문화예술대학교 #서울캠퍼스 #Scau모델학과,"['#국민은행', '#명동지점', '#볼일보고후다닥', '#부지점장님과한컷', '#오랜지인사이', '#친구같은사이👭', '#친절하시고', '#예쁘기까지하신', '#능력자이신분', '#모델', '#서울문화예술대학교', '#서울캠퍼스', '#Scau모델학과']"
262,"この背中♥️この身長差❤︎.*この上腕ᥫᩣ ̖́-この…すべてだぁ💝この撮影だったんだァ〜✩.*˚ポゴシッポヨ‪(o̴̶̷᷄ ̫  o̴̶̷̥᷅ ꜀ )💕@gongyoo_official #Repost @kbkookminbank・・・[여섯시은행] 공차장과 박대리의 하루🍭국민의 평생금융파트너, KB국민은행에서공유와 박은빈이 6시까지 함께하는 KB 9To6 Bank🏦저녁 6시까지 열려있고, 전국 82개 지점으로 더 가까워진여섯시은행을 만나보세요⭐👉네이버지도, 카카오맵에서 ’여섯시은행‘을 검색해보세요고객을 위해 은행의 시간을 바꾸다KB국민은행📌공유와 박은빈이 은행원이 된 영상을 본 실제 KB국민은행 직원의 반응은?KB 9To6 Bank에서의 생생한 경험담이 궁금하신분들은KB국민은행 유튜브 채널 구독과 알림설정!*준법감시인 심의필 제2023-3033호(2023.07.28.),*광고물 유효기간 2024.7.27.까지※ 본 게시물은 당사 홍보 기록 보존 목적에 한하여광고 유효 기간이 지나더라도 게시할 예정입니다.#KB9To6Bank #9To6Bank #나인투식스뱅크#공유 #박은빈 #KB국민은행 #국민은행 #영업시간 #여섯시은행 #은행시간 #9to6 #나인투식스 #은행영업시간","['#Repost', '#KB9To6Bank', '#9To6Bank', '#나인투식스뱅크', '#공유', '#박은빈', '#KB국민은행', '#국민은행', '#영업시간', '#여섯시은행', '#은행시간', '#9to6', '#나인투식스', '#은행영업시간']"
263,#screenshot @kbkookminbank [KB 9To6 Bank] source 🔗 https://youtu.be/PKlFv1pit9U#KB9To6Bank #9To6Bank #나인투식스뱅크#공유 #박은빈 #KB국민은행 #국민은행 #영업시간 #여섯시은행 #은행시간 #9to6 #나인투식스 #은행영업시간♡♡♡≛≛≛≛≛≛≛≛≛≛≛≛≛≛≛≛≛≛≛≛≛≛≛≛≛≛≛≛≛#GongYoo #GongJiChul #ggong #공유 #공지철 #コンユ #孔劉 #กงยู #koreanactor #kdrama #gysw_kbkookminbank #gysw_screencapture,"['#screenshot', '#KB9To6Bank', '#9To6Bank', '#나인투식스뱅크', '#공유', '#박은빈', '#KB국민은행', '#국민은행', '#영업시간', '#여섯시은행', '#은행시간', '#9to6', '#나인투식스', '#은행영업시간♡♡♡≛≛≛≛≛≛≛≛≛≛≛≛≛≛≛≛≛≛≛≛≛≛≛≛≛≛≛≛≛', '#GongYoo', '#GongJiChul', '#ggong', '#공유', '#공지철', '#コンユ', '#孔劉', '#กงยู', '#koreanactor', '#kdrama', '#gysw_kbkookminbank', '#gysw_screencapture']"
264,일상생활 속 가장 소중한 나의 퍼스널 정보!🔏 간단한 방법으로 위기 탈출 가보자고~~👊👊 #국민은행 #리브넥스트 #모바일봉사 #정보보호의날 #개인정보지키미,"['#국민은행', '#리브넥스트', '#모바일봉사', '#정보보호의날', '#개인정보지키미']"
265,이왕에 시작할거 제대로된 라인에서 시작하세요. 이왕에 돈벌거 확실한 곳에서 시작하세요. 라인 제대로 타야 제대로 돈 벌수 있는점! 그래서 실패없이 오래 벌어요! 육아하면서 벌었어요! 언제든지 상담가능하니 상담주세요!! 프로필 밑 하단에 링크 누르시면 상담이 연결되세요!!,[]
266,"..[위클리 캐치 파이넨스]매주 목요일!재밌는 넌센스 그림퀴즈 풀면서금융상식 배우고, 스타벅스 커피쿠폰도 받자!저희 팽성농협이 그린 그림을 보고 떠오르는 금융용어를댓글에 달아주세요.정답을 맞추신 팽성농협 팔로워분들 중매주 10분을 추첨하여 스타벅스 쿠폰을 드립니다[내부사정으로 인해 잠시 동안 휴식시간을 갖고 돌아왔습니다!]그렇다면 이번주 위클리 캐치 파이넨스 문제 나갑니다!저희 팽성농협 인스타그램 공식 계정 팔로우,카카오채널 채널을 추가하고 업로드 된 퀴즈에 댓글 달면​당첨확률 up! uP! UP!카카오채널, 네이버 블로그도 많은 이용 부탁드립니다 :)🟩팽성농협 네이버 블로그https://blog.naver.com/nh205029-1🟥팽성농협 유튜브 채널https://www.youtube.com/@user-vb2tl2qj5t🟨팽성농협 카카오채널http://pf.kakao.com/_WxnPvb[팽성농협 본점]🗺️ 경기도 평택시 팽성읍 동서촌로 90📱 031-691-8831[팽성농협 안송지점]🗺️ 경기 평택시 팽성읍 안정순환로104번길 35 파라디아 오피스텔 1층 107호📱 031-691-8836[팽성농협 본정지점]🗺️ 경기 평택시 팽성읍 본정2길 23📱 031-691-7402",[]
267,🦀,[]
268,#임산부뱃지🤰 오늘은 보건소 가서 뱃지랑 이것저것 받아왔다🫶🏻국민은행 가서 국민행복카드도 발급신청 하고 왔다😆진짜 내가 임산부라니...😎#도담🫶🏻 #임산부뱃지 #당진보건소 #국민은행,"['#임산부뱃지🤰', '#도담🫶🏻', '#임산부뱃지', '#당진보건소', '#국민은행']"
269,평소에 많이 다니는 곳하고는 느낌이 많이 다르죠?? 이렇게 색다른 느낌을 느끼고 있으니 기분이 새롭네요~ 그동안 바쁘게 살아 왔다는 증거가 아닐까요?? 항상 평소 생활에는 느끼지 못하는 기분이 마음의 여유가 생기면 보이고 찾을 수 있게되죠~ 저도 평소에 멋지게 생활한다고 자부하고 있지만 이렇게 본다면 아직까지 더 많이 발전하고 더 넗은 시야를 위해서 노력해야 겠다는 생각이 들어요~ 더 열심히 노력해서 더 멋진 삶으로 발전 시켜야 겠다는 생각을 해요^^💗💗,[]
270,😍,[]
271,Dear God!This is my dream husband 🫠🫠🫠Perhaps in my next life… or next next life… or to the infinity and beyond… or… the galaxy Far Faraway… is okay…. I can wait … Dear God here I pray 🙏🏻 💘 Repost @kbkookminbank #KB9To6Bank #9To6Bank #나인투식스뱅크#공유 #박은빈 #KB국민은행#국민은행 #영업시간 #여섯시은행 #은행시간#9to6 #나인투식스 #은행영업시간===================#gongyoo #gongjicheol #コンユ #コン #멋진꽁 #꽁님 #공유 #공지철 #孔地哲 #孔劉 #孔劉 #ggong #꽁 #꽁님 #빋타민 @gongyoo_official #국민남편 #신헤선,"['#KB9To6Bank', '#9To6Bank', '#나인투식스뱅크', '#공유', '#박은빈', '#KB국민은행', '#국민은행', '#영업시간', '#여섯시은행', '#은행시간', '#9to6', '#나인투식스', '#은행영업시간===================', '#gongyoo', '#gongjicheol', '#コンユ', '#コン', '#멋진꽁', '#꽁님', '#공유', '#공지철', '#孔地哲', '#孔劉', '#孔劉', '#ggong', '#꽁', '#꽁님', '#빋타민', '#국민남편', '#신헤선']"
272,..애덜 뽀로로 통장은 이제 쫌 아닌거같고애덜도 직접 가서 통장 만들고 싶다고해서이 더운날 셋이서 은행 댕겨왓어요지금 청약통장 만드니 2만원 넣어주는이벤트도 잇던데~~~ㅎㅎ암튼 이래저래 처리하고 왓더니뭔가 아주 속이 시원한 느낌^^..#여름방학#폭염#국민은행#경제개념#자매맘#일상#중딩맘#부산맘#독박육아#엄마랑,"['#여름방학', '#폭염', '#국민은행', '#경제개념', '#자매맘', '#일상', '#중딩맘', '#부산맘', '#독박육아', '#엄마랑']"
273,친구와 함께 티타임 즐기러 왔어요~ ☺️시원하고 조용한 곳에서 잠시 커피 한잔을 즐기면서~☕☕ 어떤 시간을 보낼지 계획하고 있어요~ 휴가기간에 이렇게 친구와 함께 보낼 수 있으니 정말 좋말 좋은거 같아요~  휴가기간에 혼자 시간을 보내면 너무 무료하겠죠?? 즐길 수 있는 주위 지인들이 있다면 시간을 함께 보내보세요~ 평소에 하던일도 기분이 다를거예요~ 편안한 시간을 함께보내며 힐링하세요^^ 👏👏,[]
274,"Dear KB Koomin Bank, where can I find such handsome Bank Teller ? 😜😜😜 #銀行出納員之尋 #銀行窓口係の追跡 #은행원찾기 🫢 Repost @kbkookminbank [여섯시은행] 공차장과 박대리의 하루🍭국민의 평생금융파트너, KB국민은행에서공유와 박은빈이 6시까지 함께하는KB 9To6 Bank🏦저녁 6시까지 열려있고,전국 82개 지점으로 더 가까워진여섯시은행을 만나보세요⭐👉네이버지도, 카카오맵에서 ’여섯시은행‘을 검색해보세요고객을 위해 은행의 시간을 바꾸다KB국민은행📌공유와 박은빈이 은행원이 된 영상을 본 실제 KB국민은행 직원의 반응은?KB 9To6 Bank에서의 생생한 경험담이 궁금하신분들은KB국민은행 유튜브 채널 구독과 알림설정!*준법감시인 심의필 제2023-3033호(2023.07.28.),*광고물 유효기간 2024.7.27.까지※ 본 게시물은 당사 홍보 기록 보존 목적에 한하여광고 유효 기간이 지나더라도 게시할 예정입니다.#KB9To6Bank #9To6Bank #나인투식스뱅크#공유 #박은빈 #KB국민은행#국민은행 #영업시간 #여섯시은행 #은행시간#9to6 #나인투식스 #은행영업시간===================#gongyoo #gongjicheol #コンユ #コン #멋진꽁 #꽁님 #공유 #공지철 #孔地哲 #孔劉 #孔劉 #ggong #꽁 #꽁님 #빋타민 @gongyoo_official #국민남편 #덕질","['#銀行出納員之尋', '#銀行窓口係の追跡', '#은행원찾기', '#KB9To6Bank', '#9To6Bank', '#나인투식스뱅크', '#공유', '#박은빈', '#KB국민은행', '#국민은행', '#영업시간', '#여섯시은행', '#은행시간', '#9to6', '#나인투식스', '#은행영업시간===================', '#gongyoo', '#gongjicheol', '#コンユ', '#コン', '#멋진꽁', '#꽁님', '#공유', '#공지철', '#孔地哲', '#孔劉', '#孔劉', '#ggong', '#꽁', '#꽁님', '#빋타민', '#국민남편', '#덕질']"
275,오늘은 멋진 식사를 선택했어요~ 친구가 추천해서 멋진 곳으로 식사를 하러 왔어요~ 평소 격식있는 자리에서 잘 선택하지 않기에 오늘은 편안한 마음으로 친구와 함께 즐기고 있어요~ 멋진 곳으로 떠나 멋진 시간을 보내고 먹고 싶은거 즐기고 이런게 바로 좋은 휴가가 아닐까요?? 하지만 무턱대로 떠나다면 낭패를 볼 수 있으니 미리미리 계획을 해서 즐기는것도 중요하다고 생각해요~ 마음껏 즐기세요~ 뭐든 즐긴다 생각하시고 생활하세요~ 정말 멋진 시간들이 여러분들을 기다립니다~💗💗,[]
276,🙌,[]
277,"성공한 사람들의 가장 큰 특징 중 하나가바로 빠른 결단력에 있다고 하죠.궁금,고민되시는 점들은 언제든 찾아주세요⭐️성공적인 투자에는 두 가지만 알고 계시면 됩니다.⭐️원금보장이 가능한 투자사⭐️투자 정보지식이 뚜렷한 전문가☀️원금손실이 일어난다면 안전한 투자가 아닙니다.☀️또한 투자정보의 지식이 부족하다면☀️성공적인 투자를 실현 할 수 없습니다내가 좋아하는 일에최선을 다하기나를 믿고 따라와 주시는 고객분들께항상 감사한 마음 지니기😁마땅히 투자할만한 종목이 없어 망설여지신다면 부담 갖지마시고 찾아주세요정직하고 올바르게 상담해 드리겠습니다💪💪",[]
278,"사랑하면 응원하개냥 [#EVENT]⠀미지의 세상에서 온 귀염둥이들🐶😽⠀더이상유기(내다 버리다)동물유기견, 유기묘 라는 단어로우리의 귀여운 친구들을 부르지 말아요⠀이제는미지견, 미지묘라고 불러요출생과 그간의 행적을 알 수 없는 미지(未知)의 세계에서온 친구들! 미래는 우리와 함께 아름다운 추억만 그려간다는 의미가 담겨 있어요!⠀과거의 아픈 이름은 버리고미래는 행복할꺼야 하는 기원의 뜻이 담긴미지견 미지묘로 불러보는 건 어떨까요? 😻🙌⠀지금부터 미지견·미지묘 용어 변경 캠페인을응원하는 댓글을 남겨주세요!⠀🌟이벤트 참여 방법1. 국민은행 공식 계정 ‘팔로우’ 필수 (언팔로우시 당첨자명단 제외)2. 해당 페이지 ‘좋아요’ 완료3. 미지견·미지묘 용어 변경 캠페인 응원 댓글 남기기(미지견 미지묘와 함께인 @친구 소환하면 당첨 확률 UP!)⠀📌이벤트 일정✔️이벤트 기간 : 2023.08.03(목)~2023.08.24(목)✔️당첨자 발표 : 2023.08.31(목)✔️이벤트 경품 : CJ기프트카드_(3만원권)(5명)⠀*품목 사정에 따라 이벤트 상품 또는 내용 등이 변경될 수 있는 점 양해 부탁드립니다.*해당 이벤트 경품은 국내 모바일 전용 상품입니다.⠀추가로 KB스타뱅킹 월렛 서비스 내 '국민과 함께 바꿔불러주세요' 유기견(묘)NO! 미지견(묘)YES! 캠페인도 진행 중이니많은 참여 부탁드려요!지금 KB스타뱅킹 어플에서 이벤트를 확인해주세요🐾⠀#KB국민은행 #국민은행 #팔로우이벤트#팔로우 #좋아요 #경품 #이벤트 #이벤트그램#미지견 #미지묘 #멍스타그램 #강아지 #댕댕이#냥스타그램 #고양이 #반려동물 #반려견 #반려묘","['#EVENT]⠀미지의', '#KB국민은행', '#국민은행', '#팔로우이벤트', '#팔로우', '#좋아요', '#경품', '#이벤트', '#이벤트그램', '#미지견', '#미지묘', '#멍스타그램', '#강아지', '#댕댕이', '#냥스타그램', '#고양이', '#반려동물', '#반려견', '#반려묘']"
279,KB Bukopin Special Program is coming for you! 🥳Siapa yang udah kepo banget program menarik untuk dapetin tiket nonton konser SMTOWN Live 2023 SMCU PALACE @ JAKARTA with KB Bank? Stay tuned di media sosial KB Bukopin biar kamu nggak ketinggalan informasinya yaa! ✨#KB국민은행 #국민은행 #KB#SMTOWN_LIVE_2023_SMCU_PALACE_JAKARTA #SMTOWN_LIVE_2023_JAKARTA #SMCU_PALACE#SMTOWN_LIVE #SMTOWN #SMCU #KBBank #KBBukopin,"['#KB국민은행', '#국민은행', '#KB', '#SMTOWN_LIVE_2023_SMCU_PALACE_JAKARTA', '#SMTOWN_LIVE_2023_JAKARTA', '#SMCU_PALACE', '#SMTOWN_LIVE', '#SMTOWN', '#SMCU', '#KBBank', '#KBBukopin']"
280,🎉2023국민은행 상반기 신입행원 합격을 축하드립니다!!#KB#국민은행#국민은행면접 📢국민은행 면접합격생의 인터뷰! 합격을 진심으로 축하합니다❤️---------------------------------마이멘토는 은행권채용설계자와 은행면접관출신의 멘토진 구성!면접관의 관점으로 차별화된 강의가 진행됩니다. ----------------------------------은행&금융공기업 취업! ✨마이멘토 은행취업사관학교✨8월 4일(금) 은.취.사 8월 접수 오픈 👆마이멘토 홈페이지 상단 프로필👆 #국민은행채용#KB면접#국민은행면접#은행면접#은행권취업#금융공기업취업#면접#마이멘토#은행취업사관학교,"['#KB', '#국민은행', '#국민은행면접', '#국민은행채용', '#KB면접', '#국민은행면접', '#은행면접', '#은행권취업', '#금융공기업취업', '#면접', '#마이멘토', '#은행취업사관학교']"
281,❣️❣️돈 벌자고 다들 부업 알아보고  시작하려는것 아닐까요?  그렇다면 확실하게 벌수있게 도와주는  사람을 선택해야해요!!  망설일 시간에 지금도 수익내고 있어요  고민 그만하고 지금 프로필 챗 클릭ps.상담은 돈 안들어요🌞믿고따라오신다면 수익으로 보여드릴게요!!!🌞진짜 고맙습니다 ^^* 저 믿고 기다려주시고  매번 예약뒤로 밀려도 불평없이 하시는분들  다시한번 감사 드립니다🌞연락주시는대로 늦어도 답변을  드릴테니 조금만 기다려주세요🌞절망속에서도 희망을 잃치말라  희망만이 희망을 키웁니다🌞무엇보다 건강이 우선이니 전처럼 밝게 웃는날이 오지❤❤ 않을까 싶습니다 오늘하루 수고 많으셨습니다 ^^*,[]
282,승진 축하선물로 배송된 과일바구니💓,[]
283,[Data Lab] 23'상반기 우리은행 서류합격스펙우리은행 서류 합격자의 서류합격스펙 응답 내용을 바탕으로 인포그래픽을 제작했습니다. 우리은행 합격 및 스펙에 대한 인사이트를 확인해보세요!해당 콘텐츠는 원문의 일부분을 발췌했으며 원문에서는 아래 항목까지 확인 가능합니다.✔ 대/내외 활동 종류✔ 공인어학시험 보유 현황 및 점수별 분포도👉 원문 확인은 프로필 링크 → 2번째 [Data Lab 클릭],[]
284,멋진곳을 다녀도 쇼핑은 뺄 수 없겠죠?? 오늘이 끝이 아니기에 오늘기분에 맞게 다음을 준비해줘야겠죠?? 항상 전 즐기면서도 또 다른 행복함을 느끼기 위해서 항상 준비를해요~ 항상 즐길 준비가 되어있어야 편안하게 시간을 보낼 수 있으니까요~ 어떤 시간들을 보내고 있으세요? 알차고 멋진 시간을 보내면서 잊지 못할 추억을 만들어보면 어떨까요?💗💗,[]
285,내가 술 좋아한다고 술선물 받음 ^^,[]
286,Four Seasons Hotel Seoul 포시즌스 호텔 서울2017.5,[]
287,회원님의 동의를 받은 100프로 실제후기사진입니다진짜 고맙습니다 ^^* 저 믿고 기다려주시고 매번 예약뒤로밀려도 불평없이 하시는분들 다시한번 감사 드립니다연락주시는대로 늦어도 답변을 드릴테니 조금만 기다려주세요절망속에서도 희망을 잃치말라 희망만이 희망을 키웁니다불경기에도 돈은 살아서 숨쉰다 돈의 숨소리에 귀을 기울여주세요돌다리만 두드리지 말고 그사이에 남들은 결승점에 가있어요무엇보다 건강이 우선이니 전처럼 밝게 웃는날이 오지않을까 싶습니다 오늘하루 수고 많으셨습니다 ^^*,[]
288,오늘하루도 모닝커피로 시작^^ 즐거운 하루보내기,[]
289,#3 - #국민은행 #안전교육#임핑크A #limpinkA #橙红色A #インピンクA #매일 #좋아요 #팔로워,"['#3', '#국민은행', '#안전교육', '#임핑크A', '#limpinkA', '#橙红色A', '#インピンクA', '#매일', '#좋아요', '#팔로워']"
290,"2023년 8월 1일 화요일바쁜 하루!아침부터 국민은행가서 기범이 체크카드발급 완료!점심 백만년만에 아웃백 클리어!오후 삼남매 산본치과 정기검진 클리어!낼 펜션 가기전 장보기 홈플,노브랜드!짐 싸기,차 정리하기 모두 클리어!놀러가기전 빨래,분리수거,집안일  클리어!날도 더운데 하루종일 운전이네..감기도 왔는디...몸이 남아나지가 않네....지금 😵‍💫헤롱헤롱~진희야 너의 정신승리야.잘했다!#여름휴가2차 #국민은행 #아웃백 #산본윈치과 #휴가가더바쁘다 #감기 #휴가끝나고나괜찮을까 #삼남매야말좀듣자 #엄마말을잘듣자 #살려주세요ㅎㅎ","['#여름휴가2차', '#국민은행', '#아웃백', '#산본윈치과', '#휴가가더바쁘다', '#감기', '#휴가끝나고나괜찮을까', '#삼남매야말좀듣자', '#엄마말을잘듣자', '#살려주세요ㅎㅎ']"
291,즐기려면 이렇게 함께 즐기는게 좋은거죠?? 즐길때는 좋은 사람들과 함께 보낸다는 것이 저에게는 중요한거 같아요~ 요즘 다들 살아가기 바쁜 시간속에서 이렇게 다들 한자리에 모인다는것이 쉽지 않은거 아시죠?😁 휴가기간에는 이렇게 한꺼번에 모일 수 있으니 정말 좋은거 아닐까요?😎😎함께 즐길 수 있는 시간을 행복하게 즐기세요~ 멋진 시간을 즐겨야 후회가 없으니까요~💗,[]
292,라뒤레 본점:-3⚫️❤️💛💚2017.5,[]
293,인스타 흥미 잃고 사진 찍기도 싫은 요즘입니댜,[]
294,언니한테 선물해줄려고 구매했어요~ ^^ 우리사랑하는 언니~,[]
295,"🚨부업 은 안전한 회사에서 시작하세요🚨요즘 부업 투잡 종류가 너~무 많죠 ㅠㅠ""어떤부업 이예요?""""뭐하는 거예요?"" 🐌부업문의 매~~일 오는듯..🤭🤭😁초기비용 ❗️ 있어요 있습디다🙃🙃🙃🙃🤭문의는 공짜🤭 ❤️프로필 오픈톡 주세요❤️",[]
296,멋진 커피숍에서 시원하게 커피를 즐겨요~ 다른 커피숍과는 다르게 깔끔하고 조용하고 티타임 즐기기에 정말 좋은거 같네요~ 역시 즐기러 나오면 평소에 느끼지 못하는 부분들을 느낄 수 있어서 정말 좋은거 같아요~ 일상생활에서는 움직이는 경로가 항상 비슷하기에 새로운 부분을 많이 접할 수 없죠?? 하지만 지금은 즐기러 다니는 시기이기에 많은 곳을 다니면서 새로운 곳을 많이 알아 두시면 좋을거 같아요^^💗💗,[]
297,💲💲💲 기본 1일 1수익 입니다.언제까지 지켜보고 있으실 거예요?망설이는 이순간에도 누군가는한발 앞서가고 있습니다~투자느 즐겁게~!!!수익은 꾸준하게~!!!재무는 탄탄하게~!!!하루 1시간만 투자하세요작은 용기가 인생을 바꿉니다!친절 상담 문의는 프로필 하단 오픈톡으로!!,[]
298,"[💡 내일배움카드란? 발급 대상, 발급 방법, 활용 방법까지!] 1⃣ 국민 내일 배움 카드란? 💳국민 내일배움 카드는 일자리를 구하고 있는 취업준비생, 이직 희망자, 업무 역량 향상시키고 싶은 회사원, 인생 2막을 준비하는 중장년, 경력단절 여성들에게 카드 한장으로 역량 개발에 필요한 훈련을 받게 지원해주는 제도야!2⃣ 자격 대상 🙋‍♀훈련을 희망하는 국민이라면 누구나 가능하나, 현직공무원, 사립교직원, 만 75세 이상, 연 매출 1억 5천 이상의 자영업자, 월임금 300만원 이상의 일부 근로자, 재학생, 생계급여수급자 는 제한될 수 있으니 꼭 확인해봐. 반대로 추가 지원 대상자도 있으니까 링크 확인하기! 👀 🔗 https://www.hrd.go.kr3⃣ <실습으로 배우는 메타버스 with 인게이지> 는 K-디지털 기초 역량 훈련에 포함되어 추가 지원도 가능하고 자부담 환급까지 무료로 수강할 수 있으니 꼭 신청하기! ⭐⭐⭐⭐⭐",[]
299,"#국민은행 #합격후기⁣⁣2023년 은행권 수업을 진행한 이후, 기존 농협은행에 더해 하나은행, 기업은행, 새마을금고, 신협, 국민은행까지 수업을 진행한 모든 금융기관 합격자를 배출할 수 있었습니다. ⁣⁣공기업을 넘어 은행까지 더 많은 합격자를 배출하기 위해 노력하는 공자면접이 되겠습니다.⁣⁣국민은행에 어려운 노력을 거쳐 합격하신 분의 후기 들려드립니다🔥🔥⁣⁣▶️이전까지 면접 횟수⁣인턴 비대면 면접 1회 경험있습니다.⁣⁣▶️실제 면접장 후기⁣국민은행은 조를 나눠 동시에 방으로 입장하고 동시에 마치는 면접 형태였습니다. 그래서 어떤 방으로 들어가는지도 중요했던거 같아요. 체계가 잘 잡혀있다는 느낌을 받았습니다! 면접 분위기는 1차,2차 모두 편안하게 해주시려고 하는거 같았어요.⁣⁣▶️합격기관 서류, 필기, 면접 전형 준비과정⁣✔️서류⁣타 지원자에 비해 스펙은 그리 높지 않았다고 생각됩니다. 그래서 자소서를 쓸때 더 공들여 썼던거 같아요. 전체적인 내용에 일관성을 갖추려고 노력했고, 지원동기에 왜 은행원이 되고싶은지를 표현하려고 했습니다.⁣⁣✔️필기⁣공기업을 준비하고 있었기에 전공 공부는 꾸준히 하고있었습니다. 회계+경영학 공부를 바탕으로 국민은행은 ncs 비중이 크기 때문에 서류쓴 이후부터는 ncs에 집중했습니다. 시중에 나와있는 은행교재를 이용해서 최대한 다양한 문제를 접하며 감을 잃지 않으려고 했고, 국민은행은 100문제 중 60~70문제가 ncs와 유사한 유형이라 ncs 관련 시간분배연습, 문제푸는연습을 하는게 중요한거같아요. 또 금융경제 상식 교재를 사서 하루에 1시간 이상씩 암기하는 시간을 가졌습니다.⁣⁣✔️1차면접⁣사전pt과제가 주어지기 때문에 방향 설정이 중요했던거 같습니다. 발표는 모두 열심히 준비했을테니 변별력은 질의응답에 있을거 같아 관련 내용 숙지에 집중했습니다. 왜 이러한 방법을 선택했고, 국민은행에 어떤 긍정/부정적인 영향을 줄지 고민했던거 같아요. 세일즈면접은 상품에 친숙해지도록 꾸준히 상품설명서 읽기+친구한명을 데리고 직접 롤플레잉 해보는 방식으로 준비했습니다.⁣⁣✔️2차면접⁣자소서를 기반으로 왜 은행원인지, 왜 국민은행인지를 고민하는 시간을 오래 가졌습니다. 저는 인턴을 타 공공기관에서 했기 때문에 왜 은행원이 되고싶은지를 고민했고, 타 은행이 아닌 국민은행이어야 하는 이유를 답변에 녹여내려고 했습니다. 또 의사소통이 중요한 행원인만큼 그런 역량을 잘 보여드리기 위한 답변구조화 연습을 했던거 같아요.⁣⁣▶️공자면접의 수업을 듣고 달라지신 점⁣첫 대면면접이라 1차,2차 모두 방향 설정이 어려웠는데 공자면접 수업을 듣고 준비 방향을 잡을 수 있었던거 같아요. 강의를 들으면서 이런 식으로 준비하면 되겠다 ! 를 알 수있었고, 피드백도 꼼꼼히 해주셔서 좋은 결과를 받을 수 있었습니다. 모의면접에서도 답변을 꼼꼼히 분석해서 저의 문제점을 얘기해주셔서 실제 면접에서는 피드백이 반영된 개선된 모습을 보여줄 수 있었어요. ⁣⁣▶️공자면접의 수업 수강을 고민하시는 분들에게 한마디⁣저처럼 혼자 면접준비 방향잡기가 어려우신분들이라면 추천합니다! 저도 필기는 붙었지만 면접 관련 경험이 부족하고 막막한 상황에서 공자면접을 알게됐는데요. 만약 다시 돌아가도 저는 수강할거 같습니다. 경험정리부터 기업분석과 답변구조화까지 공자님의 자료를 보며 많은 도움을 받았고, 저의 문제를 전문가의 시각으로 피드백 해주셔서 고쳐갈 수 있었습니다. 또 질문을 드리면 자세히 답변해주셔서 취준에 있어 정말 심적으로 든든했던거 같아요.","['#국민은행', '#합격후기\u2063\u20632023년']"
