,content
0,📢IBK기업은행 직무별 필기 문제 모음!🤷금융일반직 필기 준비 어떻게 해야할까요?└ OO효과 관련 문제 꼭 보고 가세요🔍📝직무별 문제 확인하고기업은행 필기 한번에 합격하자!💙공기업 취업커뮤니티 공취사💙더 많은 공기업 채용정보가 궁금하다면?프로필 링크 누르고 공취사 카페 GO!
1,"개쩌는 라인업 공개되자마자 난리난 #힙합페스티벌‼️다듀,지코,로꼬,기리보이,빅나티,미노이,제시,효린, 릴러말즈,유토 까지!!한 자리에 모이기 쉽지 않은 화려한 라인업을IBK가 다 모았다네? 게다가 응모하면 입장권이 공짜임;;귀찮은 회원가입도 안 해도 응모 가능 ㄱㅇㄷ📌Tip))))IBK 기업은행 쓰는 사람들은 어플로 응모하면더 앞에서 보는 것도 쌉가능!!!!@@대박 힙째이들 집합!!!!!!!🤟🤟🤟자세한 내용은 @ibk_festival여기서 확인 가능!#입크 #페스티벌 #기업은행 #힙합 #콘서트"
2,진웅이 옴 ㅋㅋㅋ..#진웅이옴 #농협은행 #기업은행 #신조어 #조진웅 #권율 #귀엽넹 #너이쁘다 #유머 #예능 #웃자 #재미 #행복 #웃긴동영상 #유머동영상
3,저금을 해보았어요~!!#문평어린이집 #국공립어린이집 #문평동 #기업은행 #저금 #신탄진 #목상동 #사회서비스원
4,유명하고 경쟁률 높아도 일단 도전하는 것!- 기업은행 인턴 최종합격자로부터[출처] [은행권] 2023 기업은행 하계인턴 최종합격 후기입니다. (23.07.31)
5,[자격증보다 중요한 3가지 Why]- 은준생 여러분에게1. 왜 금융권인가2. 왜 우리은행인가3. 왜 나를 뽑아야 하는가[출처] [은행권] 2023 우리은행 일반 최종합격 후기(23.07.17)
6,"🔥스펭이가 알려드립니다🔥8월 2주차 🚩인기 공모전 리스트🚩⭐IBK 기업은행 대학생 예비작가 공모전 (~8/25)⭐ 한국경제신문 제8회 커피 29초 영화제 (~9/9)⭐ 중소기업중앙회 노란우산 삶의현장 사진 공모전 (~10/31)⭐ (주)더비젼시스템 치안현장 안전장비 IDEA 공모전 (~10/4⭐ (사)청년과 미래 제8회 청년정책 경진대회(~8/25)⭐ 서울디지털재단 메타버스 서울 3D 모델링 공모전 (~9/14)⭐ 한강유역환경청 아름다운 한강사진 공모전 (~9/28)⭐ 한국화학연구원 제1회 신약개발 AI 경진대회 (~9/25)공모전에 대한 더 자세한 정보는 스펙업 카페에서 확인해보세요!@specup_official슬기로운 대학생활&취업준비는 스펙업에서!스펙업의 정보가 도움이 되셨다면""팔로우+좋아요"" 부탁드립니다👀💙"
7,#kovo #코보컵 #도드람컵 #배구 #프로배구 #여자배구 #기업은행 #IBK #IBKALTOS #박민지 #박민지선수
8,"23.08.07주식계좌 자산현황총 10,818만원-K올웨더 포트폴리오-배당주식 스윙전략(리얼티인컴)<미국증시 현황>미국 3대지수 약보합 마감했다.(다우 -0.43%, 나스닥 -0.36%, S&P500 -0.53%)특히 지난주 발표된 고용보고서 결과 비농업 고용자수가 예상보다 낮게나와 달러약세와 금리 하락 영향으로 미증시는 상승출발했다.  나아가 아마존(+8.27%)등 실적 호전 기업들의 강세가 상승을 견인했다.그러나, 장 후반 차익실현 매물이 출회되며 하락했다.--<겨울잠 생각>투자의 귀재 워런버핏의 현재 현금 보유량이 1,470억 달러로 지난 최고치 1,490억 달러에 근접해있다. Sell in May 전략이 통상 들어 맞는 때는 본래 8월 이후였다. 다시 장기채권 가격이 급락하고 장기채 금리가 오르고있다. 특히 금리에 취약한 기술주도 당분간 고전을 면치 못할것 같다. 지난번 코로나 초기 하락 배팅으로 큰 돈을 벌었던 투자의 신 '빌 애크먼'도 조정을 예상하는 지 장기국채를 매도했다. 위기는 곧 기회인 만큼 매수 기회를 주면 현금을 보유하다 SPY, QQQ 같은 지수상품을 매수하는 것도 좋은 전략일 것 같다...............#금리 #금리인상 #국민은행 #한국은행 #하나은행 #기업은행 #신한은행 #자기계발 #자수성가 #배움"
9,.#IBK #기업은행 #포스터#저녁 에 #산책 할때마다 보는 #금융세상 ㅋㅋ#알록달록 #밤 에더 #눈 에 들어오는 #새로운세상 🤣.#일상생활 #Korea #Aya_love
10,IMG_20230818_101840_500
11,#리그램 - @artsro__official by @get_regrammer2023 IBK 입크 페스티벌누구보다 #입크하게 남들과는 다르게!입크 페스티벌에 아츠로가 함께합니다!🤘⠀#ZICO#DYNAMICDUO#LOCO#BIGNAUGHTY#JESSI#GIRIBOY#LEELLAMARZ#HYOLYN#MEENOI#JUTO⠀📌 IBK 입크 페스티벌- 9/16(토) 수원월드컵 보조경기장- 신청 : IBK기업은행 홈페이지에서 응모!(ibk.kr/입크페스티벌)- 응모기간 : 2023.8.1(화)~8.20(일)@ibk_festival ⠀#입크페스티벌 #IBK #기업은행#페스티벌 #뮤직페스티벌 #힙합페스티벌#지코 #다이나믹듀오 #로꼬 #제시 #빅나티#기리보이 #릴러말즈 #효린 #미노이 #유토#섭외 #아츠로
12,"📍수원 #입크페스티벌📢📢수원 사는 사람들 모두 주목!!다듀,지코,로꼬,기리보이,빅나티,미노이,제시,효린,릴러말즈,유토를한 번에 볼 수 있는 기회가 있다는데? 바로 수원에서 열리는 입크페스티벌🎉게다가 응모만 하면 초대권을 준대~~!이거 진짜 안 할 이유가 없음;;응모는 8월 20일 까지 가능하다고 함!@ibk_festival로 응모하러 가보자고~~~!!! @@아 응모 얼마 안 남았으니까 서둘러!✔인스타그램: @ibk_festival#입크 #페스티벌 #기업은행 #힙합 #콘서트"
13,"#광고 #입크 페스티벌 응모 왜 안해?너네 #입크페스티벌 이라고 앎?응모만 하면 초대권 준대!라인업도 미쳤음;;무려 다듀,지코,로꼬,기리보이,빅나티,미노이,제시,효린,릴러말즈,유토!!이 화려한 라인업, 안 보고는 못 참지!!지금 당장 초대권 응모 참여하러@ibk_festival 로 ㄱㄱ응모는 8월 20일까지 가능!얼마 안 남았으니까 서둘러야겠는걸?@@아 우리 이거 빨리 하자!#입크 #페스티벌 #기업은행 #힙합 #콘서트"
14,#event입크페스티벌 가고 싶은 사람 손!✋입크니가 마지막으로! 입장권 뿌린다!⠀지금 댓글로 입크하고 싶은 마음을꾹꾹 눌러담아 댓글 달아줘!추첨을 통해 5명에서 입크페스티벌 티켓 줄거야✉⠀📌 입크페스티벌 기대평 #이벤트내용 : 나 이만큼 입크 하고 싶다! 댓글로 입크페스티벌 기대평 남기기기간 : 8.17(목) ~ 8.20(일)당첨자 발표 : 8. 25 (금) (개별 DM 발표)경품 : 입크페스티벌 초대권 5명 (1인 2매)⠀IBK 홈페이지에서 진행중인 티켓 이벤트도이번주 일요일까지니까아직 참여 안했다면 얼른 GO!⠀🎉 IBK 입크페스티벌- 9.16(토) 수원월드컵 보조경기장- 신청 : IBK기업은행 홈페이지 응모(ibk.kr/입크페스티벌)- 응모기간 : 23.8.1(화) ~ 8.20(일)⠀#입크페스티벌 #입크 #IBK #기업은행#페스티벌 #뮤직페스티벌 #힙합페스티벌#축제 #MZ #기대평이벤트 #댓글이벤트
15,핑쿠맛 당근케이크 🍬👛
16,"📢 <더아트프라자 대학생 예비작가 공모전> 접수가 시작됐어요!🖼️ <The Art Plaza 2023>의 사전 프로그램으로 진행하는 <더아트프라자 대학생 예비작가 공모전>에서 유망한 청년 작가들의 작품을 기다립니다!🏆당선자들에게는 상금과 함께 행사 기간 동안 전시 진행 기회와 미술계 전문가의 멘토링 프로그램도 제공될 예정입니다!👀 마감은 8월 25일이니, 지금 바로 응모서류를 준비해보세요! 예비작가님들의 예술계 진출을 진심으로 응원합니다! ✨__________○ 공모명- IBK 대학생 예비작가 공모전○ 공모분야- 시각예술 전분야(자유주제)○ 공모기간- 2023. 8. 7.(월) ~ 8. 25.(금) 18:00○ 심사절차- 공고 및 접수 (8.7~8.25) ▶ 1차 서류 심사 (8.28~9.1) ▶ 2차 PT심사 (9.8) ▶ 최종 결과 발표 (9.12, 개별 연락)○ 응모 자격- 전국 대학생 (학부 재학생/휴학생), 전공 무관○ 응모 방법- 제출서류 : 공모전 참가 신청서, 개인정보 수집/이용 동의서, 재학증명서, 포트폴리오(파일확장자 : pdf, 30MB 이내)- 접수처 : 전자우편(2023theartplaza@gmail.com) 을 통한 온라인 접수*방문·우편접수는 받지 않음- 출품작 기준 : 전시 및 설치 가능한 작품으로, 평면(100호 이내),입체(180*180*180cm이내) 미디어 작품의 경우 구동 가능한 하드웨어 일체 포함*추후 전시 출품작은 운영사무국과 협의 후 선정○ 심사방법- 1차· 평가위원 : 내/외부 전문가· 평가방법 : 서류평가· 결과 : 2배수 선발- 2차· 평가위원 : 내/외부 전문가· 평가방법 : 대면 PT 평가· 결과 : 최종 10인 선정○ 시상 (2023 더아트프라자 오프닝행사(23.10.11)간 시상식 진행 예정)- 최우수상 (1명) 300만 원- 우수상 (1명) 200만 원- 장려상 (1명) 100만 원- 선정작가상 (7명)- 시상혜택 : 전시 및 멘토링 프로그램 참여 (*미술계 전문가 멘토 참여 예정)__________#IBK대학생예비작가공모전 #더아트프라자 #TheArtPlaza #을지로 #공모전 #전시 #예술 #미술 #전시 #기업은행 #ibk기업은행 #포트폴리오 #응모서류 #마감임박"
17,은행 모임...#농협은행 _ @3eeeeng #기업은행 _ @2jjo__ 전 #하나은행 _ @han_mmin_
18,주문해주셔서 감사합니다🙂#르뱅쿠키 #르뱅쿠키맛집 #쿠키답례품 #어린이답례품 #가격맞춤답례품 #수제쿠키답례품 #답례품 #포천 #양주 #송우리 #레터링케이크 #주문제작케이크 #송우리레터링케이크 #포천레터링케이크 #기업은행 #은행케이크
19,230801 기요우라 #구혜인 #기업은행
20,230805 요래요래 〰️#구혜인 #기업은행
21,"230803 청량해 •• 여름이여따 ,,~💙#구혜인 #기업은행"
22,230803 행운가득 🍀🤍#황민경 #기업은행
23,230801 볼 빵빵 아기 토끼 🐰#최정민 #기업은행
24,#씰링네일 #농협은행 #기업은행...#프리티네일 은사랑입니다❤️ .. 🎈아트젤 12만원->3회. . 🎈손.발 모두가능.. 🎈파츠추가시 조금 비용추가~^^.. ✨️디자인아트시 미리 사진보내주세요~.. ✨️꼼꼼한시술 (*시간넉넉하게잡고오세요).. ✨️100%예약제입니다 ^^.. 📫  순천시 왕지3길 4-59 . ☎️ 010-6622-9060
25,갑자기 오게 된 나는 너무너무 편안하고 행복하게
26,5% 적금 3만원씩#위례버핏 #적금 #기업은행 #ibk중기근로자우대적금
27,😍😍
28,🎉2023 입크 페-스티벌!누구보다 #입크하게 남들과는 다르게!입크 페스티벌은 라인업도 입크하지🤘⠀✔️ZICO✔️DYNAMIC DUO✔️LOCO✔️BIG NAUGHTY✔️JESSI✔️GIRIBOY✔️LEELLAMARZ✔️HYOLYN✔️MEENOI✔️JUTO⠀지금 가장 HIP한 은행은 어디?HIP~Bank! IBK!⠀기업은행…기엽넹(๑˃̵ᴗ˂̵)و⠀📌 IBK 입크 페스티벌- 9/16(토) 수원월드컵 보조경기장- 신청 : IBK기업은행 홈페이지에서 응모!(ibk.kr/입크페스티벌)- 응모기간 : 2023.8.1(화)~8.20(일)⠀자세한 내용은 프로필 링크에서 확인!⠀#입크페스티벌 #입크 #IBK #기업은행#페스티벌 #뮤직페스티벌 #힙합페스티벌#축제 #콘서트 #힙합 #MZ #라인업#지코 #다이나믹듀오 #로꼬 #제시 #빅나티#기리보이 #릴러말즈 #효린 #미노이 #유토
29,#기업은행 #코피온 #그린벨트사업단 #나무심기 #몽골 #봉사활동 #조이몽골리아
30,230805 아기 인걸 못 숨기는편 #구혜인 #기업은행
31,230805 혠니 행복하기 #구혜인 #기업은행
32,230805 아부부 ~ #구혜인 #기업은행
33,아직도 #입크 안했다구?⠀입크 공식 계정에서크은 이벤트 준비했다던데?!⠀이벤트 게시물에서 너희의 씽크빅 돋는 아이디어를 보여줘!⠀2023 입크 페스티벌🎉⠀9월은 IBK와 함께 #입크하게 놀아볼까?⠀📌 IBK 입크 페스티벌- 9/16(토) 수원월드컵 보조경기장- 신청 : IBK기업은행 홈페이지에서 응모!(ibk.kr/입크페스티벌)- 응모기간 : 2023.8.1(화)~8.20(일)⠀#입크페스티벌 #입크 #IBK #기업은행#페스티벌 #뮤직페스티벌 #힙합페스티벌#축제 #콘서트 #힙합 #MZ #라인업#지코 #다이나믹듀오 #로꼬 #제시 #빅나티#기리보이 #릴러말즈 #효린 #미노이 #유토
34,아직도 #입크 안했다구?⠀입크 공식 계정에서크은 이벤트 준비했다던데?!⠀이벤트 게시물에서 너희의 씽크빅 돋는 아이디어를 보여줘!⠀2023 입크 페스티벌🎉⠀9월은 IBK와 함께 #입크하게 놀아볼까?⠀📌 IBK 입크 페스티벌- 9/16(토) 수원월드컵 보조경기장- 신청 : IBK기업은행 홈페이지에서 응모!(ibk.kr/입크페스티벌)- 응모기간 : 2023.8.1(화)~8.20(일)⠀#입크페스티벌 #입크 #IBK #기업은행#페스티벌 #뮤직페스티벌 #힙합페스티벌#축제 #콘서트 #힙합 #MZ #라인업#지코 #다이나믹듀오 #로꼬 #제시 #빅나티#기리보이 #릴러말즈 #효린 #미노이 #유토
35,쿠시마사 본점 이후 정말 오랜만에 간 한남점. 혹여나 맛이 덜 할까싶어 걱정하고 갔는데 너무 맛있게 먹고 줄줄이 예약하고 왔네요♥️
36,어서와! #입크 했니?⠀앞으로 6일 남아따!지금 IBK 홈페이지에서 신청하면입크-한 페스티벌 초대권 증정!⠀2023 입크 페스티벌🎉⠀9월은 IBK와 함께 #입크하게 놀아볼까?⠀📌 IBK 입크 페스티벌- 9/16(토) 수원월드컵 보조경기장- 신청 : IBK기업은행 홈페이지에서 응모!(ibk.kr/입크페스티벌)- 응모기간 : 2023.8.1(화)~8.20(일)⠀#입크페스티벌 #입크 #IBK #기업은행#페스티벌 #뮤직페스티벌 #힙합페스티벌#축제 #콘서트 #힙합 #MZ #라인업#지코 #다이나믹듀오 #로꼬 #제시 #빅나티#기리보이 #릴러말즈 #효린 #미노이 #유토
37,IBK FESTIVAL LINEUP #지코⠀음원을 내기만 하면 차트인‘새삥’ 감각의 소유자 지코!😎⠀음원 깡패 지코의 라이브를 즐기고 싶다면?👀지금 바로 #입크해!⠀📌 IBK 입크 페스티벌- 9/16(토) 수원월드컵 보조경기장- 신청 : IBK기업은행 홈페이지에서 응모!(ibk.kr/입크페스티벌)- 응모기간 : 2023.8.1(화)~8.20(일)⠀자세한 내용은 프로필 링크에서 확인!⠀#입크페스티벌 #입크 #IBK #기업은행#페스티벌 #뮤직페스티벌 #힙합페스티벌#축제 #MZ
38,IBK FESTIVAL LINEUP #다이나믹듀오⠀한국 힙합 씬의 최강 듀오 누구?💣‘BAAAM’한 음악의 소유자 다이나믹듀오!⠀듣자 마자 신나는 다듀의 노래 듣고 싶다면?👀지금 바로 #입크해!⠀📌 IBK 입크 페스티벌- 9/16(토) 수원월드컵 보조경기장- 신청 : IBK기업은행 홈페이지에서 응모!(ibk.kr/입크페스티벌)- 응모기간 : 2023.8.1(화)~8.20(일)⠀자세한 내용은 프로필 링크에서 확인!⠀#입크페스티벌 #입크 #IBK #기업은행#페스티벌 #뮤직페스티벌 #힙합페스티벌#축제 #MZ
39,IBK FESTIVAL LINEUP #빅나티⠀목소리가 이렇게 황홀해도 되나요?😊보기 드문 미성의 소유자 빅나티!⠀빅나티와 함께 스트레스 ‘털어!’ 내고 싶다면? 👀지금 바로 #입크해!⠀📌 IBK 입크 페스티벌- 9/16(토) 수원월드컵 보조경기장- 신청 : IBK기업은행 홈페이지에서 응모!(ibk.kr/입크페스티벌)- 응모기간 : 2023.8.1(화)~8.20(일)⠀자세한 내용은 프로필 링크에서 확인!⠀#입크페스티벌 #입크 #IBK #기업은행#페스티벌 #뮤직페스티벌 #힙합페스티벌#축제 #MZ
40,IBK FESTIVAL LINEUP #제시⠀자타 공인 센언니 그 잡채힙합부터 예능까지 전부 섭렵한 제시⠀제시와 함께 ‘눈누난나’ 신나고 싶다면?👀지금 바로 #입크해!⠀📌 IBK 입크 페스티벌- 9/16(토) 수원월드컵 보조경기장- 신청 : IBK기업은행 홈페이지에서 응모!(ibk.kr/입크페스티벌)- 응모기간 : 2023.8.1(화)~8.20(일)⠀자세한 내용은 프로필 링크에서 확인!⠀#입크페스티벌 #입크 #IBK #기업은행#페스티벌 #뮤직페스티벌 #힙합페스티벌#축제 #MZ
41,IBK FESTIVAL LINEUP #로꼬⠀안 들어 본 사람은 있어도한 번만 들은 사람은 없을걸?이름처럼 LOCO한 매력의 소유자 로꼬🔥⠀‘자꾸 생각나‘는 로꼬의 노래를 듣고 싶다면? 👀지금 바로 #입크해!⠀📌 IBK 입크 페스티벌- 9/16(토) 수원월드컵 보조경기장- 신청 : IBK기업은행 홈페이지에서 응모!(ibk.kr/입크페스티벌)- 응모기간 : 2023.8.1(화)~8.20(일)⠀자세한 내용은 프로필 링크에서 확인!⠀#입크페스티벌 #입크 #IBK #기업은행#페스티벌 #뮤직페스티벌 #힙합페스티벌#축제 #MZ
42,IBK FESTIVAL LINEUP #릴러말즈⠀🎻바이올린부터 보컬에 랩까지!대체 못하는 게 뭐죠? 릴러말즈!⠀릴러말즈와 ‘HIGH’ 텐션 즐기고 싶다면? 👀지금 바로 #입크해!⠀📌 IBK 입크 페스티벌- 9/16(토) 수원월드컵 보조경기장- 신청 : IBK기업은행 홈페이지에서 응모!(ibk.kr/입크페스티벌)- 응모기간 : 2023.8.1(화)~8.20(일)⠀자세한 내용은 프로필 링크에서 확인!#입크페스티벌 #입크 #IBK #기업은행#페스티벌 #뮤직페스티벌 #힙합페스티벌#축제 #MZ
43,"IBK FESTIVAL LINEUP #효린⠀음색의 축복이 끝이 없네 끝이 없어… 🤩폭발적인 가창력, 매력적인 보이스의 효린!⠀효린의 음색 ‘Paradise’에 빠지고 싶다면? 👀지금 바로 #입크해!⠀📌 IBK 입크 페스티벌- 9/16(토) 수원월드컵 보조경기장- 신청 : IBK기업은행 홈페이지에서 응모!(ibk.kr/입크페스티벌)- 응모기간 : 2023.8.1(화)~8.20(일)⠀자세한 내용은 프로필 링크에서 확인!#입크페스티벌 #입크 #IBK #기업은행#페스티벌 #뮤직페스티벌 #힙합페스티벌#축제 #MZ"
44,"IBK FESTIVAL LINEUP #미노이⠀엉뚱 발랄한 매력, 본업 존잘 모먼트로대중들의 관심을 한몸에 받는 미노이⠀미노이의 ‘살랑살랑’한 무대가 보고 싶다면? 👀지금 바로 #입크해!⠀📌 IBK 입크 페스티벌- 9/16(토) 수원월드컵 보조경기장- 신청 : IBK기업은행 홈페이지에서 응모!(ibk.kr/입크페스티벌)- 응모기간 : 2023.8.1(화)~8.20(일)⠀자세한 내용은 프로필 링크에서 확인!#입크페스티벌 #입크 #IBK #기업은행#페스티벌 #뮤직페스티벌 #힙합페스티벌#축제 #MZ"
45,IBK FESTIVAL LINEUP #기리보이⠀힙합이 이렇게 갬성 넘쳐도 되나요?😊느슨해진 힙합씬에 감성 한 스푼 기리보이⠀기리보이만의 감성이 담긴 곡을 듣고 싶다면?👀지금 바로 #입크해!⠀📌 IBK 입크 페스티벌- 9/16(토) 수원월드컵 보조경기장- 신청 : IBK기업은행 홈페이지에서 응모!(ibk.kr/입크페스티벌)- 응모기간 : 2023.8.1(화)~8.20(일)⠀자세한 내용은 프로필 링크에서 확인!#입크페스티벌 #입크 #IBK #기업은행#페스티벌 #뮤직페스티벌 #힙합페스티벌#축제 #MZ
46,IBK FESTIVAL LINEUP #유토⠀난… ㄱㅏ끔…유토 음악을 들으ㅁㅕ 눈물을 흘린ㄷㅏ😥솔직한 가사로 대중들의 ‘쉼터’가 되어주는 유토!⠀유토의 감성 충만한 바이브를 원한다면? 👀지금 바로 #입크해!⠀📌 IBK 입크 페스티벌- 9/16(토) 수원월드컵 보조경기장- 신청 : IBK기업은행 홈페이지에서 응모!(ibk.kr/입크페스티벌)- 응모기간 : 2023.8.1(화)~8.20(일)⠀자세한 내용은 프로필 링크에서 확인!⠀#입크페스티벌 #입크 #IBK #기업은행#페스티벌 #뮤직페스티벌 #힙합페스티벌#축제 #MZ
47,:#농협은행#기업은행#신조어#말이여방구여#동명동맛집#동명동카페
48,#기업은행#대박#지정업체힘든시기에도 노력하는당신!멋집니다^^
49,"#기업은행#IBKFamily#기업지정#명회사원#명도종합건설안녕하십니까,저희 명도종합건설이Ibk 기업은행 Ibk family 기업으로 지정됬습니다탄탄한기업으로 성장하여직원들 고객들 거래처 모든 분들께행복을 전달하는 기업이 되도록노력하겠습니다감사합니다"
50,"🏦 하긴, 나도 태풍뚫고 출근한 K직장인인데 뭘 바라겠어 😭..👩🏻‍💼👨🏻‍💼👩🏻‍💻👨🏻‍💻#서뱅크 #사람들이잘모르는은행이야기 #은행원-#날씨가안좋을땐오늘할일을내일로미룹시다#태풍폭우폭설엔집에있는겁니다 #나오지마세요#전쟁이났대도이번달적금넣으러올것같애#퇴근하고싶습니다-#농협 #신한은행 #우리은행 #국민은행 #대구은행 #기업은행#새마을금고 #우체국 #하나은행 #신협 #산업은행 #경남은행#전북은행 #수협 #부산은행 #제주은행 #광주은행"
51,🌱아산 그린마켓🌱#호서대 #기업은행 #배송 드시는 분들이 좋아하는 구성으로✔️합리적인 가격에 최고의 품질로 제공 해드리고 있습니다.오늘도 정성 듬뿍 담아 만들어 드렸습니다!#아산컵과일 #천안컵과일 예약/문의✔️041-545-0852플러스친구 그린마켓#아산카페 #아산맛집 #아산여행 #아산병원 #아산디저트 #아산과일 #아산과일바구니 #아산과일맛집 #아산과일도시락 #아산과일가게 #아산과일전문점 #아산과일배달 #천안과일바구니 #천안과일전문점 #천안과일선물 #천안과일가게 #천안과일컵
52,"📢 <더아트프라자 대학생 예비작가 공모전> 접수가 시작됐어요!🖼️ <The Art Plaza 2023>의 사전 프로그램으로 진행하는 <더아트프라자 대학생 예비작가 공모전>에서 유망한 청년 작가들의 작품을 기다립니다! 🏆당선자들에게는 상금과 함께 행사 기간 동안 전시 진행 기회와 미술계 전문가의 멘토링 프로그램도 제공될 예정입니다!👀 마감은 8월 25일이니, 지금 바로 응모서류를 준비해보세요! 예비작가님들의 예술계 진출을 진심으로 응원합니다! ✨__________ ○ 공모명- IBK 대학생 예비작가 공모전○ 공모분야- 시각예술 전분야(자유주제)○ 공모기간- 2023. 8. 7.(월) ~ 8. 25.(금) 18:00○ 심사절차 - 공고 및 접수 (8.7~8.25) ▶ 1차 서류 심사 (8.28~9.1) ▶ 2차 PT심사 (9.8) ▶ 최종 결과 발표 (9.12, 개별 연락)○ 응모 자격- 전국 대학생 (학부 재학생/휴학생), 전공 무관○ 응모 방법- 제출서류 : 공모전 참가 신청서, 개인정보 수집/이용 동의서, 재학증명서, 포트폴리오(파일확장자 : pdf, 30MB 이내)- 접수처 : 전자우편(2023theartplaza@gmail.com) 을 통한 온라인 접수*방문·우편접수는 받지 않음- 출품작 기준 : 전시 및 설치 가능한 작품으로, 평면(100호 이내),입체(180*180*180cm이내) 미디어 작품의 경우 구동 가능한 하드웨어 일체 포함*추후 전시 출품작은 운영사무국과 협의 후 선정○ 심사방법- 1차 · 평가위원 : 내/외부 전문가 · 평가방법 : 서류평가 · 결과 : 2배수 선발- 2차 · 평가위원 : 내/외부 전문가 · 평가방법 : 대면 PT 평가 · 결과 : 최종 10인 선정○ 시상 (2023 더아트프라자 오프닝행사(23.10.11)간 시상식 진행 예정)- 최우수상 (1명) 300만 원- 우수상 (1명) 200만 원- 장려상 (1명) 100만 원- 선정작가상 (7명)- 시상혜택 : 전시 및 멘토링 프로그램 참여 (*미술계 전문가 멘토 참여 예정)__________ #IBK대학생예비작가공모전 #더아트프라자 #TheArtPlaza #을지로 #공모전 #전시 #예술 #미술 #전시 #기업은행 #ibk기업은행 #포트폴리오 #응모서류 #마감임박"
53,🎉MBC플러스와 함께 하는 2023 입크페-스티벌!📌IBK 입크 페스티벌-9/16 수원월드컵경기장 보조경기장-신청: IBK 기업은행 홈페이지 또는 i-Bank App에서!-응모기간: 2023.08.01(화)~08.20(일)✔️ZICO✔️DYNAMIC DUO✔️LOCO✔️BIG NAUGHTY✔️JESSI ✔️GIRIBOY...누구보다#입크하게 남들과는 다르게!입크페스티벌은 라인업도 입크하지🤘지금가장HIP한 은행은 어디?HIP~Bank! IBK!기업은행…기엽넹(๑˃̵ᴗ˂̵)و자세한 내용 검색창에 '입크페스티벌'을 검색하세요~#입크페스티벌#입크#IBK #기업은행#페스티벌#뮤직페스티벌#힙합페스티벌#축제#콘서트#힙합#MZ #라인업 #MBC플러스
54,🎉MBC플러스와 함께 하는 2023 입크페-스티벌!📌IBK 입크 페스티벌-9/16 수원월드컵경기장 보조경기장-신청: IBK 기업은행 홈페이지 또는 i-Bank App에서!-응모기간: 2023.08.01(화)~08.20(일)✔️ZICO✔️DYNAMIC DUO✔️LOCO✔️BIG NAUGHTY✔️JESSI ✔️GIRIBOY...누구보다#입크하게 남들과는 다르게!입크페스티벌은 라인업도 입크하지🤘지금가장HIP한 은행은 어디?HIP~Bank! IBK!기업은행…기엽넹(๑˃̵ᴗ˂̵)و자세한 내용 검색창에 '입크페스티벌'을 검색하세요~#입크페스티벌#입크#IBK #기업은행#페스티벌#뮤직페스티벌#힙합페스티벌#축제#콘서트#힙합#MZ #라인업 #MBC플러스
55,#부흥오거리#기업은행#동전교환#은행보안요원#은행직원#용돈저축#통장관리틈틈이 돼지잡아 아이들 통장관리 겸 은행 오는데...오늘은 기업은행 보안요원분께서 친절하시게도 아이들이 동전분리기계 터치도 한번씩만 할 수 있게 해주셨어요~~~사람이 많았으면 안될수 있었는데 넘넘 감사했어요 ^^동전이 돌돌말아 나오는것도 보고ㅋㅋ번호표 뽑고 기다리고내통장에 얼마가 있는지...용돈 얼마나 저축하는지...누가 더 많냐며...ㅋㅋ둘다 똑같다ㅋㅋ
56,💲재💲테💲크의 기본 1일 1수익 입니다.언제까지 지켜보고 있으실 거예요?망설이는 이순간에도 누군가는한발 앞서가고 있습니다~투자느 즐겁게~!!! 수익은 꾸준하게~!!!재무는 탄탄하게~!!!하루 1시간만 투자하세요작은 용기가 인생을 바꿉니다!친절 상담 문의는 프로필 하단 오픈톡으로!!
57,230805 혠니 행복하쎄오 💖#구혜인 #기업은행
58,230801 앙 다문 입 ! 오리인걸 못 숨기는 편 #구혜인 #기업은행
59,230805 단단 혜니 기여워요 ~ #구혜인 #기업은행
60,💜💙2023 입크 페스티벌 신청 왜 안해?⠀지금 프로필 링크에서 응모하면추첨을 통해 입장권 증정!⠀은행은 노잼?힙쟁이 IBK는 대유잼!🤘⠀여름은 끝났어도 페스티벌은 못 참지!9월은 IBK와 함께 입크 가보자고😎⠀입 크-게 벌어지는 #2023입크페스티벌입크페스티벌에서 입크니와 놀아보실?⠀📌 IBK 입크 페스티벌-9/16(토) 수원월드컵 보조경기장- 신청: IBK 기업은행 홈페이지에서 응모!(ibk.kr/입크페스티벌)-응모기간 : 2023.8.1 (화)~8.20(일)⠀#입크페스티벌 #입크 #IBK #기업은행#페스티벌 #뮤직페스티벌 #힙합페스티벌#축제 #콘서트 #힙합 #MZ #라인업#지코 #다이나믹듀오 #로꼬 #제시 #빅나티#기리보이 #릴러말즈 #효린 #미노이 #유토
61,폭염에 태풍소식에 걱정입니다만 오늘이 입추입니다. 폭염이 절정이니 가을이 멀지않았습니다. 아무튼 입추를 맞이해서 풍성한 결실 맺으시고 행복한시간 많으시길 기원합니다. Fighting!!!#입추 #입추대길 #태풍 #폭영 #대길 #행운 #기업은행 #ibk #캘리픽마켓 #체인지어스 #김광현작가 #광작가
62,-다경방학2일차 피드를 올려야되는데다경이가 아파서 피드를 계속 못 올렸네요ㅠㅠ... 잘 놀다가 갑자기 열이 나더라고요?해열제를 먹어도40도..39.9도..39.8도 그 이하로 내려가지 않아서 정말..마음이너무 초조하고 무서웠어요ㅠㅠ..그전에도 이런일이 있어서 응급실에 갔는데 40도가 넘지 않으면아무것도 해줄수가 없다는 거예요?!!!!!!부모속만 타들어가쥬...그래서 계속 지켜보다가40도가 넘어가서 ..이건 진짜 아니다라는생각이들어 친구가 추천해준 24시 병원으로가서해열주사를 맞고왓어요 ㅠㅠ코로나검사.독감검사도 했는데 다 음성이더라고요..😭그런데도 열이 계속 떨어지지않아서 병원에서 준 해열제를 먹였더니이불이 다 젖고 온몸이 축축할정도로땀을 엄청 흘리더라고요다행히도 다경이는 열이 떨어졌어요ㅠㅠ내일 생일이라서 안아프길 바랬는데정말 다행이예요🥲다경이 방학 2일차에는 저금통을 뜯었어요!!!!다경이가 돈을 아는 순간부터 저금통을사서 용돈받는걸 다 넣어주었어요ㅎㅎ1년도 안모은거 같은데 98만원을 모은거 있죠?!!!엄마보다 낫다...ㅋㅋㅋㅋㅋㅋ은행직원분도 5살이 돈 모아서 온거 처음이라고이모보다낫다..하시더라고요🤣🤣🤣은행가서 다경이 통장에 같이 저금하고남편이 100만원채워줘서 울 다경이는더~~부자가 되었어요!!방학피드 밀렸지만 빠르게 올려볼게요🫠#방학2일차#아파서피드가밀렸네요#아프지마도토도토잠보#엄마나이티나니#개그코드#아이고열#아프지마#한여름에고열#무슨일이니#저금#기업은행#저금통털어#저금하기#대단해우리딸#다시또모아보자#5살이#이렇게#돈모은거#봤어#최고야우리딸#유치원방학일기
63,HAPPY 슨듀곤듀 DAY 🩵#표승주 #기업은행
64,230805 귀요워요 !!! 💓#김정아 #기업은행
65,230801 볼 챡 .. 기여워 !! #이솔아 #기업은행
66,230804 웃는게 제일 예뽀다 ! #이솔아 #기업은행
67,230805 방가 방가 #구혜인 #기업은행
68,230805 훈녀스킬 .. 🫶🏻#구혜인 #기업은행
69,230805 붕방 강아띠 💖#구혜인 #기업은행
70,230803 아기 장꾸야 !! #구혜인 #기업은행
71,230801 사랑둥이 혠니 💓💓#구혜인 #기업은행
72,230801 기염둥이 .. 🩵#구혜인 #기업은행
73,크룩...🙊🤎
74,"기업은행 전망, 중소기업대출 시장 점유율 역대 최고 및 ESG 경영으로 지속가능한 성장 추구(024110)-중소기업과 소상공인의 금융 파트너중소기업과 소상공인의 금융 파트너로 자리매김한 기업은행이 2023년 2분기에 중소기업대출 시장에서 역대 최고의 성과를 달성했습니다. 기업은행은 어떤 전략으로 이러한 성과를 이끌어냈으며, 앞으로의 비전은 무엇일까요? 기업은행의 2023년 상반기 경영실적과 ESG 경영 전략에 대해 알아보겠습니다.기업은행의 자세한 내용은? 프로필 링크에 ""기업은행""또는 ""024110"" 검색해 주세요 #주식전망 #주식 #주식투자 #기업은행 #중소기업은행 #ibk기업은행"
75,⭐️The best⭐️ 💙#기업은행 #코보컵 #준우승 #ibk #ibk기업은행
76,#구미 #박정희체육관 열린 #도드람컵 여자배구 끝 #여자배구시상식 있었죠.#김장호 #구미시장#구자근 구미 #국회의원#김영식 #구미국회의원#GS칼텍스 우승#기업은행 준우승#MVP #강소휘#MIP #표승주 #여자배구시상식 #라이브방송#이기라방 #구미라방 #배구라방#대한민국사랑해요 #구미사랑 #안이기#구미시
77,🥂🍓✨
78,여기가 천국..여름방학은이렇게#구미#배구#ibk기업은행 #기업은행#배구경기공짜가아니었어ㅋㅋ#여름방학#시원하다#배구잼
79,회원님의 동의를 받은 100프로 실제후기사진입니다진짜 고맙습니다 ^^* 저 믿고 기다려주시고 매번 예약뒤로밀려도 불평없이 하시는분들 다시한번 감사 드립니다연락주시는대로 늦어도 답변을 드릴테니 조금만 기다려주세요절망속에서도 희망을 잃치말라 희망만이 희망을 키웁니다불경기에도 돈은 살아서 숨쉰다 돈의 숨소리에 귀을 기울여주세요돌다리만 두드리지 말고 그사이에 남들은 결승점에 가있어요무엇보다 건강이 우선이니 전처럼 밝게 웃는날이 오지않을까 싶습니다 오늘하루 수고 많으셨습니다 ^^*
80,🔥
81,비시즌버티기7월 30일기업은행vs흥국생명3대0  승리근데 비시즌맞아?코보컵 김희진보러 구미 내려감함께한 덕친들 덕분에 즐겁게 경기보고 밥도먹고희진이도 보고옴~~~#비시즌버티기#코보컵#기업은행#김희진#구미#개더워
82,리본문구는 무료로 작업됩니다🌱.사전예약시 원하시는 문구를 말씀해주세요💗
83,#기업은행 #인삼공사
84,분갈이 후 모든 화분들이 전보다 더 쑥쑥 잘 자라고 있다특히 #구멍몬스테라 🪴#농협은행 #기업은행
85,🏐 경기결과 🏐IBK기업은행 결승진출!👏👏
86,catch the wave
87,#로고 가들어간 #아크릴안내판 기존이미지에서 상호명과 로고가 들어가길 원하셨던 고객님:)시안만 받으시고도 넘 만족스러워하셨는데 #실물깡패 시안그대로 작업해드려요^^#삼비 #8900원 #8900삼겹살비빔밥 #계좌이체 #안내판 #기업은행 #안내판제작
88,"#광고 @@전국 힙쟁이들 집합!지코, 다이나믹듀오, 로꼬, 기리보이제시, 미노이, 효린, 릴러말즈, 빅나티, 유토IBK에서 다 모았다고함 라인업 폼 미쳤다;; 게다가 공짜로 볼 수 있대!기업은행 홈페이지나 어플에서응모만 하면 끝! 진짜 간단하지?심지어 홈페이지는 회원가입 안 해도 됨;TIP) 어플에서 응모하면 더 앞에서 볼 수 있다는데?!자세한 내용은 @ibk_festival여기서 확인 가능!#입크 #페스티벌 #기업은행 #힙합 #콘서트"
89,요즘 가장 힙-한 은행?바로 여기 기업은행!HIP-Bank IBK가 주최하는#2023입크페스티벌 🎉 이렇게 #입크한 라인업 본적 이쒀? 🤘진행시켜어어어어! 세상에 없던 힙합페스티벌9월 16일 수원에서 만나요!지금 바로 IBK(입크)해!📌 IBK 입크 페스티벌- 9/16(토) 수원월드컵 보조경기장- 신청 : IBK기업은행 홈페이지에서 응모! (ibk.kr/입크페스티벌)- 응모기간 : 2023.8.1(화)~8.20(일)#입크페스티벌 #입크 #IBK #기업은행 #페스티벌 #뮤직페스티벌 #힙합페스티벌 #지코 #다듀 #로꼬 #빅나티 #제시 #기리보이 #릴러말즈 #효린 #미노이 #유토
90,요즘 가장 힙-한 은행?바로 여기 기업은행!HIP-Bank IBK가 주최하는#2023입크페스티벌 🎉 이렇게 #입크한 라인업 본적 이쒀? 🤘진행시켜어어어어! 세상에 없던 힙합페스티벌9월 16일 수원에서 만나요!지금 바로 IBK(입크)해!📌 IBK 입크 페스티벌- 9/16(토) 수원월드컵 보조경기장- 신청 : IBK기업은행 홈페이지에서 응모! (ibk.kr/입크페스티벌)- 응모기간 : 2023.8.1(화)~8.20(일)#입크페스티벌 #입크 #IBK #기업은행 #페스티벌 #뮤직페스티벌 #힙합페스티벌 #지코 #다듀 #로꼬 #빅나티 #제시 #기리보이 #릴러말즈 #효린 #미노이 #유토
91,🎉MBC플러스와 함께 하는 2023 입크페-스티벌!📌IBK 입크 페스티벌-9/16 수원월드컵경기장 보조경기장-신청: IBK 기업은행 홈페이지 또는 i-Bank App에서!-응모기간: 2023.08.01(화)~08.20(일)✔️ZICO✔️DYNAMIC DUO✔️LOCO✔️BIG NAUGHTY✔️JESSI ✔️GIRIBOY...누구보다#입크하게 남들과는 다르게!입크페스티벌은 라인업도 입크하지🤘지금가장HIP한 은행은 어디?HIP~Bank! IBK!기업은행…기엽넹(๑˃̵ᴗ˂̵)و자세한 내용 검색창에 '입크페스티벌'을 검색하세요~#입크페스티벌#입크#IBK #기업은행#페스티벌#뮤직페스티벌#힙합페스티벌#축제#콘서트#힙합#MZ #라인업 #MBC플러스
92,"[23' 상반기 국민은행 최종 합격후기]⠀""각자 자신의 때가 있다는 말이 와닿습니다.""글쓴이. Lulucy97출처. 국민은행 신입행원 기업금융 최종합격 후기⠀국민은행 신입행원 최종 합격자의 스토리를금융권 취업카페 1위 독금사에서 확인하세요!⠀→ 저장해놓고 보세요!@국민은행 준비하는 친구 태그⠀★2023년도 금융권 취업카페 1위 독금사★dokkmsa 프로필 링크 GO!"
93,.회원님 원금 200만에 총수익 1880만원출금 축하드립니당 🎈🎈즐거운 하루 보내세용 ~* 문의는 프로필하단 오픈톡으로 연락주세요!...#우리은행 #농협은행 #농형 #국민 #하나 #우리 #은행 #기업 #기업은행 #뱅킹 #오픈뱅킹 #계좌 #통장 #수수료 #국민은행이자 #하나은행이자 #우리은행이자 #기업은행이자 #카카오뱅킹 #카카오 #카카오이자
94,창원 가로수길 세상 좋더라
95,🏐 경기결과 🏐
96,병문안선물로 준비된 과일바구니💗
97,젤리 농협은행〰️🫶🏻
98,기념식행사에 마이미뉴엣 현악4중주 공연~~#마이미뉴엣 #마이미뉴엣행사 #현악4중주 #행사 #기업은행 #ibk기업은행
99,3일만 더쉬고싶다
100,🌾🌸🌸
101,🍽🎂
102,"개쩌는 라인업 공개되자마자 난리난 #힙합페스티벌‼️다듀,지코,로꼬,기리보이,빅나티,미노이,제시,효린, 릴러말즈,유토 까지!!한 자리에 모이기 쉽지 않은 화려한 라인업을IBK가 다 모았다네? 게다가 응모하면 입장권이 공짜임;;귀찮은 회원가입도 안 해도 응모 가능 ㄱㅇㄷ📌Tip))))IBK 기업은행 쓰는 사람들은 어플로 응모하면더 앞에서 보는 것도 쌉가능!!!!@@대박 힙째이들 집합!!!!!!!🤟🤟🤟자세한 내용은 @ibk_festival여기서 확인 가능!#입크 #페스티벌 #기업은행 #힙합 #콘서트"
103,더위가 폼 미쳤다 😎🏝️너무 더워 녹아내릴거 같아..요…. 🫠#성수동
104,소중한 내 가족을 위한 재💲테💲크 성인이라면  모두 가능한 부업단 한번 뿐인 인생 돈 없어 불편하고 힘든 인생을 살다 갈순없죠....한번의 투자로 인생이 바뀝니다믿음과 신뢰 그리고 신용 보장합니다하고자 하는 마음만 있으시다면오픈톡으로 문의☎주시면 바로 상담 가능합니다
105,"개쩌는 라인업 공개되자마자 난리난 #힙합페스티벌‼️다듀,지코,로꼬,기리보이,빅나티,미노이,제시,효린, 릴러말즈,유토 까지!!한 자리에 모이기 쉽지 않은 화려한 라인업을IBK가 다 모았다네? 게다가 응모하면 입장권이 공짜임;;귀찮은 회원가입도 안 해도 응모 가능 ㄱㅇㄷ📌Tip))))IBK 기업은행 쓰는 사람들은 어플로 응모하면더 앞에서 보는 것도 쌉가능!!!!@@대박 힙째이들 집합!!!!!!!🤟🤟🤟자세한 내용은 @ibk_festival여기서 확인 가능!#입크 #페스티벌 #기업은행 #힙합 #콘서트"
106,🎉2023 입크 페-스티벌!누구보다 #입크하게 남들과는 다르게!입크 페스티벌은 라인업도 입크하지🤘⠀✔️ZICO✔️DYNAMIC DUO✔️LOCO✔️BIG NAUGHTY✔️JESSI✔️GIRIBOY✔️LEELLAMARZ✔️HYOLYN✔️MEENOI✔️JUTO⠀지금 가장 HIP한 은행은 어디?HIP~Bank! IBK!⠀기업은행…기엽넹(๑˃̵ᴗ˂̵)و⠀📌 IBK 입크 페스티벌- 9/16(토) 수원월드컵 보조경기장- 신청 : IBK기업은행 홈페이지에서 응모!(ibk.kr/입크페스티벌)- 응모기간 : 2023.8.1(화)~8.20(일)⠀자세한 내용은 프로필 링크에서 확인!⠀#입크페스티벌 #입크 #IBK #기업은행#페스티벌 #뮤직페스티벌 #힙합페스티벌#축제 #콘서트 #힙합 #MZ #라인업#지코 #다이나믹듀오 #로꼬 #제시 #빅나티 #기리보이 #릴러말즈 #효린 #미노이 #유토
107,"#event #이벤트🎉2023 입크 페-스티벌!누구보다 #입크하게 남들과는 다르게!입크 페스티벌은 라인업도 입크하지🤘⠀✔️ZICO✔️DYNAMIC DUO✔️LOCO✔️BIG NAUGHTY✔️JESSI✔️GIRIBOY✔️LEELLAMARZ✔️HYOLYN✔️MEENOI✔️JUTO⠀지금 가장 HIP한 은행은 어디?HIP~Bank! IBK!⠀기업은행…기엽넹(๑˃̵ᴗ˂̵)و⠀🎊입크니가 초대권 쏜다!🎊1. IBK 기업은행+입크 페스티벌 계정 팔로우! (@goodibk, @ibk_festival)2. 게시물 좋아요+입크 페스티벌 기대평 댓글 달기!기간 : 8/3(목) ~ 8/13(일) 당첨자 발표 : 8/16(수) 개별 DM으로 발표 예정!추첨을 통해 20명에게 입크 페스티벌 초대권 (1인 2매) 드립니다! 드루와 드루와~⠀* DM발표 후 기간 내 미회신시 당첨에서 제외될 수 있습니다.자세한 내용은 홈페이지 참고⠀📌 IBK 입크 페스티벌- 9/16(토) 수원월드컵 보조경기장- 신청 : IBK기업은행 홈페이지에서 응모!(ibk.kr/입크페스티벌)- 응모기간 : 2023.8.1(화)~8.20(일)📌 본 이벤트는 종료되었습니다.당첨자분들께는 개별 DM으로 안내 드리겠습니다! 앞으로도 입크 페스티벌에 많은 관심 부탁 드립니다 💙💜⠀#입크페스티벌 #입크 #IBK #기업은행#페스티벌 #뮤직페스티벌 #힙합페스티벌#축제 #콘서트 #힙합 #MZ #라인업#지코 #다이나믹듀오 #로꼬 #제시 #빅나티 #기리보이 #릴러말즈 #효린 #미노이 #유토⠀"
108,🎉2023 입크 페-스티벌!누구보다 #입크하게 남들과는 다르게!입크 페스티벌은 라인업도 입크하지🤘⠀✔️ZICO✔️DYNAMIC DUO✔️LOCO✔️BIG NAUGHTY✔️JESSI✔️GIRIBOY✔️LEELLAMARZ✔️HYOLYN✔️MEENOI✔️JUTO⠀지금 가장 HIP한 은행은 어디?HIP~Bank! IBK!⠀기업은행…기엽넹(๑˃̵ᴗ˂̵)و⠀📌 IBK 입크 페스티벌- 9/16(토) 수원월드컵 보조경기장- 신청 : IBK기업은행 홈페이지에서 응모!(ibk.kr/입크페스티벌)- 응모기간 : 2023.8.1(화)~8.20(일)⠀자세한 내용은 프로필 링크에서 확인!⠀#입크페스티벌 #입크 #IBK #기업은행#페스티벌 #뮤직페스티벌 #힙합페스티벌#축제 #콘서트 #힙합 #MZ #라인업#지코 #다이나믹듀오 #로꼬 #제시 #빅나티 #기리보이 #릴러말즈 #효린 #미노이 #유토
109,-------입크니 피드 정리중-------앞으로 올라올 이벤트 콘텐츠도 관심 가져줘!(피드 알잘딱 못 한다고 부장님한테 혼나쪄엉😥)⠀#입크페스티벌 #입크 #IBK #기업은행#페스티벌 #뮤직페스티벌 #힙합페스티벌#축제 #콘서트 #힙합 #MZ⠀
110,-------입크니 피드 정리중-------앞으로 올라올 이벤트 콘텐츠도 관심 가져줘!(피드 알잘딱 못 한다고 부장님한테 혼나쪄엉😥)⠀#입크페스티벌 #입크 #IBK #기업은행#페스티벌 #뮤직페스티벌 #힙합페스티벌#축제 #콘서트 #힙합 #MZ⠀
111,-------입크니 피드 정리중-------앞으로 올라올 이벤트 콘텐츠도 관심 가져줘!(피드 알잘딱 못 한다고 부장님한테 혼나쪄엉😥)⠀#입크페스티벌 #입크 #IBK #기업은행#페스티벌 #뮤직페스티벌 #힙합페스티벌#축제 #콘서트 #힙합 #MZ⠀
112,승진 축하선물로 배송된 과일바구니💓
113,😋
114,🔥
115,⠀⠀⠀⠀⠀⠀𝕤𝕠𝕦𝕟𝕕𝕓𝕚𝕥𝕖누구니 넌 ㅎㅎ회사 로비에 직원들이 엄청 많길래보니까..⠀⠀⠀⠀⠀⠀⠀⠀⠀⠀⠀⠀⠀⠀⠀⠀⠀⠀⠀⠀〰️〰️〰️〰️〰️〰️〰️〰️〰️#기업은행창립기념일 #이재훈#모범택시 #기업은행 #건축학개론〰〰️〰️〰️〰️〰️〰️〰️〰️
116,트위드자켓에 트위드백 조합도 너무 좋네🤍
117,"■주식공부방, 원익IPS 반도체관련주, 기업은행 금리인상관련주, 기업분석 , 주식차트분석.■ 당해 업체는 금융 투자업자가 아닌 유사투자전문업자로, 개별적인 투자상담과 자금운용이 불가합니다. 투자결과에 따라 투자원금의 손실이 발생할 수 있으며, 그 손실은 투자자에게 귀속됩니다.■ 본 내용은 에셋마스터가 직접 #주식공부하는 내용을 공유하여 올려드리는 것입니다.[""일정한 대가를 받고 주식에 대한 종목 추천이나 1:1 리딩은 절대 하지 않습니다"".]​주식투자에 대한 교육 차원이며 종목 추천을 드리는 것이 아님을 꼭 밝혀드리고, 주식투자에 대한 수익이나 손실은 본인의 몫임을 말씀드립니다.​■ #주식투자에 앞서 #주식공부는 증권사의 모의투자로 본인의 실력을 향상시키는 것을 먼저 권유 드립니다.​■#주식공부방에서 #주식공부방법에 대해서 함께 공부하는 시간이 되면 좋겠습니다.​#원익IPS #차트분석 #기술적분석디스플레이, 솔라셀 장비를 제조하고 있으며 반도체 제조공정중 가장 기술 난이도가 높은 기판위에 회로 패턴을 형성하는 공정장비 사업을 하고 있는 시가총액 1조 8529억원의 코스닥상장기업입니다.​볼린져밴드 상단선의 저항선을 돌파하지 못하고 저항선에 밀려서 가격조정을 받아오던 주가는 240일선을 이탈했지만 재돌파하면서 5일선이 20일선을 골든크로스하면서 상승하였습니다.​상승이후 횡보하면서 기간조정을 받아오던 주가는 재차 5일선이 20일선을 골든크로스하면서 상승이후 현재 볼린져밴드 상단선을 돌파하는 모습을 보여주고 있습니다.​매수밴드 5일선과 볼린져밴드 상단선에서 흐름지켜보고 볼린져밴드 상단선 이탈시 손절선 잡아보겠습니다.​#원익IPS #재무분석 #기본적분석원익IPS의 매출액은 2020년 1조 909억원에서 2022년 1조 115억원으로 소폭 하락하였고, 당기순이익은 2020년 978억원에서 2022년 894억원으로 감소하고 있습니다.​부채비율은 2020년 65%에서 2022년 28%로 감소하고 있으며, 유보율은 2020년 2670%에서 2022년 3555%로 증가하고 있습니다.​#원익IPS #시장이슈및테마#시스템반도체 #OLED관련주 #태양광관련주 #LCD장비관련주 #메모리반도체관련주 #D램관련주 #3D낸드관련주 #반도체전공정관련주로 엮여 있는 상황에서 이슈받는지 흐름지켜보겠습니다.​#기업은행 #차트분석 #기술적분석중소기업대출 툭화 전문은행업을 하고 있으며 중소기업 지원제도를 통하여 중소기업과 소상공인데 대한 지원을 강화해 나가고 있는 시가총액 8조 2852억원의 코스파상장기업입니다.​240일선의 저항선을 돌파하지 못하고 5일선을 이탈하면서 가격조정을 받아오던 주가는 캔들이 5일선을 돌파하고 5일선을 20일선을 골든크로스하면서 240일선까지 재차 상승해 주었습니다.​이후 단기 조정이후 재차 240일선을 돌파하는 모습에서 전고점의 저항선을 돌파하지 못하고 박스권을 만들어 주면서 횡보하는 상황에서 이평선을 밀집시켜주고 현재 박스권을 돌파하는 모습을 보여주고 있습니다.​#기업은행 #재무분석 #기본적분석기업은행의 매출액은 2020년 18조 5746억원에서 2022년 27조 5361억원으로 증가하고 있으며, 당기순이익은 2020년 1조 5479억원에서 2022년 2조 7808억원으로 증가하고 있습니다.​부채비율은 2020년 1338%에서 2022년 1383%로 횡보하고 있으며 유보율은 2020년 501%에서 2022년 591%로 증가하고 있습니다.​#기업은행 #시장이슈및테마#인플레이션관련주 #금리인상관련주 #은행관련주로 엮여 있는 상황에서 이슈받는지 흐름지켜보겠습니다,​#에셋마스터 #돌고래차트 #야구공주식이론 #주식공부방"
118,#kovo#코보컵#도드람컵#프로배구#여자배구#기업은행#IBK#IBKALTOS#IBK기업은행
119,🎉IBK 62주년을 축하해💙IBK기업은행이 여러분과 함께 한 지 62주년이 되었습니다!짝짝짝👏🏻👏🏻금융으로 만나는 새로운 세상IBK기업은행
120,아가야 잘지내보자
121,🏐 경기결과 🏐
122,#기업은행 모델 #이제훈 기업은행 창립 62주년 행사
123,8월의 시작입니다. 지금 제주에 있는데 아주 여유롭습니다. 애월의 어느 카페는 내게 많은 영감을 줍니다. 언제나 재미나고 환상적인 8월되시기를 기원합니다. 잉어는 부귀영화를 상징합니다. 여러분 모두 Fighting!!!#8월 #열정 #숭사대 #기업은행 #IBK #행복하세요 #캘리픽마켓 #광작가 #김광현교수
124,🎉 2023 입크 페-스티벌!⠀🔈속보) 9월 16일 수원에서전국 힙쟁이들 다 모일 예정!!!⠀크으~ 이런거 본 적 있어?은행도 힙하면 왜 안돼? 🤟🏻✨Hip~ Bank! IBK!⠀✔입- 장할 때부터✔크- 소리 밖에 안 나오는#2023입크페스티벌 🎵⠀궁금하면 지금 바로 IBK(입크)해!⠀#입크페스티벌 #입크 #IBK #기업은행 #페스티벌 #뮤직페스티벌 #힙합페스티벌 #MZ #MZ놀이터
125,🎉 2023 입크 페-스티벌!⠀🔈속보) 9월 16일 수원에서전국 힙쟁이들 다 모일 예정!!!⠀크으~ 이런거 본 적 있어?은행도 힙하면 왜 안돼? 🤟🏻✨Hip~ Bank! IBK!⠀✔입- 장할 때부터✔크- 소리 밖에 안 나오는#2023입크페스티벌 🎵⠀궁금하면 지금 바로 IBK(입크)해!⠀#입크페스티벌 #입크 #IBK #기업은행 #페스티벌 #뮤직페스티벌 #힙합페스티벌 #MZ #MZ놀이터
126,🎉 2023 입크 페-스티벌!⠀🔈속보) 9월 16일 수원에서전국 힙쟁이들 다 모일 예정!!!⠀크으~ 이런거 본 적 있어?은행도 힙하면 왜 안돼? 🤟🏻✨Hip~ Bank! IBK!⠀✔입- 장할 때부터✔크- 소리 밖에 안 나오는#2023입크페스티벌 🎵⠀궁금하면 지금 바로 IBK(입크)해!⠀#입크페스티벌 #입크 #IBK #기업은행 #페스티벌 #뮤직페스티벌 #힙합페스티벌 #MZ #MZ놀이터
127,🎉 2023 입크 페-스티벌!⠀🔈속보) 9월 16일 수원에서전국 힙쟁이들 다 모일 예정!!!⠀크으~ 이런거 본 적 있어?은행도 힙하면 왜 안돼? 🤟🏻✨Hip~ Bank! IBK!⠀✔입- 장할 때부터✔크- 소리 밖에 안 나오는#2023입크페스티벌 🎵⠀궁금하면 지금 바로 IBK(입크)해!⠀#입크페스티벌 #입크 #IBK #기업은행 #페스티벌 #뮤직페스티벌 #힙합페스티벌 #MZ #MZ놀이터
128,🎉 2023 입크 페-스티벌!⠀🔈속보) 9월 16일 수원에서전국 힙쟁이들 다 모일 예정!!!⠀크으~ 이런거 본 적 있어?은행도 힙하면 왜 안돼? 🤟🏻✨Hip~ Bank! IBK!⠀✔입- 장할 때부터✔크- 소리 밖에 안 나오는#2023입크페스티벌 🎵⠀궁금하면 지금 바로 IBK(입크)해!⠀#입크페스티벌 #입크 #IBK #기업은행 #페스티벌 #뮤직페스티벌 #힙합페스티벌 #MZ #MZ놀이터
129,🎉 2023 입크 페-스티벌!⠀🔈속보) 9월 16일 수원에서전국 힙쟁이들 다 모일 예정!!!⠀크으~ 이런거 본 적 있어?은행도 힙하면 왜 안돼? 🤟🏻✨Hip~ Bank! IBK!⠀✔입- 장할 때부터✔크- 소리 밖에 안 나오는#2023입크페스티벌 🎵⠀궁금하면 지금 바로 IBK(입크)해!⠀#입크페스티벌 #입크 #IBK #기업은행 #페스티벌 #뮤직페스티벌 #힙합페스티벌 #MZ #MZ놀이터
130,🎉 2023 입크 페-스티벌!⠀🔈속보) 9월 16일 수원에서전국 힙쟁이들 다 모일 예정!!!⠀크으~ 이런거 본 적 있어?은행도 힙하면 왜 안돼? 🤟🏻✨Hip~ Bank! IBK!⠀✔입- 장할 때부터✔크- 소리 밖에 안 나오는#2023입크페스티벌 🎵⠀궁금하면 지금 바로 IBK(입크)해!⠀#입크페스티벌 #입크 #IBK #기업은행 #페스티벌 #뮤직페스티벌 #힙합페스티벌 #MZ #MZ놀이터
131,🎉 2023 입크 페-스티벌!⠀🔈속보) 9월 16일 수원에서전국 힙쟁이들 다 모일 예정!!!⠀크으~ 이런거 본 적 있어?은행도 힙하면 왜 안돼? 🤟🏻✨Hip~ Bank! IBK!⠀✔입- 장할 때부터✔크- 소리 밖에 안 나오는#2023입크페스티벌 🎵⠀궁금하면 지금 바로 IBK(입크)해!⠀#입크페스티벌 #입크 #IBK #기업은행 #페스티벌 #뮤직페스티벌 #힙합페스티벌 #MZ #MZ놀이터
132,🎉 2023 입크 페-스티벌!⠀🔈속보) 9월 16일 수원에서전국 힙쟁이들 다 모일 예정!!!⠀크으~ 이런거 본 적 있어?은행도 힙하면 왜 안돼? 🤟🏻✨Hip~ Bank! IBK!⠀✔입- 장할 때부터✔크- 소리 밖에 안 나오는#2023입크페스티벌 🎵⠀궁금하면 지금 바로 IBK(입크)해!⠀#입크페스티벌 #입크 #IBK #기업은행 #페스티벌 #뮤직페스티벌 #힙합페스티벌 #MZ #MZ놀이터
133,🎉 2023 입크 페-스티벌!⠀🔈속보) 9월 16일 수원에서전국 힙쟁이들 다 모일 예정!!!⠀크으~ 이런거 본 적 있어?은행도 힙하면 왜 안돼? 🤟🏻✨Hip~ Bank! IBK!⠀✔입- 장할 때부터✔크- 소리 밖에 안 나오는#2023입크페스티벌 🎵⠀궁금하면 지금 바로 IBK(입크)해!⠀#입크페스티벌 #입크 #IBK #기업은행 #페스티벌 #뮤직페스티벌 #힙합페스티벌 #MZ #MZ놀이터
134,🎉 2023 입크 페-스티벌!⠀🔈속보) 9월 16일 수원에서전국 힙쟁이들 다 모일 예정!!!⠀크으~ 이런거 본 적 있어?은행도 힙하면 왜 안돼? 🤟🏻✨Hip~ Bank! IBK!⠀✔입- 장할 때부터✔크- 소리 밖에 안 나오는#2023입크페스티벌 🎵⠀궁금하면 지금 바로 IBK(입크)해!⠀#입크페스티벌 #입크 #IBK #기업은행 #페스티벌 #뮤직페스티벌 #힙합페스티벌 #MZ #MZ놀이터
135,🎉 2023 입크 페-스티벌!⠀🔈속보) 9월 16일 수원에서전국 힙쟁이들 다 모일 예정!!!⠀크으~ 이런거 본 적 있어?은행도 힙하면 왜 안돼? 🤟🏻✨Hip~ Bank! IBK!⠀✔입- 장할 때부터✔크- 소리 밖에 안 나오는#2023입크페스티벌 🎵⠀궁금하면 지금 바로 IBK(입크)해!⠀#입크페스티벌 #입크 #IBK #기업은행 #페스티벌 #뮤직페스티벌 #힙합페스티벌 #MZ #MZ놀이터
136,#천우테크 #창립기념일케이크#기업은행 세번째 주문제작  지난번에는 3호사이즈(세번째사진) 이번엔 4호사이즈로 주문해 주셨어요.#기업케이크 #기업로고케이크.....#부산창립기념일케이크 #부산기업로고케이크 #부산주문제작케이크 #부산레터링케이크주문 #부산케이크주문 #부산기념일케이크만들기 #부산기념일케이크주문 #부산케이크만들기 #동래케이크 #온천장케이크 #부산대케이크 #앙꼬빈
137,날씨가 참...더 보기
138,"🍯 이라 불리는 ""부업""본업+부업 두마리 토끼 동시잡기! 🐰📣능력맘이랑 함께하는  명품📣면세. 명품  가격차이로 수익챙기기📣초특가&빅세일&땡처리상품 모두낚기:)업무내용:쇼핑몰알바 근무시간:조율가능급여:당일결제 , 일급15만원~80만원+단순업무이며 초보자분들도 부담없이 작업 하실수 있습니다.상품주문서 작성하고 주문확인하면 되는 업무에요 -부담없이pc나 폰으로 작업가능해요~많은 지원과 문의 부탁드립니당~가입비X지원방법: 온라인 지원문의(오픈채팅으로 문의주세요)#당감동#1등#화장품선물#셀프네일아트#잠실동#기업은행#전업주부#휴대폰케이스추천#일하기싫다#창업준비#여행토퍼#전리단길카페#맛팔#잘지내#소고기무국"
139,오늘두 화이팅💝
140,#기업은행 #감사패
141,#230730 #구미 #코보컵 #도드람컵 #kovo #프로배구 #여자배구 #기업은행 #IBK #IBKALTOS #IBK기업은행 #기업은행알토스배구단 #셧아웃승
142,신애랑 두번째 서울여행기💙#럽스타그램 #터프팅하다 #팔빠질뻔 #무더위에는 #더현대서울 #빵빵이 #생일파티 #초대못받음 #농협은행 #기업은행
143,"🍯 이라 불리는 ""부업""본업+부업 두마리 토끼 동시잡기! 🐰📣능력맘이랑 함께하는  명품📣면세. 명품  가격차이로 수익챙기기📣초특가&빅세일&땡처리상품 모두낚기:)업무내용:쇼핑몰알바 근무시간:조율가능급여:당일결제 , 일급15만원~80만원+단순업무이며 초보자분들도 부담없이 작업 하실수 있습니다.상품주문서 작성하고 주문확인하면 되는 업무에요 -부담없이pc나 폰으로 작업가능해요~많은 지원과 문의 부탁드립니당~가입비X지원방법: 온라인 지원문의(오픈채팅으로 문의주세요)#당감동#1등#화장품선물#셀프네일아트#잠실동#기업은행#전업주부#휴대폰케이스추천#일하기싫다#창업준비#여행토퍼#전리단길카페#맛팔#잘지내#소고기무국"
144,예쁘고 맛있고 😋🫶🏻🥩🍈🧁🍹🍣
145,리엘옷이 전부 여리여리한 느낌이라사려했던거 이번에 다 입어보구 왔는데양손쇼핑백에 가득 담고왔다는 .. 우리 취향저격 🤍
146,"🍯 이라 불리는 ""부업""본업+부업 두마리 토끼 동시잡기! 🐰📣능력맘이랑 함께하는  명품📣면세. 명품  가격차이로 수익챙기기📣초특가&빅세일&땡처리상품 모두낚기:)업무내용:쇼핑몰알바 근무시간:조율가능급여:당일결제 , 일급15만원~80만원+단순업무이며 초보자분들도 부담없이 작업 하실수 있습니다.상품주문서 작성하고 주문확인하면 되는 업무에요 -부담없이pc나 폰으로 작업가능해요~많은 지원과 문의 부탁드립니당~가입비X지원방법: 온라인 지원문의(오픈채팅으로 문의주세요)#당감동#1등#화장품선물#셀프네일아트#잠실동#기업은행#전업주부#휴대폰케이스추천#일하기싫다#창업준비#여행토퍼#전리단길카페#맛팔#잘지내#소고기무국"
147,💙대한민국 성인들의 놀이터 1위♂️개인만남:연상/동성/연하등 각종 데이트♀️♀️비실명 실시간 데이트 ♂️♂️여성 타이핑부업♂️🌐각종 성인취향에 맞는 실시간 놀이☘️각종 성인용품도 판매 👍📮성인을 위한 콘텐츠📮#당감동#1등#화장품선물#셀프네일아트#잠실동#기업은행#전업주부#휴대폰케이스추천#일하기싫다#창업준비#여행토퍼#전리단길카페#맛팔#잘지내#소고기무국
148,고객님들의 감사하다는 한마디가나를 더 힘나게 슈퍼우먼으로 만든다💪 #nh농협은행 #우리은행 #우리은행위비 #기업은행 #ibk기업은행 #하나은행 #ked하나은행
149,23년 7월27일 관심종목기업은행은행주 증권주들이 대부분 차트를 예쁘게 만들어 가고 있습니다그중에 하나 기업은행 단기 박스권 돌파 시도 중박스권 돌파 하면 전고까지는 목표로돌파 못하면 눌렸을때 매수 하는 전략이번 하락장 공포에 손절 하신분 없지요? 공포에는 매수 관점 저도 몇 종목 추매 들어갔는데 결과가 어떨지는??주식은 심리와 대응 그리고 비중관리차트 공부 하기#기업은행#차트매매#차트공부#주식공부#주식스터디#직장인#직장인매매법#관심종목#주식#주식스타그램#은행주#증권주#분할매수#분할매도#시나리오매매#계획적인매매#요즘#요즘주식#공포#손절#추매
150,"🌼🏹👼🏻,,<3"
151,🧡
152,#IBK&GMoMA YOUNG ARTISTS 2023#오가영 개인전#기업은행 본점
153,소중한 내 가족을 위한 재💲테💲크 성인이라면  모두 가능한 부업단 한번 뿐인 인생 돈 없어 불편하고 힘든 인생을 살다 갈순없죠....한번의 투자로 인생이 바뀝니다믿음과 신뢰 그리고 신용 보장합니다하고자 하는 마음만 있으시다면오픈톡으로 문의☎주시면 바로 상담 가능합니다
154,폼 미쳤따 🫶🏻⠀#데일리네일#전주#ootd#전주네일#효자동네일#전주대네일#네일스타그램#젤네일#네일#패디큐어#네일디자인#전주당일예약네일#전주신시가지네일#농협은행#기업은행#이쁘고귀여운거다해💙
155,인턴 모드 ON 💼이 세상 모든 직장인분들과 행원분들을 존중하고 사랑하고(?) 존경하고 리스펙합니다🫠주3일 출근이 적당함•••😩
156,"일상 곳곳이 #겹세권 수원 행궁동에서 산책 한바퀴! 한가롭게 거닐고 싶을 땐행리단길로 떠나볼까요?🚶‍♀️🚶‍♂️📍수원화성 (수원 장안구 영화동 320-2)야경 맛집 성곽길 코스📍브로콜리숲 (수원 팔달구 화서문로32번길 21-10 2F)감성 넘치는 골목 책방📍널담은공간 화홍문점 (수원 팔달구 정조로886번길 14 1F)편지를 보내주는 비건 카페🎁댓글 #이벤트① 채널 팔로우하고 게시물 좋아요 클릭② 내가 추천해주고 싶은 겹세권이 있다면? 댓글 남겨주세요!기간 : 23년 7월 26일 ~ 8월 1일발표 : 23년 8월 3일 / 댓글 및 개별 DM 발표경품 : 롯데리아 새우버거 세트 (3명)※ 비공개 계정, 팔로우 하지 않은 계정, 태그 없이 업로드 시 당첨에 제외될 수 있습니다. 당첨 메시지 받으신 후 일주일 이내에 개인정보 미회신 시 당첨에서 제외될 수 있습니다. 이벤트 및 상품은 사전 고지 없이 변경될 수 있습니다."
157,"#event #이벤트다들 어제 많이 킹받았구나 ㅋㅋ⠀그냥 하면 재미없잖아그래서 라인업으로 캐치마인드 해봄(사실 이거 하면서 좀 기뻤다... 월루 최고...)⠀내 #입크한 캐치마인드 실력 뽐냈지맞추기 어려울듯?!⠀댓글로 정답 맞히면 추첨을 통해입크 페스티벌 초대권 줄거야!⠀와! #입크 그자체 OO이 나오는페스티벌 티켓을 공짜로?이거 정말 혜자잖아! (부장님이 이렇게 쓰래)⠀힌트가 필요해?2,3,4번은... 인물과 관련된 유명한 짤! 솔직히 1번은 힌트 필요없지? (정답 다 줬다 정말!)⠀📌입크 라인업 캐치마인드 1기간: 7/26~7/30참여방법 : @ibk_festival 팔로우+댓글로 라인업 4명 정답 맞추기당첨자 발표 : 8/8(화) @ibk_festival 계정을 통해 발표경품:입크 페스티벌 초대권 5명 (1인 2매)⠀또 돌아올게!⠀#입크페스티벌 #입크 #IBK #기업은행 #페스티벌 #뮤직페스티벌 #힙합페스티벌 #축제 #MZ #캐치마인드 #라인업"
158,"금일 종목별 레포트입니다. 더 많은 종목은 카페에있어영!!▶️LS ELECTRIC(분기 최대 실적 재차 경신)- 2Q23 영업이익 1,049억원(YoY +74.6%)으로 컨센서스 상회- 전력인프라 수익성 개선과 신재생 부문의 적자폭 축소가 주요 원인- 북미 매출이 빠르게 증가, 하반기에는 국내 공기업향 물량 증가도 기대되고 있어 긍정적- 국내외 설비투자 사이클은 수주잔고 증가로 이어지는 중- 전력인프라 부문 수익성 개선을 감안하면 하반기 실적도 견조할 개연성이 충분한 상황- 하나증권 유재선/채운샘목표주가 150,000원 상향 현재주가 115,500원#기업은행#ISC#에이스토리#에스엠#SOIL#LSElectric#한국전력#에어부산#유니드#두산퓨얼셀"
159,그거 알아?사람을 화나게 하는 방법에는 여러 가지가 있는데첫 번째는 말을 하다 마는 것이고...📌IBK 입크 페스티벌-9/16 (토) 수원월드컵경기장 보조경기장-신청 : IBK기업은행 홈페이지에서 응모! (ibk.kr/입크페스티벌)-응모 기간 : 2023.8.1(화)~8.20(일)⠀입크 페스티벌 더 알고 싶다면?프로필 링크 클릭⠀많.관.부!
160,"_깔꼼🫧💙𝕤𝕨𝕖𝕖𝕥𝕞𝕖𝕦𝕡🎁택배로 받는 레터링케이크로 사랑을 전해보세요🏠☁️▪️놀러가는 숙소로 케이크를 보내세요멀리 이동하는 차 안, 많은 짐들 속에서 케이크 지켜!▪️멀리 사는 친구, 가족, 애인 그리고 은사님께도 케이크를 보내세요. 직접 만나지 않아도 내 마음을 전할 수 있어요☺️▪️기업이벤트, 답례품을 집으로 보내세요직접 디자인 한 케이크가 이벤트를 더욱 빛내줄거예요소중한 마음 듬뿍 담아 정성껏 제작해드립니다"
161,처음해본 오호라 셀프네일어려운것도 아닌데 피곤할때 하니붙이고 자르고 굽고 하니 좀 귀찮았지만나름 급할땐 쓸만함맨날 샵에서 아트하고 풀스톤하고 그러다훨씬 저렴한 요걸 하니 돈아낀 느낌 🙈칭찬해
162,2023. 07. 24. 월요일여름휴가 첫째날.☔️안온다. 동네순찰 >>ㅑ미루고미루던 은행업무~무조건 브로미와함께~업무톤 + 은행톤 점심은 관양시장간식들🤭..#학의천#인덕원#새마을금고#새마을금고동안지점#기업은행#기업은행평촌it지점 #관양시장#여름휴가 #여름휴가첫날#가민 #가민830 #GARMIN
163,"🍯 이라 불리는 ""부업""본업+부업 두마리 토끼 동시잡기! 🐰📣능력맘이랑 함께하는  명품📣면세. 명품  가격차이로 수익챙기기📣초특가&빅세일&땡처리상품 모두낚기:)업무내용:쇼핑몰알바 근무시간:조율가능급여:당일결제 , 일급15만원~80만원+단순업무이며 초보자분들도 부담없이 작업 하실수 있습니다.상품주문서 작성하고 주문확인하면 되는 업무에요 -부담없이pc나 폰으로 작업가능해요~많은 지원과 문의 부탁드립니당~가입비X지원방법: 온라인 지원문의(오픈채팅으로 문의주세요)#당감동#1등#화장품선물#셀프네일아트#잠실동#기업은행#전업주부#휴대폰케이스추천#일하기싫다#창업준비#여행토퍼#전리단길카페#맛팔#잘지내#소고기무국"
164,"23.07.24주식계좌 자산현황총 10,786만원-K올웨더 포트폴리오-배당주식 스윙전략(리얼티인컴)<미국증시 현황>지난주 금요일 미국3대지수 혼조마감했다.(다우+0.01%, 나스닥-0.22%, S&P500 +0.03%)미증시는 전일 하락에 따른 반발매수세가 유입되어 상츨출발했다. 다만, 여전히 이어지는 차익실현매물로 상승분을 바납하고 하락전환했다.특히, 옵션만기일을 맞아 [나스닥100 특별재조정]으로 인한 변동성을 보였다. 또한 금주 대형 기술주 실적발표와 FOMC 등 주요이슈를 기다리며 보합권을 유지했다.--<겨울잠 생각>금주 수요일 FOMC 회의가 진행될 예정이다. 25bp 금리인상이 점쳐진다. 이번 금리를 인상하면 약 17년만에 전고점을 돌파하는 상황이다.이제부터가 중요한 변곡점이 될지.. 향방을 잘 살펴봐야 한다. 이번주 수요일 FOMC회의 그리고 연준의장 발언 또 나아가 금요일 발표되는 PCE물가지표 등 인플레이션, 경제성장 관련 지표를 잘 봐야할것 같다.이를 확인하고 경제의 4계절 중 어느 국면으로 넘어갈지 또는 지속될지 확인하고 포지션을 수정하면 좋을것 같다. 사실 이럴땐 지수상품의 무지성 적립식 매수가 제일 맘 편한것 같다.*미국주식 투자자는 환율도 함께 고려해야 한다...........#금리 #금리인상 #국민은행 #한국은행 #하나은행 #기업은행 #신한은행 #자기계발 #자수성가 #배움"
165,"[IBK 기업은행 신입 행원 스피치] 최고로 활기 넘치는 기업은행 신입 행원. ‘우리가 바로 신입이다!‘라고 외치는 것 같은 열기였다. 십여년 간 강의하며 만난 신입 중 가장 에너지가 넘쳤다. 그들의 패기에 감복해 여기가 은행 창구였다면 바로 주거래 은행을 기업은행으로 갈아탔을 것이다.6주간 이어진 신입 행원들 연수에 스피치 수업을 하러 갔다. 빼곡한 일정에 새벽까지 잠을 못 잔 사람들이 많았다. 저녁 식사 후라 잠이 쏟아질 수 있는 상황. 그럼에도 신입 행원들은 전부 즐겁게 수업에 임했다. 큰 소리로 따라 읽고, 발표하고, 웃고, 응원하고. 나도 신나서 수업했다.신입, 좋은 시기다. 취업 문턱을 넘어 자신감과 열정이 가득한 동시에 사회라는 야생으로 던져지는 시기. 긴장과 열의의 연속. 그속에 불타는 동기애. 사이 좋은 신입 행원들을 보면서 내 동기들이 떠올랐다. 한 시절을 함께 버티고 살아남아 각자의 자리에서 수고하는 우리들. 응원을 보낸다.#흥버튼 #기업은행 #신입스피치 #말잘한다는소리를들으면소원이없겠다"
166,"미니하트답례떡#승진축하떡 를 위해 주문 주셨어요~쫀득쫀득말랑말랑한 미니하트설기♡작지만 찐 감동 ✨️주문 감사합니다 💕역삼동으로 퀵배송~🚙(12,000원)🔉문의/주문예약☎️ 010-8141-0826 / 카톡 loveis4707 ..#응원답례떡#인사이동#기업은행."
167,📅 2023 구미·도드람컵 프로배구대회 여자부 경기일정✔️ 조별리그 (B조)07.30(일) 16:00 vs 흥국생명08.01(화) 15:30 vs GS칼텍스08.03(목) 19:00 vs 촌부리✔️준결승 1경기08.04(금) 15:30 A조 1위 vs B조 2위✔️준결승 2경기08.04(금) 19:00 B조 1위 vs A조 2위✔️결승전08.05(토) 13:30 준결승 1경기 승리팀 vs 준결승 2경기 승리팀※중계 방송 관계로 인하여 시간 및 순서는 변경될 수 있습니다.#IBK #기업은행 #알토스티비 #경기일정 #KOVO #코보컵 #구미 #한국배구연맹 #V리그
168,다들 좋은 곳 가세유곧 따라가유 좋은 추억 감솨 ^^#기업은행 동수원
169,#기업은행#감사합니다저도 응원할게요💕간단한 디저트와 음료로 보내는응원선물! 이 구성도 제법 괜찮지요?🥰#고객님선택👍너무너무 바빴던 지난주 피드 숨좀 돌리고 하나씩~ 올려볼게요🙏구성선택에 참고해 보세용😆#구미단체주문 #구미디저트 #구미도시락 #구미단체간식 #구미회사간식 #구미행사간식
170,🍬
171,회원님의 동의를 받은 100프로 실제후기사진입니다진짜 고맙습니다 ^^* 저 믿고 기다려주시고 매번 예약뒤로밀려도 불평없이 하시는분들 다시한번 감사 드립니다연락주시는대로 늦어도 답변을 드릴테니 조금만 기다려주세요절망속에서도 희망을 잃치말라 희망만이 희망을 키웁니다불경기에도 돈은 살아서 숨쉰다 돈의 숨소리에 귀을 기울여주세요돌다리만 두드리지 말고 그사이에 남들은 결승점에 가있어요무엇보다 건강이 우선이니 전처럼 밝게 웃는날이 오지않을까 싶습니다 오늘하루 수고 많으셨습니다 ^^*
172,🌋🌋
173,소확행 ❤️❤️❤️
174,경주 간 이유! 불국사쪽 겹벚꽃 명소! 날씨가 흐려도 겹벚꽃은 너무 이쁘다🌸🌸
175,🔥
176,애나델비 안경이 너무 맘에 들어요!
177,#리그램 - @goodibk #EVENT 20만까지 영차영차💪🏻 팔로우 이벤트!다가오는 8월 첫째 날은 바로!IBK기업은행의 창립 62주년입니다🙌🏻🙌🏻#IBK #기업은행 #IBK기업은행#이제훈 #leejehoon
178,🖤 우리루비 #농협은행 #기업은행 🖤
179,"외할머니는 엄마가 어릴때 받은 용돈 전부 맡겨두라하고 감감무소식이였다고 한다,😭우리엄마는 믿어볼ㄹ까 ?!!! ･ᴗ･ #아기통장 #주택청약 #기업은행 #새마을금고 #적금"
180,"너무 잘벌죠?/ 하루 6.0.0 마넌 / 또 벌었어요..!!⠀이쯤되면 아실꺼에요이사람은 그저 평범해보이는데매달 꾸준히 잘버는 이유가 있을까?⠀이 사람도 하는데 나도 할수 있겠다느낌 오실꺼에요..!!⠀마자용~진짜 저도 하는거면 누구나 가능하고실패가 없는일이에요⠀얼마전에도 몇달 눈팅만 하다고용기내서 문의 주시고 바로 시작하신분이 계세요⠀이렇게 잼나는 일이였다면더 빨리 시작했을텐데, ,하고아쉬워 하더라구요⠀나쁜일,사기,다단계 절대 아니에요⠀그런일이라면저는 오랫동안 못했을꺼에요⠀제가 하는일은 / 심플해요 완전 /⠀제가 안내하는 방법대로만잘따라 오면 되고⠀쉽고,재미있게 돈버는 일이에요⠀저는 진짜 평범했던 아들맘이었고외벌이 남편에게 경제적으로 도움 주고 싶었고⠀하나뿐인 우리 아들에게 돈걱정 안하고좋은거 먹이고 입히고 싶었어요⠀근데 그때는 남편이 주는 생활비를쓰는게 왜이리 눈치가 보이고 답답했는지⠀적게 벌더라도 내가 벌어 내가 쓰는게훨씬 편하겠더라구요⠀그래서 제대로 알아보고 시작한 일이에요‘◡’⠀저는 이 일을 먼저 시작한 성공자로저의 성공노하우를 알려드리고 있어요다 만들어진 시스템이 있는거죠⠀그러니 저에게는 돈버는일이제일 쉬워요⠀좋은인연으로저랑 친해지고 싶으신분⠀상단링크 눌러주세요저 상담도 편하게 잘하기로 유명해요 ෆ#모던#제평#여은파#슈아멜#보타랩#하이클래스#아우라#가르시니아#디톡스#콜라겐#하나은행#국민은행#신한은행#신협#농협은행#기업은행#씨티은행#우리은행"
181,"#EVENT 20만까지 영차영차💪🏻 팔로우 이벤트!다가오는 8월 첫째 날은 바로!IBK기업은행의 창립 62주년입니다🙌🏻🙌🏻🔥뜨거운 열정과 진심🔥을 담은 축하 또는 응원 댓글을재미있게 달아주신 분들 중 추첨을 통해 선물을 드립니다😀📍 참여 방법☝IBK기업은행 채널 팔로우는 필수!✌IBK기업은행 응원 댓글 남기기( 함께 팔로우 할 친구 태그하면 당첨 확률 UP! )　　기간 : 2023. 7. 21(금) ~ 7. 27(목)발표 : 2023. 8.1 (화)경품 :- 신세계상품권 1만원권 (5명)- 스타벅스 아메리카노 T (10명)　※ 비공개 계정, 팔로우 하지 않은 계정은 당첨에 제외될 수 있습니다. 당첨 메시지 받으신 후 일주일 이내에 개인정보 미회신 시 당첨에서 제외될 수 있습니다. 이벤트 및 상품은 사전 고지 없이 변경될 수 있습니다.​"
182,캐리커처단체주문#캐리커쳐단체 #캐리커처이벤트 #퇴임선물 #기념선물 #추억록 #기업은행 #4절 #드로잉 #스케치 #아트 #caricature #art #portait #아트마을 #꼬망스망 #drawing #캘리그라피
183,"#영전꽃바구니배달 꽃,U(010-8603-7773)#기업은행#고덕점 #평택 #평택꽃바구니#평택꽃배달 #평택꽃바구니배달#평택꽃주문 #평택꽃예약"
184,❤️
185,❤️
186,.IBK은행 지점장님 앞으로 배송..✅️ 구미시 구미중앙로 34✅️ 무료주차 (안전주차장)✅️ 09:00~19:00 연중무휴✅️ 생화 조화 드라이플라워 프리저브드 ✅️ 소품 식물 화분 수업 부케 기업행사 웨딩 ✅️ 0507 1330 6599 ✅️ 카톡 qw6816..#구미꽃배달 #구미꽃집 #해바라기#구미꽃바구니 #구미역꽃집#꽃바람이분다 #꽃바람후기리뷰#기업은행 #구미해바라기 #구미
187,ㅎㅎ
188,사랑하는친구랑
189,🏦 출금하다가 비밀번호 변경 너무 귀찮다구...👩🏻‍💼👨🏻‍💼👩🏻‍💻👨🏻‍💻#서뱅크 #사람들이잘모르는은행이야기 #은행원-#출금할땐출금만하고싶다 #1손님1업무요망#출금하다비밀번호모르고비밀번호바꾸려면신분증없고#비밀번호모르고신분증없으면결국손님혼자짜증내고#무힌반복-#농협 #신한은행 #우리은행 #국민은행 #대구은행 #기업은행#새마을금고 #우체국 #하나은행 #신협 #산업은행 #경남은행#전북은행 #수협 #부산은행 #제주은행 #광주은행
190,-에이치투씨컴퍼니2-Label Design Company 조달청 나라장터 등록 업체대한민국 최초의 라벨 브랜딩 마케팅 컴퍼니#에이치투씨컴퍼니2#헬로우비#디자인생수#라벨디자인#생수라벨#홍보#행사#이벤트#디자인생수제작#마케팅#맞춤생수#서울#홍대#일상#팔로우#특별한생수#커스텀#박람회#증정용#판촉용#세미나#콘서트#팬클럽#광고#맞팔#IBK#기업은행#은행
191,🥭🧡
192,너무맛있어보여구매했어요😍
193,#첫줄#보이스피싱#범죄#소탕#칭찬해#ootd#일상#사커맘#daily#기업은행#IBK#의왕존경하고 배울점 많은 예성이엄마💙수고 했어요~대단해요~^^V범죄를 막아서 짱 멋지다~예성이가 아주 많이 자랑스러워하내요~#신고#112#보이스#좋아요#엄마는강하다#경찰
194,"#банкIBK #기업은행 #открытиебанковскогосчёта #жизньвКорее📣 Информация!!! Которая может помочь тем кто только прилетает в Корею.Добрый день🤗🤗🤗🤗 К сожалению с каждым годом открытие банковского счёта в Корее становится сложнее , вводятся новые правила и требования. Опишу правила на сегодняшний день в банке IBK -기업은행1. С момента влёта должно прийти 183 дня.Предоставить справку 출입국사실증명서 её можно взять в эмигрешке или тонсамусо (동사무소).2. Иметь при себе айди карту.3. Паспорт4. Справку с места работы(재직증명서)  *Дневной лимит для снятия наличных в день  через банкомат 300.000 вон.*Отправка на другой счёт 300.000 вон.* снятие наличных через оператора в банке 1.000.000Для снятия ограничений  лимита необходимо. 1. Быть официально устороенным и отчислялись 4 большие соц. страховки (4대보험)Для это надо предоставить справку с медицинского государственного страхования 건강보험자격득실확인서В справке вписано слово 직장가입자, что подтверждает о официальном устройстве.   2. После открытия счета поступление зарплаты не  меньше  3х месяцев и справку с места работы 재직증명서."
195,"#EVENT세상을 바꾸는 혁신기업 프로젝트👨‍🍳밸리스(@ballys_official) 서정남 대표　　✔ IBK창공 마포5기 선정✔ 생태계 교란종 배스로 반려동물 제품 개발✔ 수익금으로 유기동물 보호 사업 진행건강한 반려동물 간식을 찾는다면NO 첨가물! 친환경 간식! 🐶😺밸리스에서 반려동물과 함께 더 건강하게🎁댓글 #이벤트① 채널 팔로우하고 게시물 좋아요 클릭② 밸리스를 응원하는 마음, 이모지로 표현해 주세요!(친구에게 밸리스를 추천하면 당첨확률 UP! )📍기간 : 23년 7월 18일 ~ 7월 25일📍발표 : 23년 7월 28일 (개별 DM 발표)📍경품 : 밸리스 강아지 머핀 믹스 (5명)IBK기업은행이 혁신기업을 응원합니다💙#IBK #기업은행 #IBK기업은행 #IBK창공 #창공 #스타트업 #밸리스 #반려동물 #강아지간식 #고양이간식 #이벤트 #친환경간식"
196,매일 좋은 일이 생겨요💕
197,꼬마애인들 옷쇼핑 🤎
198,#LED속눈썹연장#보령속눈썹#대천속눈썹#보령속LED눈썹연장#대천LED속눈썹연장#보령2D#보령3D#대천2D#대천3D#보령속눈썹펌##대천속눈썹펌#보령노글루펌#대천노글루펌#보령시#보령#대천#동대동010-9230-2787 #대천중#기업은행#정은아파트#SK아파트#오늘The예쁨#오늘더예쁨
199,": 조금 전 기업은행으로 보내드린 플레인 휘낭시에, 넛츠초코칩 쿠키, 말차화이트 쿠키, 보틀 아메리카노, 보틀 아이스티 입니다.승진 정말 축하드리며 529 과자들 맛있게 드시고 행복한 하루 보내셔요🩵원하시는 구성으로 변경도 가능하니 편하게 문의주세요.• 배달, 퀵, 택배 가능합니다.• 원하시는 날짜 및 시간에 예약 가능정해두신 예산이 있으시면 상의 후 조정하여 원하시는 패키지로 예쁘게 준비해드릴게요.감사한 마음, 529과자들로 표현하세요!💌 문의 : 카카오톡 529과자점"
200,여러분도 할 수 있어요 남녀노소 모두 가능합니다 만19세 이상 연락 주세요!코로나19 확산으로 많은사람들이 경제적 부담을겪고 있으리라 생각 됩니다하루빨리 종식 되었으면 하는 마음이네요바로 진행한다고 하셔서 진행 도와드린 결과로짧은 시간이지만 적지않은 수익 받으실수 있었습니다.믿고 크게 투자해주신 결과로 많은 수익 챙기셨습니다.긴말 안합니다~진행하실 분들프로필 하단 프로필 오픈챗
201,"금일 종목별 레포트 입니다. 더 많은 종목은 카페에 있어영!!▶️제이시스메디칼(훨훨 나는 팔색조)- 장비 포트폴리오 다각화와 적극적 해외진출로 매출원 강화- 1Q24 포텐자의 중국 인허가, 2024년 HIFU 미국 인허가 완료 후 추가적인 해외 매출 발생이 예상- 사이노슈러, 미국향 포텐자 수출이 하반기에 회복될 전망- 2Q23 출시된 RF 신제품 ‘덴서티’의 3Q23 미국 및 일본 진출이 예정- 하반기 신제품 판매 실적 및 해외 진출 진행 상황에 따라 추가적인 주가 상승을 기대- 상상인증권 김혜미목표주가 13,000원 현재주가 10,820원#기업은행#세아제강#라온테크#SK디앤디#스튜디오드래곤#제이시스메디칼#케이피에스#현대코퍼레이션#한국카본#한화솔루션"
202,☑️고객만족도 1위◆.☑️철통보안 보장◆.☑️누구나 어려운 상황 겪고 있을수 있습니다◆.☑️혼자 고민하시지말고 연락주세요◆.......#위조제작 #대리시험 #실시간#밥 #강아지겨울옷 #젊줌마일상#기업은행 #머그잔 #트레이닝복세트#조카스타그램💕 #우리아미상받았네 #불당동술집#브라운렌즈 #시장 #운동법
203,우 행 시 ㅇ_<💚
204,7월 봉사도 행복하게 완료💗파주랑 김포에 다녀왔어요😇
205,@jjvely_oo#instagram #hot #fashion #shop#인스타그램 #핫 #패션 #추천코디 #쇼핑몰추천 #농협은행 #기업은행
206,슝슝슝 !! #기업은행 #강원도
207,☑️고객만족도 1위◆.☑️철통보안 보장◆.☑️누구나 어려운 상황 겪고 있을수 있습니다◆.☑️혼자 고민하시지말고 연락주세요◆.......#흥신소 #제작위조 #탐정사무소#밥 #강아지겨울옷 #젊줌마일상#기업은행 #머그잔 #트레이닝복세트#조카스타그램💕 #우리아미상받았네 #불당동술집#브라운렌즈 #시장 #운동법
208,7/7 몽키즈 in @theclimb_yangjae 뉴비 🐥2인과 함께한 몽키즈 🐵 x 4 🍌1
209,7/6 몽키즈 in @cheese_climbing 치즈 세컷 요약^^*
210,나 없으면 안되는 남편이랑ㅋㅋㅋ👫🏻
211,너무 이쁘다!ㅎㅎㅎㅎ
212,☑️고객만족도 1위◆.☑️철통보안 보장◆.☑️누구나 어려운 상황 겪고 있을수 있습니다◆.☑️혼자 고민하시지말고 연락주세요◆.......#남편 #증명서위조 #휴대폰도청#밥 #강아지겨울옷 #젊줌마일상#기업은행 #머그잔 #트레이닝복세트#조카스타그램💕 #우리아미상받았네 #불당동술집
213,"경제전문매체 더리브스입니다🌿오늘 전해드릴 소식은 '[기획] 당국·은행 지원에 안정세 찾는 새마을금고…후폭풍 대책은' 입니다☺️연체율 증가로 대량 예금 인출 사태(뱅크런) 위기가 촉발됐던 새마을금고가 다시금 안정세에 접어들고 있습니다😮‍💨 범정부 대응단이 위기를 막기 위해 합동 방어에 나서고 은행권도 유동성을 제공하면서인데요,범정부 대응단은 지난 6일 구성된 범정부 대응단은 우선 예·적금이 100% 보호받을 수 있고 필요시에는 정부 차입 등으로 유동성을 충분히 지원할 거라고 발표했습니다🗣️다만 새마을금고의 채권 매도 등이 미칠 수 있는 시장 영향에 후폭풍 우려감이 커진 대상은 중·후순위로 참여한 증권사와 저축은행 등의 제2금융권입니다. 이에 따라 업계는 새마을금고발 PF 부실 우려에 대한 전망과 대비책들을 내놓고 있습니다📑더리브스의 더 많은 이야기가 궁금하시다면 @tleaves_news 프로필 링크를 클릭해주세요☺️___맘에 드신다면 좋아요, 저장🌸공감 하신다면 댓글, 공감🌸다른 콘텐츠도 궁금하시다면 팔로우🌸 #경제 #경제뉴스 #경제신문 #경제스터디 #단독 #이슈 #제보 #더리브스 #tleaves #새마을금고 #뱅크런 #신한은행 #국민은행 #하나은행 #우리은행 #농협은행 #산업은행 #기업은행"
214,@hae.__.won#instagram #hot #fashion #shop#인스타그램 #핫 #패션 #추천코디 #쇼핑몰추천 #농협은행 #기업은행
215,다음주면 bye옮긴 회사에서 매일 야근을 하며매일 저녁커피를 마시던곳여기도 다음주면 안녕~#기업은행 #brownbench #프로젝트 #주100시간근무 #주말도근무
216,"🚀 스타트업이 벤처 대출받는 3가지 이유투자 빙하기가 전 세계를 덮친 지금 해외 많은 스타트업들이 선택한 자금 조달 방법, 바로 벤처 대출이에요. 벤처 대출이 무엇인지, 어떻게 활용할 수 있는지 쉽게 설명해 드릴게요!"
217,"IBK기업은행과 함께 하는 머니능력고사👩‍🏫소중한 금융 자산 지키고 싶다면 주목!🚨피싱 사기 예방하는 방법은?이미지를 넘겨 퀴즈를 풀어보세요! 댓글로 정답을 남겨 주시면추첨을 통해 선물을 드립니다🎁　📍기간 : 23년 7월 13일 ~ 7월 21일📍발표 : 23년 7월 25일 (개별 DM 발표)📍경품 : 올리브영 기프트카드 1만원 권 (3명)※ 비공개 계정, 팔로우 하지 않은 계정, 태그 없이 업로드 시 당첨에 제외될 수 있습니다. 당첨 메시지 받으신 후 일주일 이내에 개인정보 미회신 시 당첨에서 제외될 수 있습니다. 이벤트 및 상품은 사전 고지 없이 변경될 수 있습니다.​"
218,식탁 대리석 고민끝에 깔라카타로 결정🪞다리도 특별하게 🪞까다로운 나 ……..매트리스만 바꾸면 되는데 쉽지않다 흑흑 ……가전 사다가 파산하겠어😵 눈만 높아지는중…. 오빠 최고 ♥️
219,☑️고객만족도 1위◆.☑️철통보안 보장◆.☑️누구나 어려운 상황 겪고 있을수 있습니다◆.☑️혼자 고민하시지말고 연락주세요◆.......#흥신소 #제작위조 #탐정사무소#밥 #강아지겨울옷 #젊줌마일상#기업은행 #머그잔 #트레이닝복세트#조카스타그램💕 #우리아미상받았네 #불당동술집
220,2023 #IBK #기업은행 신입행원 연수원 #행사
221,☑️고객만족도 1위◆.☑️철통보안 보장◆.☑️누구나 어려운 상황 겪고 있을수 있습니다◆.☑️혼자 고민하시지말고 연락주세요◆.......#자격증시험 #외도 #신분증#밥 #강아지겨울옷 #젊줌마일상#기업은행 #머그잔 #트레이닝복세트#조카스타그램💕 #우리아미상받았네 #불당동술집
222,☑️고객만족도 1위◆.☑️철통보안 보장◆.☑️누구나 어려운 상황 겪고 있을수 있습니다◆.☑️혼자 고민하시지말고 연락주세요◆.......#토익 #토플 #배우자#주식하는법 #사진전 #까르띠에팔찌#햇살이 #부케제작 #고양이맞팔#자연눈썹잘하는곳 #황금돼지띠예비맘 #생일떡#기업은행 #가족여행그램 #하이틴
223,☑️고객만족도 1위◆.☑️철통보안 보장◆.☑️누구나 어려운 상황 겪고 있을수 있습니다◆.☑️혼자 고민하시지말고 연락주세요◆.......#토익 #토플 #배우자#밥 #강아지겨울옷 #젊줌마일상#기업은행 #머그잔 #트레이닝복세트#조카스타그램💕 #우리아미상받았네 #불당동술집
224,🙌
225,"#부산사회복지공동모금회 #복권위원회_지원#감만종합사회복지관 #강낭콩교실 #아동청소년야간보호#IBK부산경제봉사단 #금융경제교실#은행의_종류에_대해_알아보기#다양한_은행들 #기업은행? #농협?Welfaretainment 큼, 여기는 감만종합사회복지관입니다.사회복지가 재미있어집니다.천주교부산교구 사회복지법인 로사리오 카리타스가 운영합니다."
226,학기 다니면서 성적도 잘 받고 기은인턴까지 합격하는게 나의 1학기 목표였는데 다 이루었다... 힘들었지만 그만큼 값지다✨다들 응원해주셔서 감사해요🥹✨💙#기업은행인턴 #기업은행 #ibk
227,#햄치즈에그샌드위치🥪 주문감사합니다~ 맛있게드시고 좋은하루되세요😊#기업은행 영통지점
228,#인사발령컵과일#농협은행#신한은행#기업은행#하나은행인사발령으로 인재를 눈물로 보내는 동료 직원들의 마음을고스란히 컵과일에 담았어요맛있는 과일 드시며 잘해주지 않을 수가 없겠어요.평소에 드셔보지 못한 화이트 메론에 왕자두까지~꾹꾹 담았습니다❤️🍎🍓🍒🍅🍉🍊🥭🍋🍌🥑🍐🍏🍈🫐🍇🍈Premium Fruit Garden🍈화월청과 마포점입니다.백화점급 과일을 컵과일로~☎️ 010-2316-9112🍎🍅🍓🍒🍉🍊🥭🍋🍌🥑🍐🍏🍈🫐🍇🛎카카오톡 채널 문의 : https://pf.kakao.com/_rlHeb
229,💙2023 IBK 기업은행 하계방학 청년인턴 최종합격🤍첫 인턴 지원 첫트만에 최합이라니.. 너무 과분하다🥹 너무나도 감사한 기회가 주어진만큼 더 열심히 해야겠다!! 우수인턴까지 가보자고✨🔥#기업은행 #기업은행인턴 #청년인턴 #기업은행청년인턴
230,"수원 중소기업의 힘이 되고자, #기업은행 과 #신용보증기금 #기술보증기금 #경기신용보증재단 그리고 우리 #수원시가 함께 손을 잡고 ‘수원시 중소기업 동행지원’ 협약을 맺었습니다.#수원특례시장 #이재준 #중소기업"
231,☑️고객만족도 1위◆.☑️철통보안 보장◆.☑️누구나 어려운 상황 겪고 있을수 있습니다◆.☑️혼자 고민하시지말고 연락주세요◆.......#남편 #증명서위조 #휴대폰도청#밥 #강아지겨울옷 #젊줌마일상#기업은행 #머그잔 #트레이닝복세트#조카스타그램💕 #우리아미상받았네 #불당동술집
232,💲재💲테💲크의 기본 1일 1수익 입니다.언제까지 지켜보고 있으실 거예요?망설이는 이순간에도 누군가는한발 앞서가고 있습니다~투자느 즐겁게~!!! 수익은 꾸준하게~!!!재무는 탄탄하게~!!!하루 1시간만 투자하세요작은 용기가 인생을 바꿉니다!친절 상담 문의는 프로필 하단 오픈톡으로!!
233,😍
234,"놀러 다니고내가 하고 싶은거 하면서돈 버는중이에요..!!⠀초보자도 실패없이 성공하는 일⠀평범한 아들맘에서지금은 억대연봉 능력맘이 되었어요ෆ⠀여러분은어떤일로 돈버시나요?⠀아침부터 저녁까지 힘들게 일하고한달 얼마버시나요?⠀저는 집에서 편하게 일하고일급,주급 벌고있어요‘◡’⠀시대가 달라졌어요폰하나로,sns로 돈버는 시대에요⠀_________________________________⠀제가 돈버는 이유는 “가족”이에요그래서 더 열씨미 일하고 있구요‘◡’⠀저는 이제 돈걱정 하지 않아요저의 후배님들도 각자가원하는것들 하나씩 이뤄가고 있어요⠀남들 잘버는거구경만 하지 마시고 시작해보세요⠀저는 안해본일이라 못해요아니요,,제가 잘할수 있도록 도와드립니다⠀나와 나의 가족이 행복해지는일이에요ෆ⠀저랑 함께 하실분상단링크로 오세요..나이키런#셋째임신#미시룩#에이블#모던#제평#여은파#슈아멜#보타랩#하이클래스#아우라#가르시니아#디톡스#콜라겐#하나은행#국민은행#신한은행#신협#농협은행#기업은행#씨티은행#우리은행"
235,.회원님 원금 200만에 총수익 2070만원출금 축하드립니당 🎈🎈즐거운 하루 보내세용 ~* 문의는 프로필하단 오픈톡으로 연락주세요!...#혼영 #사업 #요리왕 #비오니 #북항 #아버지 #라일락 #부동산 #하나은행 #우리은행 #농협은행 #농형 #국민 #하나 #우리 #은행 #기업 #기업은행 #뱅킹 #오픈뱅킹 #계좌
236,"이러니 돈 버는 재미가 쏠쏠하죠?하루 7.0.0 마넌 벌었구요⠀정당하게 번 돈이고간혹 제가 너무 잘벌다보니사기,나쁜일 아니냐 오해 하시는데⠀실제 제가 버는 수익이에요..⠀저는 회왼님들 수익에서 수수료만 받아요!⠀제가 하는일은특별한 능력이 있어야 되는게 아니란걸이미 많은분들이 증명하고 있어요..!!⠀그저 100만원 정도 벌어서- 아이 학원비,부모님 용돈- 대출금 갚기위해서- 외벌이 남편에게 조금이라도 보탬이 되고 싶어서시작하시는분들이 매달 몇배로 벌어가는걸 보면서⠀나혼자 잘버는게 아니라같이 잘버시니깐 너무 뿌듯함을많이 느끼는 요즘이에요ෆ⠀저는 아무것도 모르던 쌩초보였던평범한 전직 간호사였지만⠀돈벌고 싶었고 열심히 하다 보니결과가 항상 좋은거 같아요⠀어렵거나 힘든건 1도 없구요⠀제가 다 알려드릴꺼에요잘 배워두시면 진짜이 일하길 잘했다 싶으실꺼에요..⠀왜 망설이시나요?왜 의심하시나요?⠀해보지도 않고 판단하기엔엄청난 기회를 놓칠수도 있어요⠀- 현시점 ㅋㄹㄴ 시대 어떻게 준비하고 계신가요?- 폰하나로 돈버는,정보가 돈이 되는 시대 입니다⠀지금부터라도 현명하게돈버는 수단 바꿔보시는건 어떠세요?⠀제가 도움 드릴께요편하게 상단링크로 문의주세요‘◡’#하이클래스#아우라#가르시니아#디톡스#콜라겐#하나은행#국민은행#신한은행#신협#농협은행#기업은행#씨티은행#우리은행#새마을금고#제일은행#부산은행#수협은행#대구은행#제주은행#경"
237,📷 인스스 필터 공유 #02 인스타스토리 필터 검색 - ‘희글’ 치시면 나옵니다!
238,초복에 직원분들께 전달 될 수박 선물세트💗.#선물추천
239,daso_ol#instagram #hot #fashion #shop#인스타그램 #핫 #패션 #추천코디#쇼핑몰추천 #농협은행 #기업은행
240,몬타 온도감지 LED 관절워터랩 오픈!!선영이랑 💕함께하는💕 구매대행(❣️모든 제품❣️은 가격차이로 수익10%~25% 볼수있습니다 )#당감동#1등#화장품선물#셀프네일아트#잠실동#기업은행#전업주부#휴대폰케이스추천#일하기싫다#창업준비#여행토퍼#전리단길카페#맛팔#잘지내#소고기무국
241,☑️고객만족도 1위◆.☑️철통보안 보장◆.☑️누구나 어려운 상황 겪고 있을수 있습니다◆.☑️혼자 고민하시지말고 연락주세요◆.......#토익 #토플 #배우자#밥 #강아지겨울옷 #젊줌마일상#기업은행 #머그잔 #트레이닝복세트#조카스타그램💕 #우리아미상받았네 #불당동술집
242,그냥 맛있는거 먹고짬내서 여기저기 다니는게요즘 나에게 줄 수 있는 힐링🌿
243,#기업은행예약및 문의는 카카오톡 '비비디케이크'로 주세요💛🎂*카카오톡 프로필 상단 누르시면 바로 연결됩니다😊DM✖️전화✖️
244,"230707 얼빡 체고 ,,~🩵#최정민 #기업은행"
245,230707 야구장도 너무 잘 어울링다 ..💖#최정민 #기업은행
246,"230707 공주님이셔 ,,💖#표승주 #기업은행"
247,230707 💙💙#황민경 #기업은행
248,최고최고😍
249,"💗✴︎🖤⏪예~~전에 ⏬저~밑에 피드에 올렸던_🫠제 기억으로는 타샵 디쟌이었던것 같은뎁,(그 게시글 어딘가에 출처가 있을거에옹)울☆고객늼의 요청으로!!블랙프렌치가 포인트인 ネイル #💅__옙흐게 응용🧚‍♀️ver.기가맥히는 글리터 어울리게 추천드렸더니고객늼 입꼬리 이미 #키미테 ✨(🐶 고조선 틀딱만 아는 멀미약 드립)real #농협은행 #기업은행 ෆ╹ .̮ ╹ෆ 도대체(?) 어디까지 내려갔다가찾아오신거에용 고객늼🔥ㅋ꙼̈ㅋ̆̎ㅋ̊̈정성스러게 제 피드 구경해주셔서너무너무 감사할따름이옵니다🙇‍♀️큰절 받으세옹 사랑해요🙏🤍⠀⠀*사진 도용 금지 가져가실땐 출처 필수*@nail_margot⠀𝕸𝖆𝖗𝖌𝖔𝖙🎠𝖓𝖆𝖎𝖑.⠀대구 중구 동덕로26길 63-2, F2 (삼덕동3가)♟️T. 0507-1461-2890🫧 예약문의 → 카카오채널 ‘마고네일’ 채널톡❇︎ 채널톡 링크 ⛓️ 인스타 프로필 하단⠀⠀⠀"
250,잘밤에 셀카 투척 📸
251,회원님의 동의를 받은 실제 후기입니다작은 용기가 인생을 바꿉니다!저랑 함께 부자 되실분~망설이는 이순간에도 누군가는한발 앞서 나아가고 있습니다~투자는 즐겁게~!!! 수익은 꾸준하게~!!!지인분 소개 아니더라도 편하게 문의주세요
252,과일바구니는 사전예약을 통해 준비해주세요💓.#과일바구니
253,"🌏일상 곳곳이 #겹세권겹세권 지구마불! 🎲주사위 던져서 도착한 곳은?오늘은 IBK사거리 멕시코로 떠나요~✈📍타코끼리 (서울 종로구 삼일대로15길 13 1, 2F)매콤 소스로 감칠맛 UP! 엔칠라다🌶📍슈가스컬 (서울 종로구 우정국로2길 29, 8~9F)종류별로 즐기는 타코 플래터🌮📍타코익스프레스 (서울 중구 수표로 40 1층, 2F)속이 꽉 차서 든든한 치킨랩🌯🎁댓글 #이벤트① 채널 팔로우하고 게시물 좋아요 클릭② 다음 편에 소개했으면 하는 장소는? 댓글로 남겨주세요! 기간 : 23년 7월 7일 ~ 7월 12일발표 : 23년 7월 14일(금) / 개별 DM 발표경품 : 요기요 1만 원 상품권 (3명)※ 비공개 계정, 팔로우 하지 않은 계정, 태그 없이 업로드 시 당첨에 제외될 수 있습니다. 당첨 메시지 받으신 후 일주일 이내에 개인정보 미회신 시 당첨에서 제외될 수 있습니다. 이벤트 및 상품은 사전 고지 없이 변경될 수 있습니다."
254,🎉
255,.회원님 원금 200만에 총수익 2140만원출금 축하드립니당 🎈🎈즐거운 하루 보내세용 ~* 문의는 프로필하단 오픈톡으로 연락주세요!...#농협은행 #농형 #국민 #하나 #우리 #은행 #기업 #기업은행 #뱅킹 #오픈뱅킹 #계좌 #통장 #수수료 #국민은행이자 #하나은행이자 #우리은행이자 #기업은행이자 #카카오뱅킹 #카카오 #카카오이자
256,❤️2분기 후원자 소개❤️오늘도 서부복지관과 함께해주셔서 감사드립니다🤗
257,금융공기업 사무직 채용 방식 1 (기업별 정리)👇🏻보러가기 복사https://m.blog.naver.com/nankongddak_/223127214606
258,사막이 된 피부에 오아시스 그 잡채인 ‘엠바이옴 쓰리레이어 앰플‘엠바이옴 쓰니까 탄탄한 피부로 거듭났어요~#당감동#1등#화장품선물#셀프네일아트#잠실동#기업은행#전업주부#휴대폰케이스추천#일하기싫다#창업준비#여행토퍼#전리단길카페#맛팔#잘지내#소고기무국
259,을지로 / 부장님댁.IBK 기업은행에서 다녀가셨습니다 .사원증 찾아가세요. 오늘 출입은 어찌 하셨나요? .나때는 사원증으로 밥도 먹고 커피도 마시고 했는데..#을지로부장님댁 #을지로맛집 #을지로술집 #힙지로맛집 #힙지로술집 #골뱅이맛집 #골뱅이삼합 #골뱅이구이 #골뱅이회무침 #골뱅이오뎅탕 #오뎅탕 #수육 #갑오징어구이 #떡볶이 #해물떡볶이 #칼국수 #계란스팸 #묵사발 #팥빙수 #싸대기 #ibk기업은행 #ibk #기업은행
260,"지금은 [ 온라인 부업 ] 하나쯤은준비하셔야 되는거 아시죠?⠀저는 남들보다 좀 더 빠르게1년 3개월전에 재택부업을 눈여겨 봤었고제대로 알아보고 시작하게 됐어요‘◡’⠀남들이 그런거(?) 왜하냐며,,안좋은 시선으로 봤지만⠀저는 오히려 해내고 말겠다는오기가 생겼어요⠀근데 말이죠..!!제가 해낸거 있죠⠀많이 궁금하실꺼에요:)상담 원하시면 위에 링크 눌러주시고⠀일을 해볼까,말까는상담후 결정하셔도 되세요‘◡’#하이클래스#아우라#가르시니아#디톡스#콜라겐#하나은행#국민은행#신한은행#신협#농협은행#기업은행#씨티은행#우리은행#새마을금고#제일은행#부산은행#수협은행#대구은행#제주은행#경남은행#하나증권#패피아기"
261,첫 인턴 도전이었는데 운 좋게도 서합..🤍 주변에 하나둘씩 인턴을 하는걸 보면서 괜히 혼자 늦은 거 같아 많이 울적했는데 이런 결과물이 나와서 너무 뿌듯하다! 아직 최종결과는 안나왔지만 기업 임원진 분들 앞에서 당당히 나를 소개하는 기회를 얻은 것만으로도 너무 감사하다. 앞으로도 열심히 살자!#기업은행 #ibk #ibk기업은행 #기업은행인턴
262,다양한 제품!! 다양한 옵션으로진행되는 초 간단  부업초보도 쉽게 접할수있습니다.가입첫날 부터 수익나는 부업✔️부모님도움 없이 결혼준비✔️32살 47평 내집마련✔️버킷리스트 타고싶은차 타기✔️학자금 한번에 갚고✔️여행 마음껏 다니기매년 버킷리스트를 이루고 있어요치솟는 물가와막막한 금리로더이상 월급으로는 무리 🥹이게 바로 현실이랍니다👍🏻도전하세요 누구나 할수 있는 일��#당감동#1등#화장품선물#셀프네일아트#잠실동#기업은행#전업주부#휴대폰케이스추천#일하기싫다#창업준비#여행토퍼#전리단길카페#맛팔#잘지내#소고기무국
263,🏦 기계가 나보다 더 똑똑한건 확실함...👩🏻‍💼👨🏻‍💼👩🏻‍💻👨🏻‍💻#서뱅크 #사람들이잘모르는은행이야기 #은행원-#우리는아무잘못도없다 #기계는거짓말을하지않지#명세표를잘보자 #해답은거기에 #해답은님손에#남탓하기전에나부터돌아볼줄아는사람이되길-#농협 #신한은행 #우리은행 #국민은행 #대구은행 #기업은행#새마을금고 #우체국 #하나은행 #신협 #산업은행 #경남은행#전북은행 #수협 #부산은행 #제주은행 #광주은행
264,"힙지로에 전시가 열렸다고?IBK 기업은행 신진작가 지원 프로젝트「IBK&GMoMA Young Artists 2023」  개최✨다양한 장르에서 자신만의 색깔을 표현하는 신진작가 성장지원 프로젝트🤟🏻개인전 개최, 신작 제작 지원, 전시 홍보까지!기업은행이 신진 작가를 지원합니다🙏🏻📌HIP한, 첫 번째 전시 사진 매체의 확장 가능성을 탐구하는오가영 작가의 ‘Half Sticky 해프 스티키’ 展멋진 작품 함께 감상해 볼까요?「IBK&GMoMA Young Artists 2023」  Half Sticky 해프 스티키 展✔️ 기간 : 2023.07.05(수) ~ 8.10(목)✔️ 장소 : 서울특별시 중구 을지로 79 (IBK기업은행 본점 로비) ✔️관람시간 : 상시개방 Hot 한 힙지로 구경하고, 시원한 IBK 본점 로비에서 전시 관람하는 코스 어때요? 신진작가들에게 많은 응원 부탁드려요!#기업은행 #힙지로 #경기도미술관 #GMoMA #신진작가 #오가영"
265,❤️❤️❤️
266,아이티키의 퇴직연금은 ‘확정기여형(DC)' 인데요!그 중 ’최적금리 자동매수(포괄운용지시)‘ 를 선택하셨더 분들은 주목해주세요~해당 방법은 폐지가 되고 ‘사전지정운용제도(디폴트옵션)‘ 가 도입되었다고 해요(7/12 시행)따라서최적금리 자동매수를 선택하셨던 분들은 기업뱅킹에 들어사서 방법을 변경해주시면 됩니다!변경하지 않을 경우는 신규입금+만기도래금액이 ’현금성자산‘ 으로 자동 편입됩니다 :) 변경을 희망하실경우 해주시면 됩니다!*사전지정운용제도:가입자(근로자)가 운용지시가 없을 경우 가입자가 사전에 정해놓은 방법으로 퇴직연금을 운용하는 제도-초저위험/저위험/중위험/고위험 등급별 포트폴리오 제공*원리금보장형(현금성자산) : 투자나 다른 목적이 아니라 단기의 현금수요를 충족하기위한 목적으로 보유❗️즉 원리금보장형(현금성자산) 또는 비보장형(펀드 등) 중 고르는 것이라고 생각하시면 됩니다❗️
267,장미꽃 천국🌹 🌹날 너무 좋아서 얼굴부터 쇄골까지 다 탈 뻔했지만 좋았다💛
268,퍼퓸핸드크림요거 바르면 주변에서 무슨향수쓰냐고향이 넘 좋다고 알려달란 얘기 자주 들어요!선영이랑 💕함께하는💕 구매대행(❣️모든 제품❣️은 가격차이로 수익10%~25% 볼수있습니다 )#당감동#1등#화장품선물#셀프네일아트#잠실동#기업은행#전업주부#휴대폰케이스추천#일하기싫다#창업준비#여행토퍼#전리단길카페#맛팔#잘지내#소고기무국
269,"🔔청년도약계좌 신청기간(7월 3일~14일)✔️매월 가입신청 가능✔️해당기간 동안은 출생연도와 관계없이 가입신청 가능✔️청년층(만 19세~34세) 중장기 자산 형성 지원✔️납입금 + 이자 + 정부기여금 + 비과세 적용✔️11개 은행 앱(APP)에서 비대면 신청*농협, 신한, 우리, 하나, 기업, 국민, 부산, 광주, 전북, 경남, 대구은행#청년 #청년도약계좌 #은행 #금리 #적금 #정부기여금 #정부지원 #청년지원 #농협 #신한 #우리 #하나 #기업 #국민 #부산 #광주 #전북 #경남 #대구 #농협은행 #신한은행 #우리은행 #하나은행 #기업은행 #국민은행 #부산은행 #정보 #혜택 #대한금융신문_정보 #대한금융신문"
270,📓23.07.03☀️처음으로 면접을 본 날이었다.사실 서류도 붙을 줄은 몰라서 별 생각없이 가긴 했다.경험을 쌓는 느낌으로다가…다들 말도 조리있게 잘하고 역시 나는 준비를 안 한 티가 났다.이리 저리 치이고 나니 어떻게 뭘 준비해야 되겠다라는 틀이 잡혀서 그래도 좋았다.면접을 같이 본 조원 중 6명이서 점심을 먹었다.점심 시간대에 을지로 쪽에서 밥을 먹다니.냉라멘을 먹었는데 그렇게 내 스타일은 아니었다.같이 면접을 본 사람들이랑 이런 저런 얘기를 하다보니 더더욱 방향성이 잡힌 것 같았다.집에 오니 발 뒷꿈치가 다 까져있었다.더비를 작년에는 꽤 많이 신었는데 또 어느 정도 안 신다보니 그새 발이 또 적응시기를 가져야 했나보다.큰 산이 하나 지나가서 그래도 한결 마음이 놓인다.내일부터 다시 현생 살아야지.#기업은행 #면접 #IBK #냉라멘
271,매일매일 놀고만싶다😎
272,사회에 찌들긴했나보다 금융치료로 버티는중...🤓
273,🔥
274,샤넬선글라스.쉐잎도 예쁘고 유행없이 너무 예쁜 로고선글!다리가 넘 예뻐서 머리위에 얹어도 착용해도 존재감이👍🏻퀼팅 사이사이 작은로고들 너무 예쁘죠😎#당감동#1등#화장품선물#셀프네일아트#잠실동#기업은행#전업주부#휴대폰케이스추천#일하기싫다#창업준비#여행토퍼#전리단길카페#맛팔#잘지내#소고기무국
275,식사메뉴도 있어 브런치하기도 좋아요😊
276,계곡 따라 첨벙첨벙 더위여 안녕~👋홍천 수타사계곡을 소개해요홍천 공작산에 있는 '수타사계곡'은 천 년 역사를 가진 수타사와 수려한 계곡이 어우러진 명소예요 ! 🌊수타사계곡 물길 트레킹은 계곡 상류부터 수타사까지 계곡을 첨벙첨벙 걷는 걸 말해요한여름에만 허락된 물길 트레킹수타사계곡에서 무더위를 날려볼까요?자세한 내용은 with IBK 7월호에서 만나보세요!📍ibkmagazine.co.kr <IBK 7월호 > #IBK기업은행 #기업은행 #IBK #with IBK #with IBK7월호 #공작산 #홍천 #수타사계곡 #계곡 #물길트레킹 #트레킹
277,#230702#VNL#발리볼네이션스리그#KOVO #배구 #프로배구 #여자배구 #기업은행 #IBK #IBKALTOS #기업은행알토스배구단 #리베로 #신연경..VNL끝 수고했어~이제 코보컵!!!
278,"16일 회원님 성공후기..⠀남편보다 잘벌고 싶었고아이들 학원비라도 벌어 보겠다 해서시작하게 된 지금의 일‘◡’⠀남편보다 많이 벌어서큰소리 칠수 있어서 너무 좋대요 ㅋㅋ⠀저는 이게 뭔지 너무 잘 알아요저도 제가 벌기 전 남편 눈치보면 살았던평범한 육아맘이였어요⠀⠀내가 할수 있을까?돈을 벌수 있을까?⠀고민 하지 마세요!!⠀“벌어야 하는 이유”누구에게나 있을꺼에요⠀목표를 정해서 목표를 이룰수 있도록제가 도와드릴꺼에요 ⠀⠀누군가를 부러워만 하고해볼까,말까고민하고 두려워만 한다면⠀결국 제자리더라구요⠀저는 돈 잘버는 방법을너무나도 잘알고 있어요⠀환경을 바꿔야 내 삶도,내주변도바뀌더라구요⠀꿈만 꾸지 말고꿈을 하나씩 이뤄가보는건 어떠세요?⠀꾸준하게잼나게 일하고 돈벌고 싶으신분들편하게 상단링크로 문의주세요..⠀일을 해볼까,말까는상담후 결정하셔도 되세요‘◡’#모던#제평#여은파#슈아멜#보타랩#하이클래스#아우라#가르시니아#디톡스#콜라겐#하나은행#국민은행#신한은행#신협#농협은행#기업은행#씨티은행#우리은행"
279,"16일 회원님 성공후기..⠀남편보다 잘벌고 싶었고아이들 학원비라도 벌어 보겠다 해서시작하게 된 지금의 일‘◡’⠀남편보다 많이 벌어서큰소리 칠수 있어서 너무 좋대요 ㅋㅋ⠀저는 이게 뭔지 너무 잘 알아요저도 제가 벌기 전 남편 눈치보면 살았던평범한 육아맘이였어요⠀⠀내가 할수 있을까?돈을 벌수 있을까?⠀고민 하지 마세요!!⠀“벌어야 하는 이유”누구에게나 있을꺼에요⠀목표를 정해서 목표를 이룰수 있도록제가 도와드릴꺼에요 ⠀⠀누군가를 부러워만 하고해볼까,말까고민하고 두려워만 한다면⠀결국 제자리더라구요⠀저는 돈 잘버는 방법을너무나도 잘알고 있어요⠀환경을 바꿔야 내 삶도,내주변도바뀌더라구요⠀꿈만 꾸지 말고꿈을 하나씩 이뤄가보는건 어떠세요?#모던#제평#여은파#슈아멜#보타랩#하이클래스#아우라#가르시니아#디톡스#콜라겐#하나은행#국민은행#신한은행#신협#농협은행#기업은행#씨티은행#우리은행"
280,푹 쉬었으니 다시 열일하자🔥내일 출장도 화이튕
281,돔페리뇽과 함께 하니 분위기에 취하고 맛에 취해서 진톡이 술술 나왔다!ㅎㅎ
282,🔺조피티짐7월 스케쥴표 입니다.참고하세요. .⭐️숨어있던 근육들을 깨울께요⭐️안보이던 S라인 살려드릴께요⭐️떨어진 체력을 UP시켜드릴께요앞에서 당겨주고 뒤에서 밀어줄테니따라만와🎶🎶~~👊⠀지금부터 시작입니다.⠀⠀⠀다이어트는 오늘부터..내일로 미루면 늦어요#장안동 #기업은행 2층저희 운영시간은▶️평일 오전8시~오후11▶️토요일 오전8시~오후8시▶️공휴일 오전10~오후6시🔸️매주 일요일 휴무
283,☑️고객만족도 1위◆.☑️철통보안 보장◆.☑️누구나 어려운 상황 겪고 있을수 있습니다◆.☑️혼자 고민하시지말고 연락주세요◆.......#증거수집 #신분증#밥 #강아지겨울옷 #젊줌마일상#기업은행 #머그잔 #트레이닝복세트#조카스타그램💕 #우리아미상받았네 #불당동술집
284,라는 대규모 신상카페예요☕️
285,"6월의 마지막 뉴스레터💌 소상공인을 위한 #소화제💡 소진공, 전통시장 활성화·안전 협약 체결💡 KB국민은행, 소상공인 대출금리 0.5%p 인하💡 LH, 자립준비청년에 매년 입주지원금 3억원 지원💡 기업은행, 네이버 입점 소상공인 대출 선봬💡 카카오페이·함께일하는재단, 소상공인 판로 지원 사업 '오래오래 함께가게'6월 다섯째 주, 주요 키워드📁#소진공 #KB국민은행 #LH입주지원금 #기업은행 #카카오페이 #소상공인 #소공인 #전통시장 #뉴스 #이슈🤳영상으로 만나는 소화제는 ❛소상공인방송❜ 유튜브 또는 네이버TV에서 시청할 수 있습니다."
286,"#EVENT 세상을 바꾸는 혁신기업 프로젝트 🌶다양한 음식과 잘 어울리는 매운맛을 찾는다면?국산 홍고추와 청양고추를 담은 한국인의 맛 '진돗개 핫소스＇ 　👨 🍳네키드크루(@jindotgaehotsauce) 조준기 대표　✔ IBK창공 마포3기 선정✔ 이태원 윙 전문점 네키드윙즈 운영✔ 세계인의 입맛을 공략할 K소스 개발　IBK기업은행이 혁신기업을 응원합니다💙　🎁댓글 #이벤트1 채널 팔로우하고 게시물 좋아요 클릭2 댓글로 ‘진돗개 핫소스’ 함께 먹고 싶은 친구를 태그해 주세요!( 친구에게 추천하면 당첨확률 UP! )　📍기간 : 23년 6월 30일 ~ 7월 5일📍발표 : 23년 7월 14일 (개별 DM 발표) 📍경품 : 네키드크루 진돗개 핫소스 (17명)　※ 비공개 계정, 팔로우 하지 않은 계정, 태그 없이 업로드 시 당첨에 제외될 수 있습니다. 당첨 메시지 받으신 후 일주일 이내에 개인정보 미회신 시 당첨에서 제외될 수 있습니다. 이벤트 및 상품은 사전 고지 없이 변경될 수 있습니다."
287,.매번 찾아주신 회원님들고맙고 감사하고 사랑합니다.매일매일 행복하고 활기찬 하루가 되시길 바랍니다.문의는 프로플하단 오픈톡으로 연락주시길 바랍니다....#혼영 #사업 #요리왕 #비오니 #북항 #아버지 #라일락 #부동산 #하나은행 #우리은행 #농협은행 #농형 #국민 #하나 #우리 #은행 #기업 #기업은행 #뱅킹 #오픈뱅킹 #계좌
288,사랑하는 우리딸!!사회에 첫 발을 내딛는 새내기 은행원초심 변하지 않기힘들었던 시기는 추억으로 간직하고 미래를 위해 도약하자~~딸내미 그동안 고생했고 대견하다.연수원 생활도 화이팅~!!#기업은행 #기업은행연수원 #ibk기업은행 #기업은행충주연수원
289,☑️고객만족도 1위◆.☑️철통보안 보장◆.☑️누구나 어려운 상황 겪고 있을수 있습니다◆.☑️혼자 고민하시지말고 연락주세요◆......#휴대폰도청 #참교육#밥 #강아지겨울옷 #젊줌마일상#기업은행 #머그잔 #트레이닝복세트#조카스타그램💕 #우리아미상받았네 #불당동술집
290,"마지막 휴일 점심, #옴뇸뇸...#마지막 #휴일 #점심 #폭염주의보 #브런치 #샌드위치 #머리도시원하게자르고 #라떼도한잔 #기분도좋고 #날씨는조금덥네#수유역 #수유카페 #선데이베이글 #아기자기한카페 #기업은행 #희희 #베이글샌드위치 #☕️"
291,십원짜리적금만기 ㅋㅋㅋ맛있는거나사묵쟈♡#기업은행#적금만기#재테크#돈돈돈
292,2023.06.28~29#IBK #기업은행 #창공 #데모데이#독일 #잘란트주 #demoday #EnlightVentures
293,"[중소기업 공동구매 전용보증제도]● 중소기업 공동구매 전용보증이란?- 원부자재 구매단가 인하 지원을 통한 중소기업의 경쟁력 제고를 위해 중소기업중앙회와 기업은행이 보증기금에 출연하고 보증기금이 우대 보증하여 중소기업을 지원하는 보증제도● 지원대상- 공동구매 협동조합, 조합원사 및 중소기업● 보증규모- '20년 1,320억원● 전용보증 우대사항- (신보/기보) 보증수수료 0.5%p 차감 및 보증비율 95%- (기업은행) 은행금리 최대 2.0%p 차감 및 수수료 면제● 참여신청 안내- 031-991-1800 . #대한가구연합회 #KFFIC"
294,샤샤레인부츠 OPEN설명필요없는아이졍연예인들 사이에서도 인기있는 레인부츠♡(❣️모든 제품❣️은 가격차이로 수익10%~25% 볼수있습니다 )#당감동#1등#화장품선물#셀프네일아트#잠실동#기업은행#전업주부#휴대폰케이스추천#일하기싫다#창업준비#여행토퍼#전리단길카페#맛팔#잘지내#소고기무국
295,💙안녕하세요 IBK 부산경제봉사단입니다💙 요즘 날씨는 우중충하지만 마음은 따뜻해질 소식을 가지고 왔는데요! 그건 바로~~~~~~~~~~ 경봉이들의 시니어 경제교육 봉사소식 입니다!!현재 고령화 사회로 인해 시니어층은 점점 더 늘어나고 있는 상황인데요! 그래서 저희는 금융과 관련해 고령층께서 어려움을 겪는 부분에 도움을 드렸어요! 이번 교육에선 늘어나고 있는 키오스크에 대한 사용법과다양한 보이스피싱 범죄 예방에 대한 교육이 이루어졌답니다😀1) 키오스크는 사용법을 안내해 드리고 원하시는 메뉴를 직접 주문해보는 과정2) 보이스피싱 범죄예방을 위해서 여러가지 사례교육3) 시니어층의 더 쉬운 이해를 위해 상황극으로 교육이 진행되었어요!그 결과 어르신들은 이 교육에 대해 만족을 하셨고 큰 감사를 표현해주셨답니다! 이를 통해 경봉이들은 큰 뿌듯함을 느꼈고앞으로도 더 나은 교육을 위해 힘쓰기로 다짐했어요🔥이상 IBK 부산경제봉사단이었습니다💙긴 글 읽어주셔서 감사드리며 앞으로도 많은 관심 부탁드리겠습니다🙇🏻‍♂️IBK 부산경제봉사단 makes better world🌏#ibk부산경제봉사단#ibk#ibk기업은행#기업은행#금융권대외활동#대외활동#대외활동스타그램#봉사활동#많관부#상생#경제교육#대학생경제봉사단#경제봉사
296,6/23 몽키즈🙉 x 네이버💚 교류전in @sonsangwon_climbinggym_gangnam 네이버와 대규모 인원으로 함께하니 더욱 즐거웠던 손클짐🐒
297,가족이랑 나른한 👨‍👩‍👧‍👧
298,"📚알고 보면 쓸모 있는 IBK기업은행 백과사전 #알쓸기백　납부한 세금에 따라포인트가 쌓인다는 사실! 알고 계셨나요?💰　세금 포인트 확인 방법부터 사용처까지 확인해요!🧾　🎁댓글 #이벤트① 채널 팔로우하고 게시물 좋아요 클릭② @ 친구를 태그해 세금포인트에 대해 알려주세요!　📍기간 : 23년 6월 28일 ~ 7월 2일📍발표 : 23년 7월 5일(수) (개별 DM 발표)📍경품 : 스타벅스 아메리카노 T (3명)　※ 비공개 계정, 팔로우 하지 않은 계정, 태그 없이 업로드 시 당첨에 제외될 수 있습니다. 당첨 메시지 받으신 후 일주일 이내에 개인정보 미회신 시 당첨에서 제외될 수 있습니다. 이벤트 및 상품은 사전 고지 없이 변경될 수 있습니다.​"
299,"다 똑같은 방법-?!!NO..!⠀⠀제가 1년넘게 꾸준히 한부업으로롱런할수 있었던 이유...!⠀⠀노하우도 차별화된 방법이 없었다면,,불가능한일이겠지요⠀⠀컨셉부터,, 하나하나 노하우까지모두다 알려드리니,, 열정만가지고 오셔욤🤲#신협#농협은행#기업은행#씨티은행#우리은행#새마을금고#제일은행#부산은행#수협은행#대구은행#제주은행#경남은행#하나증권#패피아기#제주소녀#북튜버#오너쉐프#예삐#찬바람#거울샷"
300,☑️고객만족도 1위◆.☑️철통보안 보장◆.☑️누구나 어려운 상황 겪고 있을수 있습니다◆.☑️혼자 고민하시지말고 연락주세요◆......#배우자 #토익#베베 #밥 #강아지겨울옷#마이셀즈 #기업은행 #머그잔#메이크업문의 #조카스타그램💕 #우리아미상받았네
301,넘 #기업은행
302,원금 보장이 가능한 부업 알바원금 손실이 발생한다면안전한 투자가 아닙니다다양한 수입 구조로초보 상관없이 첫날부터 바로 수익안전하게 내돈 지키면서 함께 하실분~^^
303,다양한 제품!! 다양한 옵션으로진행되는 초 간단  부업초보도 쉽게 접할수있습니다.가입첫날 부터 수익나는 부업✔️부모님도움 없이 결혼준비✔️32살 47평 내집마련✔️버킷리스트 타고싶은차 타기✔️학자금 한번에 갚고✔️여행 마음껏 다니기매년 버킷리스트를 이루고 있어요치솟는 물가와막막한 금리로더이상 월급으로는 무리 🥹이게 바로 현실이랍니다👍🏻도전하세요 누구나 할수 있는 일��#당감동#1등#화장품선물#셀프네일아트#잠실동#기업은행#전업주부#휴대폰케이스추천#일하기싫다#창업준비#여행토퍼#전리단길카페#맛팔#잘지내#소고기무국
304,여러분도 할 수 있어요 남녀노소 모두 가능합니다 만19세 이상 연락 주세요!코로나19 확산으로 많은사람들이 경제적 부담을겪고 있으리라 생각 됩니다하루빨리 종식 되었으면 하는 마음이네요바로 진행한다고 하셔서 진행 도와드린 결과로짧은 시간이지만 적지않은 수익 받으실수 있었습니다.믿고 크게 투자해주신 결과로 많은 수익 챙기셨습니다.긴말 안합니다~진행하실 분들프로필 하단 프로필 오픈챗
305,"안녕하세요 KS한국고용정보입니다❤️전화문의 010.2809.2426😉DM,이메일,휴대폰 편하신 곳으로문의 부탁드리겠습니다📩.....#용산 #한남역 #한강진역 #은행 #기업은행 #BC카드 #카드 #고객센터 #콜센터 #상담원 #인바운드 #단순업무 #정착지원금 #기업은행 #IBK기업은행 #영업없음 #단순문의 #종로 #종각 #종로3가 #종로구 #정규직 #KS한국고용정보 #한국고용정보 #한고정 #사람인 #잡코리아 #알바몬"
306,.회원님  원금 530만에 총수익 6620만원 출금 축하드립니당 🎈🎈즐거운 하루 보내세용 ~* 문의는 프로필하단 오픈톡으로 연락주세요!...#혼영 #사업 #요리왕 #비오니 #북항 #아버지 #라일락 #부동산 #하나은행 #우리은행 #농협은행 #농형 #국민 #하나 #우리 #은행 #기업 #기업은행 #뱅킹 #오픈뱅킹 #계좌
307,"코고데스크 96화 크립토 브리핑 (6월23일) 안녕하세요JGoldStar 금성입니다. 6월23일자 금요일 코고데스크 주간브리핑을 전해드리겠습니다.● 국회 정무위원회 다음달 11일 가상자산 청문회 개최 국회 정무위는 15일 전체회의를 열고 다음달 11일에 가상자산 관련 청문회를 열기로 확정했습니다. 이날 여당 간사인 윤한홍 국민의힘 의원과 김종민 더불어민주당 의원의 합의를 통해 청문회를 열기로 했으며아직 구체적인 청문 대상과 내용, 증인, 참고인 등은 정해지지 않았습니다.  ● 미 SEC의 거래소 정의에 허점 많아 코인베이스의 폴 그레왈 최고법률책임자(CLO)는 14일 트위터에 “어제 미 증권거래위원회(SEC)의 거래소 정의 제정안에 관한 의견서를 제출했다”고 말했습니다. 이어 “SEC와 같은 방식으로 DEX에 등록하도록 요구하는 것은 불가능하다”, 이는 “동그란 구멍에 네모난 모양을 맞추려고 하는 것”이라고 비판했습니다. 앞서 SEC는 지난해 1월 규칙 제정안에서 거래소의 정의에 디파이를 비롯한 암호화폐 거래 플랫폼도 포함하자고 제안했습니다. 이를 두고 암호화폐 업계는 디파이를 규제 대상 거래소에 포함시킬 수 없다고 우려했습니다.● 밀크-OK캐쉬백 NFT ‘로드투리치’, 2시간 만에 마감 밀크파트너스와 SK플래닛이 공동 진행한 ‘밀크-로드투리치 콜라보레이션 이벤트’가 오픈 2시간 만에 마감됐습니다. 이 이벤트는 지난 13일 오전 11시부터 선착순 1만명을 대상으로 진행됐으며, 밀크파트너스와 SK플래닛은 앞으로도 다양한 분야에서 협력을 이어나갈 계획이라고 밝혔습니다. 추가로 하반기에는 밀크-SK캐쉬백 포인트 연동 및 교환 서비스도 선보일 예정입니다.● NH농협은행 'STO 컨소시엄'에 기업·신한·우리은행 가세 NH농협은행이 지난 4월 결성한 ‘은행권 토큰증권발행(STO) 컨소시엄’에 기업은행, 신한은행, 우리은행이 추가로 참여한다고 15일 밝혔습니다. 기존 농협은행과 SH수협은행, 전북은행에 이어 시중은행 3곳이 가세해 6개 은행이 함께하는 연합군이 결정됐습니다. 컨소시엄에는 펀블, 블레이드 Ent, 트랙체인 등 STO관련 사업을 준비중인 다른 업체들도 함께 하고 있다고 합니다.참고 : https://m.coinghost.com/live/245이상으로 코고데스크 주간 브리핑을 마치겠습니다.#정무위원회 #가상자산청문회 #SEC #코인베이스CLO #거래소정의허점 #DEX #밀크 #OK캐쉬백 #콜라보레이션 #NFT #로드투리치 #NH농협은행 #STO컨소시엄 #기업은행  #신한은행 #우리은행 #SH수협은행 #전북은행#코고데스크 #코인고스트 #코고옥션 #코고스쿨 #크립토브리핑 #스테이블코인 #블록체인 #BTC #ETH"
308,6/19 몽키즈 in @climbing_park_jongro 클팍종로🐵다경영훈가현 세분이서 사이좋게 보라 클리어 쨕쨕쨕👏🏻👏🏻마지막은 그냥 귀여워서..><
309,6/17 몽키즈 X 인클라인 in @theplastik_yeomchang ‼️몽키즈의 첫 교류전 포인터와 함께 즐클행클👏🏻
310,에네스코 팅커벨 화이트버젼 피겨🧚‍♀️(박스o)사이즈 : 약 15cm나비와 인사를 하고있는 팅커벨 화이트버젼이에요😄 화이트버젼들은 얼굴이 너무이쁘게 나오지 않았나요?!💕#당감동#1등#화장품선물#셀프네일아트#잠실동#기업은행#전업주부#휴대폰케이스추천#일하기싫다#창업준비#여행토퍼#전리단길카페#맛팔#잘지내#소고기무국
311,부산이라 좋다.함께라서 더 좋다.😁6월 부산만 7번째 출장고향에 온 것 같은 이 느낌은 뭘까요? 😅부산역 돼지국밥만 먹던 최홍석에게오징어는 비교할 수 없는 한치 칼국수의 세계를 알게 해준 사투리 못하는 부산여자 유나 강사님과 @starweina일 끝나고 피곤할 텐데 한걸음에 달려온 신라호텔 한식 주방장 출신의 사직별찬 @sajik_byulchan 사장님 건호 덕분에 배도 마음도 든든하게 채우고교육에 적극적으로 참여해 주신 리더님들 덕분에 자존감도 든든하게 채우고 서울로 올라갑니다.부족하지만 6월 한 달 동안 60번 넘는 강의를 맡겨 주신 #기업은행 #현대자동차 #암웨이 #AA아키그룹 #경찰청 #카이스트 #삼성증권 #DB생명 #NH농협 #KT #대우건설 고객사 직원분들께 감사의 맘 전합니다.마지막까지 만족하는 강의로 보답하겠습니다.충성!
312,"스트로커스 보스톤윙백 출시🙌귀엽고 깜찍한 날개가 장착된 보스폰백이 출시됩니다!!스트로커스의 시그니쳐 디자인인 만큼 퀼리티도 우수하답니다😎잘 치고싶어?그럼 스트로커스해👊구매대행 진행중~또 신상품이 나왔어요우리는 가구,전기제품,의상,명품가방,향수,선물등등 다양하게 있어요!오늘 상품👆👆👆#당감동#1등#화장품선물#셀프네일아트#잠실동#기업은행#전업주부#휴대폰케이스추천#일하기싫다#창업준비#여행토퍼#전리단길카페#맛팔#잘지내#소고기무국"
313,재택 부업.알바 믿을수있는곳에서쉽고 간편하게 할수있습니다!!!!누구나 쉽게 할수있는 부업출퇴근없이 집에서 언제어디서나 꾸준하게 돈벌수있는 재택부업다양한 수입구조로초보 상관없이 첫날부터 바로 수익안전하게 내돈 지키면서 꾸준한수익 함께하실분~친절 상담 문의는 프로필하단 오픈톡으로!!!
314,주말 행복 모먼트 🍓🍧🎬🤍
315,"앞모습을 찍고 싶었는데바람이 너무 많이 불어서못 찍었다는 슬픈 사실,, 또륵"
316,.회원님  원금 600만에 총수익 6380만원 출금 축하드립니당 🎈🎈즐거운 하루 보내세용 ~* 문의는 프로필하단 오픈톡으로 연락주세요!---#농협은행 #농형 #국민 #하나 #우리 #은행 #기업 #기업은행 #뱅킹 #오픈뱅킹 #계좌
317,회원님의 동의를 받은 실제 후기입니다작은 용기가 인생을 바꿉니다!저랑 함께 부자 되실분~~망설이는 이순간에도 누군가는한발 앞서 나아가고 있습니다~투자는 즐겁게~!!! 수익은 꾸준하게~!!!지인분 소개 아니더라도 편하게 문의주세요
318,일주일후 보홀여행 ㅋㅋ#달러#환전#기업은행#820불#기다려#내가간다#필리핀#보홀#베트남🇻🇳 #나트랑#점심은 #김치찌개 #여행스타그램 #인스타그램 #냥이그램
319,.@goodibk @leejehoon_official#IBK #기업은행 #IBK기업은행#이제훈 #leejehoon
320,소중한 내 가족을 위한 재💲테💲크 성인이라면  모두 가능한 부업단 한번 뿐인 인생 돈 없어 불편하고 힘든 인생을 살다 갈순없죠....한번의 투자로 인생이 바뀝니다믿음과 신뢰 그리고 신용 보장합니다하고자 하는 마음만 있으시다면오픈톡으로 문의☎주시면 바로 상담 가능합니다
321,셀 개버딘 코튼 버킷햇❤️#당감동#1등#화장품선물#셀프네일아트#잠실동#기업은행#전업주부#휴대폰케이스추천#일하기싫다#창업준비#여행토퍼#전리단길카페#맛팔#잘지내#소고기무국
322,"#EVENT IBK기업은행과 친구해요!　16만 팔로워 분들의 뜨거운 관심에 힙입어특별 이벤트를 준비했어요(●’◡’●)　IBK기업은행 인스타그램에서 가장 인상 깊게 본 게시물은?댓글 남겨주시면 선물을 드려요!🎁　📍 팔로우 #이벤트① IBK기업은행 채널 팔로우② “IBK기업은행 인스타그램에서 인상깊게 본 콘텐츠” 댓글로 남기기 ( 함께 팔로우할 친구 태그하면 당첨확률 UP! )　　기간 : 2023. 6. 23 ~ 6. 30발표 : 2023. 7. 5 (수)경품 : - 신세계상품권 1만원권 (5명)- 스타벅스 아메리카노 T (10명)　※ 비공개 계정, 팔로우 하지 않은 계정은 당첨에 제외될 수 있습니다. 당첨 메시지 받으신 후 일주일 이내에 개인정보 미회신 시 당첨에서 제외될 수 있습니다. 이벤트 및 상품은 사전 고지 없이 변경될 수 있습니다.​ 　앞으로도 IBK기업은행에 많은 관심 부탁드립니다💙"
323,6/15 몽키즈 in @climbing_park 왠지 컬러풀했던 🙉x6 과 🍌x2 조합!그리고 그중 가장 컬러풀(🎀)했던 과장님
324,6/13 몽키즈 in @climbing_park_jongro 🙈🙊🐒🙉🐵+🐥다섯명의 몽키즈와 뉴비 소은대리님 ☺️반가워요><아무래도 몽키즈는 종로에 뿌리를 내리는게 좋겠어요. 종클에서 날라다니는 나이스요정들!!!!!!
325,"인생 1,373일차- 23년 6월 22일 목요일, (날씨 좋네~).오늘은 버스보다 먼저 도착!!아침마다 사진 찍는거 어떠냐고 물어보니 “난 좋은데~ 사진찍는거 좋아!” 대답해주는 딸래미~...#일상기록 #딸스타그램 #돼지띠아기 #황금돼지띠 #황금돼지띠아기 #육아 #육아스타램 #육아기록 #베이비그램 #데일리 #데일리그램 #흥많은아기 #우량아 #튼튼한아기 #딸맞아요 #딸바보 #건강해요 #등원길 #오등완 #등원버스 #체능단 #성동유아체능단 #기업은행 #ibk #노란옷 #사진찍기 #좋아요"
326,"금융위원회는 핀테크 산업 저변을 확대하고, 핀테크 기업들의 경쟁력을 높이기 위한 맞춤형 지원을 강화하겠습니다!📢 K-Fintech 30 선발을 시작합니다!☑ 2023년 6월 22일(목) ~ 7월 12일(수) 15시까지☑ 모집절차에 대한 안내 등 자세한 내용은 핀테크지원센터 ""핀테크 포털""에서!https://www.fintech.or.kr/📢 핀테크 기업을 지원하기 위한 다양한 정책을 추진 중입니다.☑ 상반기 핀테크 데모데이(Demoday) 행사 개최☑ 핀테크 기업 맞춤형 정책금융지원☑ 핀테크 기업 성장단계별 맞춤형 상담·컨설팅 등금융위원회는 핀테크 산업의 지속적인 성장을 위한 정책적 지원을 계속하겠습니다.* 더 자세한 내용은 프로필 ☞ 금융위 블로그에서 확인해주세요#금융위원회 #금융 #금융위 #금융정책 #금융당국 #금융위원장 #핀테크 #스타트업 #벤처 #핀테크기업 #정책금융 #산업은행 #기업은행 #신용보증기금"
327,"비 오고 흐린 날 어푸도 너무 재미쮜 😇🤩#뚜기네집ᰔ 진짜 올만에 만난 쿠쿠랑 @og.20201020 바베루랑 @deuuk 꼬불꼬불길 넘고 넘어 만났다! 모두에게 물총의 맛을 제대로 선사해주고 와서 악령 들린 사진 오조오억장일 듯,, 👻 ㅋㅋㅋ 갠차나 기여우니까 갠차나 (¿¿¿)🩵🩵🩵#너희너무#기업은행#농협은행"
328,강동구청에서 금융 강의를 진행했습니다. 돈을 벌고 쓰고 불리고 지키는 방법과 신용관리 그리고 돈(소득)이 어디서 나오는지를 함께 공유했습니다. 작은 책도 선물로 드렸는데 인기가 좋습니다. 강의평가를 보여주며 칭찬해 주는분들이 많아 즐겁고 보람찬 시간이었습니다. 감사합니다. Fighting!!!#강동구청 #금융강의 #돈다루는기술 #희망두배청년통장 #서민금융진흥원 #기업은행 #광작가 #김광현교수 #숭실사이버대
329,"📚알고 보면 쓸모 있는 IBK기업은행 백과사전 #알쓸기백　현금영수증 놓쳤다면?😲이제 집에서 발급받으세요!　홈택스 현금영수증 발급 방법 확인해 볼까요?🧾　🎁댓글 #이벤트① 채널 팔로우하고 게시물 좋아요 클릭② @ 친구를 태그해 현금영수증 발급 방법을 알려주세요!　📍기간 : 23년 6월 21일 ~ 6월 27일📍발표 : 23년 6월 30일(금) (개별 DM 발표)📍경품 : 스타벅스 아메리카노 T (5명)　※ 비공개 계정, 팔로우 하지 않은 계정, 태그 없이 업로드 시 당첨에 제외될 수 있습니다. 당첨 메시지 받으신 후 일주일 이내에 개인정보 미회신 시 당첨에서 제외될 수 있습니다. 이벤트 및 상품은 사전 고지 없이 변경될 수 있습니다.​"
330,"🔔청년도약계좌 금리 안내✔️청년층(만 19세~34세) 중장기 자산 형성 지원✔️납입금 + 이자 + 정부기여금 + 비과세 적용✔️11개 은행 앱(APP)에서 비대면 신청*농협, 신한, 우리, 하나, 기업, 국민, 부산, 광주, 전북, 경남, 대구은행#청년 #청년도약계좌 #은행 #금리 #적금 #정부기여금 #정부지원 #청년지원 #농협 #신한 #우리 #하나 #기업 #국민 #부산 #광주 #전북 #경남 #대구 #농협은행 #신한은행 #우리은행 #하나은행 #기업은행 #국민은행 #부산은행 #정보 #혜택 #대한금융신문_정보 #대한금융신문"
331,🫶🏻
332,다양한 제품!! 다양한 옵션으로진행되는 초 간단  부업초보도 쉽게 접할수있습니다.가입첫날 부터 수익나는 부업✔️부모님도움 없이 결혼준비✔️32살 47평 내집마련✔️버킷리스트 타고싶은차 타기✔️학자금 한번에 갚고✔️여행 마음껏 다니기매년 버킷리스트를 이루고 있어요치솟는 물가와막막한 금리로더이상 월급으로는 무리 🥹이게 바로 현실이랍니다👍🏻도전하세요 누구나 할수 있는 일��#당감동#1등#화장품선물#셀프네일아트#잠실동#기업은행#전업주부#휴대폰케이스추천#일하기싫다#창업준비#여행토퍼#전리단길카페#맛팔#잘지내#소고기무국
333,"#EVENT 세상을 바꾸는 혁신기업 프로젝트🍽치킨 맛을 내는 식물성 단백질이 있다?👨‍🔬고기의 새로운 기준, 위미트 안현석 대표　　✔ IBK창공 마포10기 선정✔ 새로운 음식 문화를 만드는 푸드테크 스타트업✔ 채식의 문턱을 낮출 식물성 단백질 개발　　IBK기업은행이 혁신기업을 응원합니다💙　🎁댓글 #이벤트① 채널 팔로우하고 게시물 좋아요 클릭② 댓글로 위미트 함께 먹고 싶은 친구를 태그해 주세요! ( 위미트를 추천하면 당첨확률 UP! )　　📍기간 : 23년 6월 20일 ~ 6월 27일📍발표 : 23년 6월 30일 (개별 DM 발표)📍경품 : 위미트 프라이드 (7명)　　※ 비공개 계정, 팔로우 하지 않은 계정, 태그 없이 업로드 시 당첨에 제외될 수 있습니다. 당첨 메시 지 받으신 후 일주일 이내에 개인정보 미회신 시 당첨에서 제외될 수 있습니다. 이벤트 및 상품은 사전 고지 없이 변경될 수 있습니다."
334,복숭아 너무 죠아🍑
335,.회원님  원금 200만에 총수익 2170만원 출금 축하드립니당 🎈🎈즐거운 하루 보내세용 ~* 문의는 프로필하단 오픈톡으로 연락주세요!---#농협은행 #농형 #국민 #하나 #우리 #은행 #기업 #기업은행 #뱅킹 #오픈뱅킹 #계좌
336,다양한 제품!! 다양한 옵션으로진행되는 초 간단  부업초보도 쉽게 접할수있습니다.가입첫날 부터 수익나는 부업✔️부모님도움 없이 결혼준비✔️32살 47평 내집마련✔️버킷리스트 타고싶은차 타기✔️학자금 한번에 갚고✔️여행 마음껏 다니기매년 버킷리스트를 이루고 있어요치솟는 물가와막막한 금리로더이상 월급으로는 무리 🥹이게 바로 현실이랍니다👍🏻도전하세요 누구나 할수 있는 일��#당감동#1등#화장품선물#셀프네일아트#잠실동#기업은행#전업주부#휴대폰케이스추천#일하기싫다#창업준비#여행토퍼#전리단길카페#맛팔#잘지내#소고기무국
337,D+42 볼살쿠션👼🏻.#오늘의깜찍이 #농협은행 #기업은행
338,스톼일 변신~~일하기전 ~~#일하기전 혼자놀이 #심심#동미산 지점 #기업은행##CS매니저 알바#
339,기업은행 남동2단지점 유리창코킹(실리콘)작업과 외벽발수코팅작업 요즘은  월화수목금금금 ㅋㅋ 일주일이 금방가네 #기업은행 #창호누수보수공사 #조적(적벽돌)벽체 발수코팅공사
340,#모던#제평#여은파#슈아멜#보타랩#하이클래스#아우라#가르시니아#디톡스#콜라겐#하나은행#국민은행#신한은행#신협#농협은행#기업은행#씨티은행#우리은행
341,✔️반치수정도 작게 나왔어요✔️3호-11호까지🔎미키큐브상하(지영이 구매대행 가격차로 진행되는 용돈벌이💗)#당감동#1등#화장품선물#셀프네일아트#잠실동#기업은행#전업주부#휴대폰케이스추천#일하기싫다#창업준비#여행토퍼#전리단길카페#맛팔#잘지내#소고기무국
342,.매번 찾아주신 회원님들고맙고 감사하고 사랑합니다.매일매일 행복하고 활기찬 하루가 되시길 바랍니다.문의는 프로플하단 오픈톡으로 연락주시길 바랍니다.---#농협은행 #농형 #국민 #하나 #우리 #은행 #기업 #기업은행 #뱅킹 #오픈뱅킹 #계좌
343,사진찍구 와인 마시면서 수다떠느라구 해지는지도 몰랐눈데 너무 예쁜 야경에 반해버렸다궁 🌃
344,신천동 대야동톰 지비츠 보신분들 ㅠㅠ연락 좀 주세요ㅠㅠㅠㅠㅠㅠㅠ😭😭😭😭😭😭😭#신천동 #대야동 #우동짜장 #발도스 #올리브영 #기업은행 #다이소
345,"일상 곳곳이 #겹세권🔍IBK-기업은행-겹-세권 🎶⠀⠀⠀⠀⠀⠀⠀🌎 겹세권 지구마블 주사위를 던져라! 🎲오늘은 IBK사거리 미국으로 떠나요~🛫⠀⠀⠀⠀⠀⠀⠀📍82올리언즈 (서울 중구 퇴계로27길 64 1F)미국 레트로🕹감성 가득한 퓨전음식점⠀⠀⠀⠀⠀⠀⠀📍바스버거 (서울 중구 을지로12길 11 B1F)패티 육즙이 풍부한 아메리칸 수제버거🍔⠀⠀⠀⠀⠀⠀⠀📍마디그라 (서울 종로구 우정국로2길 29 B1F)마디그라 축제🎭 컨셉의 미국남부음식⠀⠀⠀⠀⠀⠀⠀📍샤이바나 (서울 중구 세종대로 136)미국남부 가정식🥘 전문 레스토랑⠀⠀⠀⠀⠀⠀⠀🇺🇸미국 느낌 가득한 IBK사거리 맛집이 궁금하다면?다음엔 어디로 떠나볼까요?⠀⠀⠀⠀⠀⠀⠀🎁댓글 #이벤트① 채널 팔로우하고 게시물 좋아요 클릭② 가장 가고 싶은 IBK사거리 맛집은? 댓글 남겨주세요!( 함께 가고 싶은 사람 태그하면 당첨확률 UP! )⠀⠀⠀⠀⠀⠀⠀기간 : 23년 6월 16일(금) ~ 6월 25일(일)발표 : 23년 6월 28일(수) / 개별 DM 발표경품 : 요기요 상품권 1만원권 (3명)⠀⠀⠀⠀⠀⠀⠀※ 비공개 계정, 팔로우 하지 않은 계정, 태그 없이 업로드 시 당첨에 제외될 수 있습니다. 당첨 메시 지 받으신 후 일주일 이내에 개인정보 미회신 시 당첨에서 제외될 수 있습니다. 이벤트 및 상품은 사전 고지 없이 변경될 수 있습니다."
346,올해 첫 망빙🥭
347,.회원님  원금 200만에 총수익 2110만원 출금 축하드립니당 🎈🎈즐거운 하루 보내세용 ~* 문의는 프로필하단 오픈톡으로 연락주세요!---#혼영 #사업 #요리왕 #비오니 #북항 #아버지 #라일락 #부동산 #하나은행 #우리은행 #농협은행 #농형 #국민 #하나 #우리 #은행 #기업 #기업은행 #뱅킹 #오픈뱅킹 #계좌
348,"🏓 제1회 디캠프 탁구 대회지난 14일부터 16일까지, 마포 프론트원과 선릉 디캠프에서는 제1회 디캠프 탁구대회가 성황리에 치러졌습니다. 패밀리사인 #이벤터스 의 작은 제안으로 시작한 이번 대회는 준비 기간 동안 입주 스타트업은 물론 입주 파트너사인 #CJ인베스트먼트 #파인드어스 #라운지엑스 #한국핀테크협회, 이웃에 위치한 #기업은행 마포지점까지 합류한 대규모 대회로 거듭났는데요.🔥 총 34개 사 48명이 선수로 참여해 양보 없는 불꽃 승부를 펼쳤습니다. 약 250명의 인원이 직관하며 열띤 응원을 보내 주셨고요!마포 우승은 #티슈오피스 가, 선릉 우승은 #CJ인베스트먼트가 차지해 각기 회식 지원금 50만 원을 획득했습니다.센터별 최강자가 맞붙은 마포+선릉 통합 우승은 #CJ인베스트먼트가 차지해 회식 지원금 50만 원을 추가, 총 100만 원의 회식 지원금을 쓸어갔습니다(^^) 🙌🏻 많은 분이 탁구 대회 때문에 즐거운 점심시간을 보내고 더 많은 분과 교류하는 계기가 되었다는 후기를 남겨 주셨어요.앞으로도 선릉과 마포의 탁구 공간이 입주사 분들에게 즐겁고 유익한 교류가 일어나는 공간이 되기를 바랍니다!함께 준비해 주신 #이벤터스 감사합니다!"
349,💫🫶🏻
350,.회원님  원금 300만에 총수익 3220만원 출금 축하드립니당 🎈🎈즐거운 하루 보내세용 ~* 문의는 프로필하단 오픈톡으로 연락주세요!---#혼영 #사업 #요리왕 #비오니 #북항 #아버지 #라일락 #부동산 #하나은행 #우리은행 #농협은행 #농형 #국민 #하나 #우리 #은행 #기업 #기업은행 #뱅킹 #오픈뱅킹 #계좌
351,"🔔청년도약계좌 출시!✔️청년층(만 19세~34세) 중장기 자산 형성 지원✔️납입금 + 이자 + 정부기여금 + 비과세 적용✔️11개 은행 앱(APP)에서 비대면 신청*농협, 신한, 우리, 하나, 기업, 국민, 부산, 광주, 전북, 경남, 대구은행#청년 #청년도약계좌 #은행 #금리 #적금 #정부기여금 #정부지원 #청년지원 #농협 #신한 #우리 #하나 #기업 #국민 #부산 #광주 #전북 #경남 #대구 #농협은행 #신한은행 #우리은행 #하나은행 #기업은행 #국민은행 #부산은행 #정보 #혜택 #대한금융신문_정보 #대한금융신문"
352,당일 과일바구니 구매를 원하시는 고객님은 매장으로 문의해주세요💓
353,.매번 찾아주신 회원님들고맙고 감사하고 사랑합니다.매일매일 행복하고 활기찬 하루가 되시길 바랍니다.문의는 프로플하단 오픈톡으로 연락주시길 바랍니다.---#농협은행 #농형 #국민 #하나 #우리 #은행 #기업 #기업은행 #뱅킹 #오픈뱅킹 #계좌
354,목걸이입니다. 전체 실버에 18k도금입니다.#당감동#1등#화장품선물#셀프네일아트#잠실동#기업은행#전업주부#휴대폰케이스추천#일하기싫다#창업준비#여행토퍼#전리단길카페#맛팔#잘지내#소고기무국
355,언제어디서나 핸드폰만 있으면 간단한 타이핑만드로 용돈벌이 가능 꿀알바 지금바로 문의주세요 !!대학생 OK주부OK직장인OK투잡OK #하나은행#국민은행#신한은행#신협#농협은행#기업은행#씨티은행#우리은행#새마을금고#제일은행#부산은행#수협은행#대구은행#제주은행#경남은행#하나증권#패피아기
356,.11시 오픈런 하려고 했는데엄마가 늦게옴😱그래도 엄마가 쐈으니  맛있게 냠냠🤗... #필동면옥 #평양냉면 #만두 #덥다 #여름 #다이어터#엄마 #내친구 #워킹맘 #평일 #점심 #일상 #아들맘#MI TRAVEL #기업은행 #장충동 #엠버서더호텔 #행사
357,세상엔 맛있는게 넘 많아요.. 🥹♥️
358,🏦 이정도는 귀여운 수준 ^^..👩🏻‍💼👨🏻‍💼👩🏻‍💻👨🏻‍💻#서뱅크 #사람들이잘모르는은행이야기 #은행원-#비밀번호모를수도있지 #모르면바꾸면되는거지#비밀번호몰라서민망해하면그나마양반#틀린번호무조건이게맞다고난리치는사람보다양반#짜증안내면일단좋은사람 #나는좋은사람아님-#농협 #신한은행 #우리은행 #국민은행 #대구은행 #기업은행#새마을금고 #우체국 #하나은행 #신협 #산업은행 #경남은행#전북은행 #수협 #부산은행 #제주은행 #광주은행
359,연수를 다녀왔습니다.은행 생활을 하면서 가족과 함께할 수 있는 연수는 처음이였는데 좋더군요.앞으로도 이런 기회가 더 있으면 좋겠습니다....#기업은행 #스플라스리솜 #워터파크 #예산 #예산시장 #예산상설시장
360,이지선 교수님 !!!수원시 방문 환영합니다.#이지선 #이지선교수님 #수원새빛포럼 #IBK기업은행 #수원시청 #기업은행
361,할아버지 진짜 멋있으시다....좋아요와 팔로우 감사합니다좋은 하루되세요♥
362,#기업은행#6mm도레미알판#일산중앙#영업중공사#인테리어필름시공#필름시공#시트지시공#인테리어필름#신축아파트필름시공#필름맛집#분당욜로인테리어#맞팔#분당인테리어필름#인테리어필름시공전문#인테리어필름시공업체#인테리어필름시공업체추천#인테리어필름시공문의
363,"📚알고 보면 쓸모 있는 IBK기업은행 백과사전 #알쓸기백다가오는 여름,전기 요금 폭탄 맞을까 두렵다면?🤔IBK기업은행이 알려주는 전기 요금 절약 꿀팁!이미지를 넘겨 확인해 볼까요?👩‍🏫🎁댓글 #이벤트① 채널 팔로우하고 게시물 좋아요 클릭② 나만 알고 있는 전기 요금 절약 꿀팁? 댓글로 알려주세요!📍기간 : 23년 6월 14일 ~ 6월 21일📍발표 : 23년 6월 23일 (개별 DM 발표)📍경품 : 스타벅스 아메리카노 T (5명)※ 비공개 계정, 팔로우 하지 않은 계정, 태그 없이 업로드 시 당첨에 제외될 수 있습니다. 당첨 메시지 받으신 후 일주일 이내에 개인정보 미회신 시 당첨에서 제외될 수 있습니다. 이벤트 및 상품은 사전 고지 없이 변경될 수 있습니다."
364,농협은행 기업은행 !!💛🐤#농협은행 #기업은행 #병아리랑 #🐤
365,.회원님  원금 800만에 총수익 8160만원 출금 축하드립니당 🎈🎈즐거운 하루 보내세용 ~* 문의는 프로필하단 오픈톡으로 연락주세요!---#혼영 #사업 #요리왕 #비오니 #북항 #아버지 #라일락 #부동산 #하나은행 #우리은행 #농협은행 #농형 #국민 #하나 #우리 #은행 #기업 #기업은행 #뱅킹 #오픈뱅킹 #계좌
366,"_ 아까부터 계속 얘네 보며, ""농협은행, 기업은행, 농협은행, 기업은행, 농협, 기업..."" 이러고 있다. 농엽브내, 기업브내, 넝엽쁘네, 기업쁘네, 넘옙, 기엽... 농엽브내 어디야? 아이비께이 몰라?... 아무튼, 망한 셀프미용도 강아지 본연의 미모는 이길 수 없음을.#농협은행 #기업은행 #강아지셋고양이하나 #발렌티 #더블린"
367,🏦 도저히 이해안되는 부동의 1위...👩🏻‍💼👨🏻‍💼👩🏻‍💻👨🏻‍💻#서뱅크 #사람들이잘모르는은행이야기 #은행원-#아직도이해안되는부동의1위는반말응대#왜그러는걸까요 #님들자식들도똑같이당해라#너무배워서그런지못배워서그런지그냥태생이그런지-#농협 #신한은행 #우리은행 #국민은행 #대구은행 #기업은행#새마을금고 #우체국 #하나은행 #신협 #산업은행 #경남은행#전북은행 #수협 #부산은행 #제주은행 #광주은행
368,사이즈 : 앉은채로 약 45cm너무 편하게 앉아있는 숀더쉽 대형인형이에요😆 재질도 너무보들보들한게 푸들을 만지는 느낌이에요💕(지영이 구매대행 가격차로 진행되는 용돈벌이💗)#당감동#1등#화장품선물#셀프네일아트#잠실동#기업은행#전업주부#휴대폰케이스추천#일하기싫다#창업준비#여행토퍼#전리단길카페#맛팔#잘지내#소고기무국
369,코트 위 뚈아가 너무 보고 싶어서 꿈까지 꾼 날 ㅠㅠ#이솔아 #기업은행 #여자배구 #ibk_altos
370,⠀⠀#기업은행 행장님을 위한 풍선 준비! ෆ⠀마메르넷에 맡겨 주셔서 정말 영광이었습니다 ꈍ◡ꈍ ෆ⠀풍선 문의는 프로필 링크 속 오픈채팅 또는 카카오톡에서  마메르넷을 검색해 주세요! ( 디엠은 확인하지 않습니다 )⠀서울에서 픽업을 원하실 경우 마메르넷 여의도점에서도  문의 후 주문 가능합니다! @mame_lynette_yeouido⠀늘 감사합니다 ◡̈⠀
371,집에서 하는 고수익 꿀알바 스마트폰만 있으면 되는 재택근무 대화 좋아하는 성인 이면 모두 OK !!-초기 정착금 X- 불법X#하나은행#국민은행#신한은행#신협#농협은행#기업은행#씨티은행#우리은행#새마을금고#제일은행#부산은행#수협은행#대구은행#제주은행#경남은행#하나증권#패피아기
372,"⚾IBK카드 x kt wiz 브랜드데이 이벤트 안내⚾​​📢IBK브랜드데이📢​ - 2023년 7월 7일 18:30, kt wiz vs KIA (수원 kt wiz 파크)​📢 댓글 #EVENT 📢​✔IBK브랜드데이에 kt wiz의 승리를 기원하는 댓글을 남겨주세요.​✔경품 : IBK브랜드데이 무료입장 초대권(1인1매) –  30명 추첨​✔일정 : 2023.6.13~6.20✔발표 : 2023.6.20(개별 DM발표)​※ 초대권은 현장에서 입장권과 교환할 수 있는 당첨메시지로 발송(2023.6.27)​※ 무료입장권은 외야자유석에 한함​📢 사전 #EVENT 📢​✔ 일정 : 2023.6.13~6.30​✔ 대상 : 이벤트 응모 후 이벤트 기간동안 대상카드로 6만원 이상 결제한 고객​📌혜택1. IBK브랜드데이 야구장 무료입장 혜택(외야자유석에 한함)​ 혜택2. 5만원 청구할인​ 혜택3  추첨을 통해 야구장입장권과 kt wiz 스카이박스 이용권제공​🔍자세한 내용은 이벤트페이지에서 확인해주세요🔍​http://ibk.kr/브랜드데이사전이벤트 ​​준법감시인심의필 제2023-2733호(2023.06.07) 유효기간(2023.12.31)​여신금융협회 심의필 제 2023 - C1h - 06158호 ( 2023.06.08 ~ 2023.12.31 )​"
373,.메이썬 온라인 금융 재테크인스타팀 1팀 팀장 조아영* 문의는 프로필하단 오픈톡으로 연락주세요!---#농협은행 #농형 #국민 #하나 #우리 #은행 #기업 #기업은행 #뱅킹 #오픈뱅킹 #계좌
374,하나하나 다 옙뻐 🤍💖
375,🏦 번갯불에 콩보다 빠른속도 요망...👩🏻‍💼👨🏻‍💼👩🏻‍💻👨🏻‍💻#서뱅크 #사람들이잘모르는은행이야기 #은행원-#업무속도향상요망 #처리속도향상요망 #기계아님#어느정도속도면만족하시려나 #왜그러세요저한테#개소리도불법으로인정해달라 #멍멍-#농협 #신한은행 #우리은행 #국민은행 #대구은행 #기업은행#새마을금고 #우체국 #하나은행 #신협 #산업은행 #경남은행#전북은행 #수협 #부산은행 #제주은행 #광주은행
376,#기업은행
377,다양한 제품!! 다양한 옵션으로진행되는 초 간단  부업초보도 쉽게 접할수있습니다.가입첫날 부터 수익나는 부업✔️부모님도움 없이 결혼준비✔️32살 47평 내집마련✔️버킷리스트 타고싶은차 타기✔️학자금 한번에 갚고✔️여행 마음껏 다니기매년 버킷리스트를 이루고 있어요치솟는 물가와막막한 금리로더이상 월급으로는 무리 🥹이게 바로 현실이랍니다👍🏻도전하세요 누구나 할수 있는 일��#당감동#1등#화장품선물#셀프네일아트#잠실동#기업은행#전업주부#휴대폰케이스추천#일하기싫다#창업준비#여행토퍼#전리단길카페#맛팔#잘지내#소고기무국
378,농협은행 기업은행😍#양파 #포메라니안 #멍스타그램 #멍팔 #농협은행 #기업은행
379,☁️
380,사진에서 #하이볼 스멜🍻놀랍게도 이중에 제일 막내인 서르니투 입니댜😊스물여섯 막내가 서른둘이 돼버린 세월이여..🥹그래도 항상 좋은일 생길때마다 만나는 우리💖#IBK #기업은행 💙💙💙💙💙
381,"""月 70만원씩 5년 부으면 5000만원 모은다""이달 출시될 청년도약계좌의 금리가 연 최고 6%대에서 책정될 전망이어서 예비 가입자들의 관심이 뜨겁습니다. 매달 70만원씩 5년간 넣으면 5000만원 안팎의 목돈을 모을 수 있다는 게 특징입니다.은행연합회에 따르면 청년도약계좌 참여 은행 11곳의 상품 출시 예정 금리는 연 최대 6.5%로 집계됐습니다. 3년 고정 기본금리가 가장 높은 곳은 연 4.5%를 주는 기업은행입니다. 기업은행을 제외한 10개 은행은 모두 기본금리를 연 3.5%로 제시했습니다. 최종 금리는 이번주 확정 공시됩니다.#청년도약계좌 #정책금융 #금리 #개인소득 #세금 #기업은행 #KB국민은행 #하나은행 #우리은행 #NH농협은행"
382,"기업은행 색감을 참고해서준비해드린 퇴직 꽃다발,예약 감사합니다💙⠀⠀⠀⠀⠀⠀[ 문의 ]010 5687 1763-특정 꽃 주문은 여유있게 최소3일전  예약주시면 예쁘게 제작해드려요:)-카카오상담 / 프로필링크클릭-서울 서초구 반포동  주흥15길7  1층 (주차가능)⠀"
383,언제어디서나 핸드폰만 있으면 간단한 타이핑만드로 용돈벌이 가능 꿀알바 지금바로 문의주세요 !!대학생 OK주부OK직장인OK투잡OK #하나은행#국민은행#신한은행#신협#농협은행#기업은행#씨티은행#우리은행#새마을금고#제일은행#부산은행#수협은행#대구은행#제주은행#경남은행#하나증권#패피아기
384,.회원님  원금 700에 총수익 7330만원 출금 축하드립니당 🎈🎈즐거운 하루 보내세용 ~* 문의는 프로필하단 오픈톡으로 연락주세요!---#혼영 #사업 #요리왕 #비오니 #북항 #아버지 #라일락 #부동산 #하나은행 #우리은행 #농협은행 #농형 #국민 #하나 #우리 #은행 #기업 #기업은행 #뱅킹 #오픈뱅킹 #계좌
385,다양한 제품!! 다양한 옵션으로진행되는 초 간단  부업초보도 쉽게 접할수있습니다.가입첫날 부터 수익나는 부업✔️부모님도움 없이 결혼준비✔️32살 47평 내집마련✔️버킷리스트 타고싶은차 타기✔️학자금 한번에 갚고✔️여행 마음껏 다니기매년 버킷리스트를 이루고 있어요치솟는 물가와막막한 금리로더이상 월급으로는 무리 🥹이게 바로 현실이랍니다👍🏻도전하세요 누구나 할수 있는 일��#당감동#1등#화장품선물#셀프네일아트#잠실동#기업은행#전업주부#휴대폰케이스추천#일하기싫다#창업준비#여행토퍼#전리단길카페#맛팔#잘지내#소고기무국
386,신규합류 회원님들 매일매일 수익보고있습니다..첫날부터 수익볼수있는 꿀 알바배송건 작성으로만 스스로의 용돈벌이남부러워 할시간에 도전하시면 누구나수익볼수있습니다.--------------------------------------명품할인 공략기재고물품 처리특가할인&세일상품&땡처리상품 낚기명품 공략 노하우~프로필 오픈톡으로 문의주세요#당감동#1등#화장품선물#셀프네일아트#잠실동#기업은행#전업주부#휴대폰케이스추천#일하기싫다#창업준비#여행토퍼#전리단길카페#맛팔#잘지내#소고기무국
387,지금부터 빡세게 모아서 겨울에 여행갈까?♥️중요한 건 꺾였는데도 그냥 하는 마음☺️☺️#물댕이#적금 #적금만기 #여행적금 #은행 #해외여행추천 #해외여행지추천 #해외여행준비물 #계모임 #국내여행추천 #국내여행지추천 #국내여행코스 #국내여행스타그램 #국민은행 #KB국민은행 #우리은행 #광주은행 #기업은행 #케이뱅크 #하나은행
388,맛있눙거 먹으꼬지요 🍽
389,"스노우Ai ,,, 누구세효 ?"
390,"#오름꽃다발 핑크톤 하나, 노란톤 하나전화로 예약주시고 픽업하셨습니다😊오름꽃 일요일 오픈하였어요! 6시까지 운영합니다~!-오름꽃 Oreum flowershop-•contactAd: 을지로백병원 앞 꽃집 (중구 마른내로 10), 을지로3가역 3분거리Tel: 010-2343-9826Kakao: oreumkkot#을지로꽃집 #명동꽃집 #충무로꽃집 #을지로3가꽃집 #종로꽃집 #남산타워꽃집 #인사동꽃집 #명동성당꽃집 #중구꽃집 #서울꽃집 #서울중구꽃집 #중부경찰서 #고용노동청 #기업은행 #신한카드 #남대문세무서 #을지로3가역꽃집 #을지로 #힙지로 #명동 #을지로데이트 #명동데이트 #명동상견례 #명동핫플 #힙지로데이트 #서울핫플 #서울데이트 #꽃다발 #flower"
391,230609 알토스 와줘서 고마워요 💙#황민경 #기업은행
392,"230609 인간 시나모롤 이셔 ,,💞#황민경 #기업은행"
393,230609 예뿌다 ❤️#황민경 #기업은행
394,230609 겸둥 ❤️‍🔥#최정민 #기업은행
395,"230609 너무 귀여우라 ,,💙#최정민 #기업은행"
396,230609 웃는게 제일 예뿌다 💗#최정민 #기업은행
397,230609 브이요정 🫶🏻#김하경 #기업은행
398,230609 대왕오리 🐣💙#김하경 #기업은행
399,230609 귀여워 ! ! #김하경 #기업은행
400,230609 기여워 하투 💞#육서영 #기업은행
401,230609 인간 포챠코셔 🫶🏻#육서영 #기업은행
402,230609내 딸 서영 ❤️‍🔥#육서영 #기업은행
403,✨
404,.매번 찾아주신 회원님들고맙고 감사하고 사랑합니다.매일매일 행복하고 활기찬 하루가 되시길 바랍니다.문의는 프로플하단 오픈톡으로 연락주시길 바랍니다.(*주말에도 작업가능합니다.)---#농협은행 #농형 #국민 #하나 #우리 #은행 #기업 #기업은행 #뱅킹 #오픈뱅킹 #계좌 i
405,#모던#제평#여은파#슈아멜#보타랩#하이클래스#아우라#가르시니아#디톡스#콜라겐#하나은행#국민은행#신한은행#신협#농협은행#기업은행#씨티은행#우리은행
406,#신협#농협은행#기업은행#씨티은행#우리은행#새마을금고#제일은행#부산은행#수협은행#대구은행#제주은행#경남은행#하나증권#패피아기#제주소녀#북튜버#오너쉐프#예삐#찬바람#거울샷#글로벌#대환영#셀스타#첫줄#셀기꾼#셀카#셀프카메라#직딩#청사포
407,다양한 제품!! 다양한 옵션으로진행되는 초 간단  부업초보도 쉽게 접할수있습니다.가입첫날 부터 수익나는 부업✔️부모님도움 없이 결혼준비✔️32살 47평 내집마련✔️버킷리스트 타고싶은차 타기✔️학자금 한번에 갚고✔️여행 마음껏 다니기매년 버킷리스트를 이루고 있어요치솟는 물가와막막한 금리로더이상 월급으로는 무리 🥹이게 바로 현실이랍니다👍🏻도전하세요 누구나 할수 있는 일��#당감동#1등#화장품선물#셀프네일아트#잠실동#기업은행#전업주부#휴대폰케이스추천#일하기싫다#창업준비#여행토퍼#전리단길카페#맛팔#잘지내#소고기무국
408,.매번 찾아주신 회원님들고맙고 감사하고 사랑합니다.매일매일 행복하고 활기찬 하루가 되시길 바랍니다.문의는 프로플하단 오픈톡으로 연락주시길 바랍니다.(*주말에도 작업가능합니다.)---#농협은행 #농형 #국민 #하나 #우리 #은행 #기업 #기업은행 #뱅킹 #오픈뱅킹 #계좌
409,"여러분~!!즐거운 주말이에요!! 잘 지내고 계신가요?? 좋은 소식을 하나 더 알려드리려해요!!🥰🥰어제 희빈이가 을지로 기업은행 본사에서 기업은행 표지 광고 촬영을 하고왔어요!!💌🎉🎉이제 전국 기업은행에서 희빈이를 볼수있을지도..😊😊그때 따로 찍은 셀카들을 올려드릴게요😎😎Everyone! It's a happy weekend!! Are you doing well?? We're going to tell you one more good news!!🥰🥰Yesterday, Heebin filmed a commercial for the cover of the Industrial Bank of Korea at the headquarters of the Industrial Bank of Korea in Euljiro!!💌🎉🎉Now you might be able to see Heebin at the Industrial Bank of Korea..😊😊We're going to upload selfies that we took then😎😎#수민 #희빈 #소이 #다운 #도현 #파스텔걸스 #pastelgirls #팝스엔터테인먼트 #기념사진#IBK #기업은행 #표지광고 #광고 #을지로 #기업은행본사 #본사 #촬영"
410,6월27일부터 7월2일까지 수원시 서수원칠보체육관에서 열리는 2023 수원 여자 발리볼네이션스리그(VNL) 입장권 판매를 14일 오후 2시부터 티켓링크를 통해 진행합니다기사 링크https://naver.me/FoRm2ByZ
411,"📚알고보면 쓸모있는 IBK기업은행 백과사전 #알쓸기백　신분증을 분실했다면?😓당황하지 말고 이.것.만 기억하세요!　IBK기업은행이 알려주는신분증 분실 시 금융 피해 예방 요령👩‍🏫　나의 금융 정보를 안전하게 지키는 방법이미지를 넘겨 함께 알아봐요👉　🎁댓글 #이벤트① 채널 팔로우하고 게시물 좋아요 클릭② @ 친구를 태그해 신분증 분실 시 대처 요령을 알려주세요!　📍기간 : 23년 6월 9일 ~ 6월 18일📍발표 : 23년 6월 23일 (개별 DM 발표)📍경품 : 스타벅스 아메리카노 T (3명)　※ 비공개 계정, 팔로우 하지 않은 계정, 태그 없이 업로드 시 당첨에 제외될 수 있습니다. 당첨 메시지 받으신 후 일주일 이내에 개인정보 미회신 시 당첨에서 제외될 수 있습니다. 이벤트 및 상품은 사전 고지 없이 변경될 수 있습니다.​"
412,💲재💲테💲크의 기본 1일 1수익 입니다.언제까지 지켜보고 있으실 거예요?망설이는 이순간에도 누군가는한발 앞서가고 있습니다~투자느 즐겁게~!!! 수익은 꾸준하게~!!!재무는 탄탄하게~!!!하루 1시간만 투자하세요작은 용기가 인생을 바꿉니다!친절 상담 문의는 프로필 하단 오픈톡으로!!
413,.회원님 원금 300에 총수익 3130만원 출금 축하드립니당 🎈🎈즐거운 하루 보내세용 ~* 문의는 프로필하단 오픈톡으로 연락주세요!---#혼영 #사업 #요리왕 #비오니 #북항 #아버지 #라일락 #부동산 #하나은행 #우리은행 #농협은행 #농형 #국민 #하나 #우리 #은행 #기업 #기업은행 #뱅킹 #오픈뱅킹 #계좌
414,2000円 #💴간만에 보는 2000엔짜리 지폐 🤩
415,뱃놀이 축제에서 만난 하경이✨ 이름 의미 놀리던 하경이가 너무 귀여웠던 ✨✨#김하경 #기업은행 #오사pic
416,#하이클래스#아우라#가르시니아#디톡스#콜라겐#하나은행#국민은행#신한은행#신협#농협은행#기업은행#씨티은행#우리은행#새마을금고#제일은행#부산은행#수협은행#대구은행#제주은행#경남은행#하나증권#패피아기#제주소녀#북튜버#오너쉐프#예삐#찬바람#거울샷
417,#소소한행복#댓글소통#맞팔하면선팔#맞팔해요#인스타일상#맞팔은댓글#일상#선팔하면맞팔#맞팔그램#맞팔해용#맞팔하자#소통합시다#맞팔해여#소통그램#데일리그램#맞팔해요우리#선팔맞팔환영#맞팔좋아요#선팔은곧맞팔#일상기록#일상사진#일상생활#맞팔은댓글로#맞팔로우#소소한일상#맞팔선팔#일상소통#기업은행#기업은행
418,6/8 드디어 크루티 도착🙈💕크루티 착장 사진만 찍으러 더클신림 다녀왔어요. 빵클러라 동영상 안올리는 건 절.대. 아닙니다 진짜루~~ ^^*
419,.매번 찾아주신 회원님들고맙고 감사하고 사랑합니다.매일매일 행복하고 활기찬 하루가 되시길 바랍니다.문의는 프로플하단 오픈톡으로 연락주시길 바랍니다.---#혼영 #사업 #요리왕 #비오니 #북항 #아버지 #라일락 #부동산 #하나은행 #우리은행 #농협은행 #농형 #국민 #하나 #우리 #은행 #기업 #기업은행 #뱅킹 #오픈뱅킹 #계좌
420,일요일해질녘한강자전거따릉이따릉따릉붉은노을소소한힐링하늘 예뻐서사진 많이 찍었뎌📸
421,.회원님  1940원 출금 축하드립니당 🎈🎈즐거운 하루 보내세용 ~* 문의는 프로필하단 오픈톡으로 연락주세요!---#농협은행 #농형 #국민 #하나 #우리 #은행 #기업 #기업은행 #뱅킹 #오픈뱅킹 #계좌
422,이런 분위기 너무 JOA🍃
423,오늘 컨디션 좋아좋아 🤎🤎🤎
424,#공찬 #B1A4 #박소현의러브게임 #러브에피소드 #라디오 #고생많았어요 #농협은행 #기업은행 #사랑해요
425,혼합선물세트💓
426,"#기업은행 ..오늘은 기업은행 강남지역본부에서 vip담당하시는 팀장님들 대상으로 강의를 진행했습니다..짧은시간에 최대한 많은것을공유 드릴려했는데, 다들 그래도 만족해주셔서 다행이네요..앞으로 wm님들이 담당하시는 자산가분들에게 세미나를 진행하는 등 많은 협업이 이루어질 수 있게더 노력하도록 하겠습니다...#5년차 #사람을남기는일 #진심을다하는일 #진심은지구도움직인다 #케이밸류그룹이찬규지사장#아트밸류이찬규아트디렉터#케이밸류그룹#아트밸류갤러리협력사업부#더금융협력사업부#새무회계도호협력사업부#한국투자증권협력사업부 #value지사#종합자산관리플랫폼"
427,"일상 곳곳이 IBK기업은행세권!👉 #겹세권카드 혜택받는 핫플레이스 소개해요🙌　우리가족 나들이 1순위 테마파크🎠놀이공원 50% 할인받으세요!　일상의 기쁨 체크카드 혜택받는 테마파크넘겨서 확인해 볼까요?　🎁댓글 #이벤트① 채널 팔로우하고 게시물 좋아요 클릭② 댓글로 테마파크 함께 가고 싶은 사람을 태그 해 주세요!( 일상의기쁨 체크카드 추천하면 당첨확률 UP! )　📍기간 : 23년 6월 7일 ~ 6월 14일📍발표 : 23년 6월 20일 (개별 DM 발표)📍경품 : CGV 2만원권 (10명)　※ 비공개 계정, 팔로우 하지 않은 계정, 태그 없이 업로드 시 당첨에 제외될 수 있습니다. 당첨 메시지 받으신 후 일주일 이내에 개인정보 미회신 시 당첨에서 제외될수 있습니다.이벤트및 상품은사전 고지없이 변경될수 있습니다.　※ 준법감시인 심의필 제2023-2555호(2023.05.25) 유효기간(2023.12.31)ㆍ개별 상품에 관한 자세한 문의는 거래 영업점 또는 IBK고객센터(☎1566-2566)를 이용하여 주시기 바랍니다. ㆍIBK기업은행은 금품·향응을 받지 않습니다. 윤리경영 위반 사실이나 개선이 필요한 경우 신고해주시기 바랍니다.(☎02-729-7490, e-mail : ibkethics@ibk.co.kr)ㆍ금융상품 관련 계약을 체결하기 전에 상품설명서 및 약관을 반드시 확인하시기 바랍니다.ㆍ일반금융소비자는 「금융소비자 보호에 관한 법률」 제19조 제1항에 따라 IBK기업은행으로부터 충분히 설명을 받을 권리가 있으며, 그 설명을 이해한 후 거래하시기 바랍니다."
428,.메이썬 온라인 금융 재테크인스타팀 1팀 팀장 조아영* 문의는 프로필하단 오픈톡으로 연락주세요!---#혼영 #사업 #요리왕 #비오니 #북항 #아버지 #라일락 #부동산 #하나은행 #우리은행 #농협은행 #농형 #국민 #하나 #우리 #은행 #기업 #기업은행 #뱅킹 #오픈뱅킹 #계좌
429,.메이썬 온라인 금융 재테크인스타팀 1팀 팀장 조아영* 문의는 프로필하단 오픈톡으로 연락주세요!---#혼영 #사업 #요리왕 #비오니 #북항 #아버지 #라일락 #부동산 #하나은행 #우리은행 #농협은행 #농형 #국민 #하나 #우리 #은행 #기업 #기업은행 #뱅킹 #오픈뱅킹 #계좌
430,*________* 촬영때 겨우 건진 사진내일상 없음.... 피드좀 올리래서..^^
431,.회원님 5260만원 출금 축하드립니당 🎈🎈즐거운 하루 보내세용 ~* 문의는 프로필하단 오픈톡으로 연락주세요!---#농협은행 #농형 #국민 #하나 #우리 #은행 #기업 #기업은행 #뱅킹 #오픈뱅킹 #계좌 #통장 #수수료 #국민은행이자 #하나은행이자 #우리은행이자 #기업은행이자 #카카오뱅킹 #카카오 #카카오이자
432,"나이키 레트로 로우 OG 블랙앤다크 파우더 블루구성품: 본품, 박스 (풀박스구성)Size: 37 (230-235)38 (235-240)39 (240-245)40 (250-255)41 (260-265)42 (265-270)43 (270-275)쨍한 블루컬러가 너무 예뻐요.일반 로우보다 탑라인이 낮아서 훨씬 안정감이 있어요.착화감 완젼모델품번 122281657070100#당감동#1등#화장품선물#셀프네일아트#잠실동#기업은행#전업주부#휴대폰케이스추천#일하기싫다#창업준비#여행토퍼#전리단길카페#맛팔#잘지내#소고기무국"
433,💲재💲테💲크의 기본 1일 1수익 입니다.언제까지 지켜보고 있으실 거예요?망설이는 이순간에도 누군가는한발 앞서가고 있습니다~투자느 즐겁게~!!! 수익은 꾸준하게~!!!
434,.메이썬 온라인 금융 재테크인스타팀 1팀 팀장 조아영* 문의는 프로필하단 오픈톡으로 연락주세요!---#농협은행 #농형 #국민 #하나 #우리 #은행 #기업 #기업은행 #뱅킹 #오픈뱅킹 #계좌 #통장 #수수료 #국민은행이자 #하나은행이자 #우리은행이자 #기업은행이자 #카카오뱅킹 #카카오 #카카오이자
435,"IBK기업은행과 함께 하는 머니능력고사👩‍🏫　여러분은 금융 정보를 얼마나 알고 있나요?　이미지를 넘겨 퀴즈를 풀어보세요! 📃 2개 이하 맞히면 금융신입생🤓 모두 맞히면 금융엘리트　댓글로 정답을 남겨 주시면추첨을 통해 선물을 드립니다🎁　📍기간 : 23년 6월 5일 ~ 6월 11일📍발표 : 23년 6월 14일 (개별 DM 발표)📍경품 : 스타벅스 아메리카노 T (5명)　※ 비공개 계정, 팔로우 하지 않은 계정, 태그 없이 업로드 시 당첨에 제외될 수 있습니다. 당첨 메시지 받으신 후 일주일 이내에 개인정보 미회신 시 당첨에서 제외될 수 있습니다. 이벤트 및 상품은 사전 고지 없이 변경될 수 있습니다.​"
436,#모던#제평#여은파#슈아멜#보타랩#하이클래스#아우라#가르시니아#디톡스#콜라겐#하나은행#국민은행#신한은행#신협#농협은행#기업은행#씨티은행#우리은행
437,#기업은행희망을 키우는. . .한고비 넘기고. . .
438,.회원님 4280만원 출금 축하드립니당 🎈🎈즐거운 하루 보내세용 ~* 문의는 프로필하단 오픈톡으로 연락주세요!#혼영 #사업 #요리왕 #비오니 #북항 #아버지 #라일락 #부동산 #하나은행 #우리은행 #농협은행 #농형 #국민 #하나 #우리 #은행 #기업 #기업은행 #뱅킹 #오픈뱅킹 #계좌
439,다양한 제품!! 다양한 옵션으로진행되는 초 간단  부업초보도 쉽게 접할수있습니다.가입첫날 부터 수익나는 부업✔️부모님도움 없이 결혼준비✔️32살 47평 내집마련✔️버킷리스트 타고싶은차 타기✔️학자금 한번에 갚고✔️여행 마음껏 다니기매년 버킷리스트를 이루고 있어요치솟는 물가와막막한 금리로더이상 월급으로는 무리 🥹이게 바로 현실이랍니다👍🏻도전하세요 누구나 할수 있는 일��#당감동#1등#화장품선물#셀프네일아트#잠실동#기업은행#전업주부#휴대폰케이스추천#일하기싫다#창업준비#여행토퍼#전리단길카페#맛팔#잘지내#소고기무국
440,"🇰🇷 vs 🇹🇭 기록 (0:3)박정아 14득점 (공격11, 블로킹3)문지윤 9득점 (공격9)이주아 8득점 (공격6, 블로킹1, 서브1)정호영 7득점 (공격5, 블로킹1, 서브1)표승주 5득점 (공격5)정지윤 2득점 (공격2)김미연 2득점 (공격1, 서브1)강소휘 2득점 (공격2)출처https://en.volleyballworld.com/volleyball/competitions/vnl-2023/schedule/16052/"
441,IG: @gaeddac 😆(2023.06.01)#헤헤행님과 즐거운 촬영.은행은 역시!!#기업은행 #슬그머니#덕분에머리다듬음 #IBK기업은행 #IBK#배유람​ #BaeYuram​ @gaeddac#장혁진​ #JangHyukjin​@kottachi59#이제훈 #LeeJehoon #李帝勳 #イジェフン #อีเจฮุน​ @leejehoon_official
442,#신협#농협은행#기업은행#씨티은행#우리은행#새마을금고#제일은행#부산은행#수협은행#대구은행#제주은행#경남은행#하나증권#패피아기#제주소녀#북튜버#오너쉐프#예삐#찬바람#거울샷
443,"감사한 무대, 그리고 사람들 ✔️#IBK #기업은행 #vip 행사멋진 아티스트들과 함께 할 수 있었던 음악회클래식 음악 여행 다녀왔어요 🤗멋진 연주자 분들 해설자선생님과:) with musitec✔️북부산농협 창립50주년 기념행사김해공항까지 비행기로 슝슝 1500명 귀빈들조합장 조합원님과 함께:) 축하드립니다! ✔️Generative AI Asia 2023#생성ai #뤼튼테크놀로지스 AI생태계 살피고 국내외 리더들과 함께 현재와 미래를 이야기했던 뜨거운 시간 #컨퍼런스"
444,솔아가 생각나는 날씨✨☀#이솔아 #기업은행 #여자배구 #ibk_altos
445,.회원님 3650만원 출금 축하드립니당 🎈🎈즐거운 하루 보내세용 ~* 문의는 프로필하단 오픈톡으로 연락주세요!#혼영 #사업 #요리왕 #비오니 #북항 #아버지 #라일락 #부동산 #하나은행 #우리은행 #농협은행 #농형 #국민 #하나 #우리 #은행 #기업 #기업은행 #뱅킹 #오픈뱅킹 #계좌
446,"🇰🇷 vs 🇨🇦 기록 (0:3)김미연 8득점 (공격8)박정아 7득점 (공격 7)이다현 5득점 (공격4, 블로킹1)표승주 5득점 (공격4, 서브1)이주아 4득점 (공격4)문지윤 3득점 (공격2, 블로킹1)강소휘 3득점 (공격3)정지윤 2득점 (공격2)박은진1득점 (공격1)출처https://en.volleyballworld.com/volleyball/competitions/vnl-2023/schedule/16042/"
447,"명절선물 준비하는게 제일 힘드는구나아결국 오늘 못 사서 내일 또가야함😊,,,,,,,"
448,.삶에 대한 힘과 용기위로와 힐링이 필요하신 분들께서 참고바랍니다.-#농협은행 #농형 #국민 #하나 #우리 #은행 #기업 #기업은행 #뱅킹 #오픈뱅킹 #계좌
449,🔺조피티짐6월 스케쥴표 입니다.참고하세요. .⭐️숨어있던 근육들을 깨울께요⭐️안보이던 S라인 살려드릴께요⭐️떨어진 체력을 UP시켜드릴께요앞에서 당겨주고 뒤에서 밀어줄테니따라만와🎶🎶~~👊⠀지금부터 시작입니다.⠀⠀⠀다이어트는 오늘부터..내일로 미루면 늦어요#장안동 #기업은행 2층저희 운영시간은▶️평일 오전8시~오후11▶️토요일 오전8시~오후8시▶️공휴일 오전10~오후6시🔸️매주 일요일 휴무
450,#하이클래스#아우라#가르시니아#디톡스#콜라겐#하나은행#국민은행#신한은행#신협#농협은행#기업은행#씨티은행#우리은행
451,.회원님 1920만원 출금 축하드립니당 🎈🎈즐거운 하루 보내세용 ~* 문의는 프로필하단 오픈톡으로 연락주세요!#농협은행 #농형 #국민 #하나 #우리 #은행 #기업 #기업은행 #뱅킹 #오픈뱅킹 #계좌
452,#하이클래스#아우라#가르시니아#디톡스#콜라겐#하나은행#국민은행#신한은행#신협#농협은행#기업은행#씨티은행#우리은행#새마을금고#제일은행#부산은행#수협은행#대구은행#제주은행#경남은행#하나증권#패피아기
453,6/1 몽키즈 in @theplastik_yeomchang 어제 모임은 🐒x7 < 영학 - 다경 - 영훈 - 강륜 - 우경 - 민정 - 예린 > & 🍌민수 염창더플 너무 예쁘고 쾌적하고 재밌었다!!><
454,여름엔 조금 베이직한 느낌보다과한것도 나쁘지 않아요 ✌🏻패턴이 화려하다고 해서 부담스러울거라는 걱정은 놉 !• 프랜들리셔츠 s ~ 2xl🏷️ 프로필 링크타고 들어와주세요 🕊️#당감동#1등#화장품선물#셀프네일아트#잠실동#기업은행#전업주부#휴대폰케이스추천#일하기싫다#창업준비#여행토퍼#전리단길카페#맛팔#잘지내#소고기무국
455,"때론 우릴 시험에 들게 하는 '도전'그럼에도 우린 왜 수 많은 도전을 할까요?현재의 나를 끌어올리는 힘,미래의 나를 위한 값진 노력!💪도전 그 자체는 위대하고 아름답습니다.그걸 증명해 낸 당신처럼요😄우리가 하는 모든 것이 도전인 시대,더 많은 이야기가 궁금하다면?🔍📍 ibkmagazine.co.kr <IBK 6월호>"
456,예전에는 쑥스러워서 평일 시내를 활보하며 썬글라스를 끼지 못해습니다. 야외에 놀러가거나 운전할 때 쓰곤했지만요. 근데 지하철 타러가면서 씁니다. 왜이리도 멋있는지 ㅋㅋ 아무튼 작은 소재가 즐거움을 줍니다. Fighting!!!#썬글라스 #자존감수업 #돈공부 #제2의인생 #주말CEO #김광현교수 #숭실사이버대 #기업은행 #광작가
457,우리 좀 기여브냉* 마지막사진 확대하지 마세요.#기업은행
458,#헤헤행님과 즐거운 촬영.은행은 역시!!#기업은행 #슬그머니#덕분에머리다듬음
459,#리그램 - @goodibk by @get_regrammer중소기업 직장인들을 위해 덤앤더머 주임즈가 뭉쳤습니다!🙌🏻연 5.7%를 주는 적금이 있다고?중소기업 직장인을 위한 최고 연 5.7% IBK중기근로자우대적금 이 집 금리 잘 하네~ 금리 맛집은 어디? (웅성웅성)📢역시 IBK기업은행이지 (웅성웅성)📣금리 맛집으로 가보자고! 가보자고!#IBK #기업은행 #IBK기업은행#이제훈 #장혁진 #배유람
460,.회원님 5160만원 출금 축하드립니당 🎈🎈즐거운 하루 보내세용 ~* 문의는 프로필하단 오픈톡으로 연락주세요!#농협은행 #농형 #국민 #하나 #우리 #은행 #기업 #기업은행 #뱅킹 #오픈뱅킹 #계좌
461,"🇰🇷 vs 🇹🇷 기록 (0:3)정지윤 10득점 (공격9, 블로킹1)박정아 6득점 (공격5, 블로킹1)이주아 4득점 (공격3, 블로킹1)강소휘 4득점 (공격3, 서브1)표승주 3득점 (공격3)이다현 2득점 (공격1, 블로킹1)정호영 1득점 (공격1)염혜선 1득점 (공격1)문지윤 1득점 (공격1)출처https://en.volleyballworld.com/volleyball/competitions/vnl-2023/schedule/16031/"
462,#신협#농협은행#기업은행#씨티은행#우리은행#새마을금고#제일은행#부산은행#수협은행#대구은행#제주은행#경남은행#하나증권#패피아기#제주소녀#북튜버#오너쉐프#예삐#찬바람#거울샷#글로벌#대환영#셀스타#첫줄#셀기꾼#셀카#셀프카메라#직딩#청사포
463,#모던#제평#여은파#슈아멜#보타랩#하이클래스#아우라#가르시니아#디톡스#콜라겐#하나은행#국민은행#신한은행#신협#농협은행#기업은행#씨티은행#우리은행
464,아이들 하교하기전에 후다닥 점심해결요.저 요즘 다욧중이라~~~오늘은 간단히 사과즙에 방울토마토!🇰🇷대한민국 최초 🇰🇷 📱소통계정 👩 @missu_a_1👑특가 할인 명품 구매 수익챙기기👑👑은영이와 함께하는 명품할인 공략💎🎁특가할인&🎁세일상품&🎁땡처리상품 낚기🖥PC 📱핸드폰 있으면 어디서나가능📱짠순이 은영 명품 공략 노하우구경가기⤵ #당감동#1등#화장품선물#셀프네일아트#잠실동#기업은행#전업주부#휴대폰케이스추천#일하기싫다#창업준비#여행토퍼#전리단길카페#맛팔#잘지내#소고기무국
465,"중소기업 직장인들을 위해 덤앤더머 주임즈가 뭉쳤습니다!🙌🏻연 5.7%를 주는 적금이 있다고?중소기업 직장인을 위한 최고 연 5.7% IBK중기근로자우대적금 이 집 금리 잘 하네~ 금리 맛집은 어디? (웅성웅성)📢역시 IBK기업은행이지 (웅성웅성)📣금리 맛집으로 가보자고! 가보자고![#경품이벤트]✔️기간 : ‘23.6.1(목)~6.30(금)✔️대상 : 급여파킹통장과 우대적금 상품을 모두 보유한 고객✔️경품 : SONY 헤드폰(5명), 맥도날드 빅맥세트(500명) 추첨✔️당첨발표 : ’23.7.12(수) (SMS로 당첨자 개별안내)📌이벤트페이지 바로가기 : http://ibk.kr/sgmoney※ 자세한 상품내용은 영상 참고※ 금융상품 가입 전 설명 청취 및 설명서·약관 필독"
466,.회원님 6330만원 출금 축하드립니당 🎈🎈즐거운 하루 보내세용 ~* 문의는 프로필하단 오픈톡으로 연락주세요!#농협은행 #농형 #국민 #하나 #우리 #은행 #기업 #기업은행 #뱅킹 #오픈뱅킹 #계좌
467,5/30 몽키즈 in @climbit_guro 💙어제는 뉴비 멤버와 + 회장 겸 교육부장님 + 세얼간이 조합..🍯잼ㅎㅎ1-2 : 알레에서 뛰뛰문제 정복하고 클잇구로점까지 정복하러 온 회장님3 : 처음인데 초록이라니!!🌱🌱4-5 : 사이좋은 파클러 둘💙 6-7 : 마지막까지 체력단련하고오8-9 : ✌🏻 10 : 빠질 수 없는 회식🍷 금주는 금지라구요!^^*
468,은행원이 직접 홍보하는 기업은행의 서비스! 🥰'i-ONE건강관리' 서비스로 의료데이터를 연동하여 건강검진 및 진료내역을 간편하게 조회하세요! ※ 자세한 문의는 거래 영업점 또는 IBK고객센터(1566-2566)를 이용하여 주시기 바랍니다.※ i-ONE자산관리 가입 전 설명서 및 약관 확인준법감시인 심의필 제2023-2633호(2023.05.31) [유효기간 : 2023.12.31]
469,은행원이 직접 홍보하는 기업은행의 서비스! 💙'원클릭 서류제출 확인서비스'로 행정기관 서류를 한번에 수집하고 편리하게 제출해보세요!
470,은행원이 직접 홍보하는 기업은행의 서비스! 🌻'디지털 본인인증 서비스'로 신분증 없이 쉽고 간편하게 금융거래 하세요!
471,은행원이 직접 홍보하는 기업은행의 서비스! 🌈'i-ONE건강관리' 서비스로 의료데이터를 연동하여 건강검진 및 진료내역을 간편하게 조회하세요! ※ 자세한 문의는 거래 영업점 또는 IBK고객센터(1566-2566)를 이용하여 주시기 바랍니다.※ i-ONE자산관리 가입 전 설명서 및 약관 확인준법감시인 심의필 제2023-2609호(2023.05.30) [유효기간 : 2023.12.31]
472,은행원이 직접 홍보하는 기업은행의 서비스! 💓'원클릭 서류제출 확인서비스'로 행정기관 서류를 한번에 수집하고 편리하게 제출해보세요!
473,은행원이 직접 홍보하는 기업은행의 서비스! 🌹'IBK 퀵서류제출 서비스'로 필요한 대출서류를 비대면으로 손쉽게 제출해보세요!
474,은행원이 직접 홍보하는 기업은행의 서비스! 🌺'디지털 본인인증 서비스'로 신분증 없이 쉽고 간편하게 금융거래 하세요!
475,은행원이 직접 홍보하는 기업은행의 서비스! 🥰'i-ONE건강관리' 서비스로 의료데이터를 연동하여 건강검진 및 진료내역을 간편하게 조회하세요! ※ 자세한 문의는 거래 영업점 또는 IBK고객센터(1566-2566)를 이용하여 주시기 바랍니다.※ i-ONE 자산관리 가입 전 약관 확인준법감시인 심의필 제2023-2619호(2023.05.30) [유효기간 : 2023.12.31]
476,은행원이 직접 홍보하는 기업은행의 서비스! 😆쉽고 빠르고 안전한 'i-ONE Bank(개인)'을 소개합니다. ※ 자세한 문의는 거래 영업점 또는 IBK고객센터(1566-2566)를 이용하여 주시기 바랍니다.※ i-ONE Bank(개인) 가입 전 약관 확인준법감시인 심의필 제2023-2610호(2023.05.30) [유효기간 : 2023.12.31]
477,은행원이 직접 홍보하는 기업은행의 서비스! 😊쉽고 빠르고 안전한 'i-ONE Bank(개인)'을 소개합니다. ※ 자세한 문의는 거래 영업점 또는 IBK고객센터(1566-2566)를 이용하여 주시기 바랍니다.※ i-ONE Bank(개인) 가입 전 약관 확인준법감시인 심의필 제2023-2634호(2023.05.31) [유효기간 : 2023.12.31]
478,.회원님 4110만원 출금 축하드립니당 🎈🎈오늘 즐거운 하루 보내세용 ~문의는 프로필하단 오픈톡으로 연락주세요!.#농협은행 #농형 #국민 #하나 #우리 #은행 #기업 #기업은행 #뱅킹 #오픈뱅킹 #계좌
479,#신협#농협은행#기업은행#씨티은행#우리은행#새마을금고#제일은행#부산은행#수협은행#대구은행#제주은행#경남은행#하나증권#패피아기#제주소녀#북튜버#오너쉐프#예삐#찬바람#거울샷#글로벌#대환영#셀스타#첫줄#셀기꾼#셀카#셀프카메라#직딩#청사포
480,.태어난지 12일별하 신생아촬영기업은행이다🫶🏻💗🫧#신생아촬영 #기업은행=귀여부네 #딸맘
481,"다시 보고 싶은 콘텐츠 저장↗🎪PER 더 낮아질 합성 매력주 20선주가순이익배수(PER)와 주가순자산배수(PBR)가 낮은 종목 중 PER이 더 낮아질 것으로 기대되는 종목을 정리했어요. 올해 예상 순이익은 3개 이상의 증권사가 순이익 예상치를 제시한 기업을 대상으로 했는데요. 또, 밸류스코어 점수가 70점 이상인 종목이 대상입니다.#기업은행 #하나금융지주 #JB금융지주 #GS건설 #현대차 #현대모비스 #LG유플러스 #LS #현대건설 #기아 #현대글로비스 #SNT모티브 #삼성화재 #HD현대건설기계 #포스코인터내셔널 #롯데웰푸드 #두산밥캣 #에스엘 #태광 #한세실업※출처 : 아이투자🎪2023년 5월 25일 목요일 ■5월 오늘까지 실현손익 : +80만원 (↑최근 34개월 성적 중 32위 해당) □5월 예상 실현손익 : +89만원 ■■2023년 YTD 실현손익 총계 : +1,116만원  ▣2023년 예상 실현손익 : +2,764만원 ▣과거 실현손익 : 2021년 +5,403만원, 2022년 +1,812만원 ◇2023년 실현손익 중 국내주식 배당금 : 509만원 ◇2023년 실현손익 중 미국주식 배당금 : 209만원 #다된다트레이닝스쿨 #강창권스승님"
482,구석구석 볼거리가 많은 카페에요그 중에서 내 맘에 제일 쏙 드는 자리!꼭 가보세요😎🌹
483,"잠자는 내 통장을 깨우러슬그머니 나타난 해결사들!COMING SOON 😎 😎 #EVENT 🎁나에게 슬그머니 생겼으면 하는 능력은?!아래 댓글에 남겨주세요 👇(IBK 팔로우, 좋아요 필수 ★ )✔ 이벤트 기간참여기간 : 23.5.30 ~ 6.4 당첨발표 : 23.6.8 (개별 DM 발표 )✔ 당첨 경품 스타벅스 아메리카노 T (10명) ※ 비공개 계정, 팔로우 하지 않은 계정, 태그 없이 업로드 시 당첨에 제외될 수 있습니다. 당첨 메시지 받으신 후 일주일 이내에 개인정보 미회신 시 당첨에서 제외 될 수 있습니다. 이벤트 및 상품은 사전 고지 없이 변경될 수 있습니다 ."
484,.회원님 1720만원 출금 축하드립니당 🎈🎈오늘 즐거운 하루 보내세용 ~문의는 프로필하단 오픈톡으로 연락주세요!.#농협은행 #농형 #국민 #하나 #우리 #은행 #기업 #기업은행 #뱅킹 #오픈뱅킹 #계좌
485,다양한 제품!! 다양한 옵션으로진행되는 초 간단  부업초보도 쉽게 접할수있습니다.가입첫날 부터 수익나는 부업✔️부모님도움 없이 결혼준비✔️32살 47평 내집마련✔️버킷리스트 타고싶은차 타기✔️학자금 한번에 갚고✔️여행 마음껏 다니기매년 버킷리스트를 이루고 있어요치솟는 물가와막막한 금리로더이상 월급으로는 무리 🥹이게 바로 현실이랍니다👍🏻도전하세요 누구나 할수 있는 일��#당감동#1등#화장품선물#셀프네일아트#잠실동#기업은행#전업주부#휴대폰케이스추천#일하기싫다#창업준비#여행토퍼#전리단길카페#맛팔#잘지내#소고기무국
486,#하이클래스#아우라#가르시니아#디톡스#콜라겐#하나은행#국민은행#신한은행#신협#농협은행#기업은행#씨티은행#우리은행#새마을금고#제일은행#부산은행#수협은행#대구은행#제주은행#경남은행#하나증권#패피아기
487,💗신비아파트 신제품 입고안내❤️신비아파트 고스트볼 제로 6종이 입고되었습니다찾으시던 분들이 많았는데요주말 우리아이들과 방문해주세요그외에도 신비아파트 제품이 준비되어 있습니다.#당감동#1등#화장품선물#셀프네일아트#잠실동#기업은행#전업주부#휴대폰케이스추천#일하기싫다#창업준비#여행토퍼#전리단길카페#맛팔#잘지내#소고기무국
488,"2023년 5월 30일 유튜스 뉴스.zip#1분컷 🔥📌 유튜브 ‘유튜브 스토리’ 6월 폐지 결정📌 IBK기업은행, 내달 유튜브 콘텐츠 크리에이터 대출 출시📌 스윙스, 심경 고백 ""'술먹지상렬' 사과 안 받겠다""--------------🧐이슈 채널의 가치 및 예상수익이 궁금하다면?-> ‘소셜러스’를 검색해주세요!🎙더 많은 뉴스가 보고싶다면?-> 프로필 링크에서 ‘유튜브 뉴스룸’ 클릭!"
489,🖤🖤
490,.고객님 1890만원 출금 축하드립니당 🎈🎈오늘 즐거운 하루 보내세용 ~문의는 프로필하단 오픈톡으로 연락주세요!.#농협은행 #농형 #국민 #하나 #우리 #은행 #기업 #기업은행 #뱅킹 #오픈뱅킹 #계좌
491,#신협#농협은행#기업은행#씨티은행#우리은행#새마을금고#제일은행#부산은행#수협은행#대구은행#제주은행#경남은행#하나증권#패피아기#제주소녀#북튜버#오너쉐프#예삐#찬바람#거울샷#글로벌#대환영#셀스타#첫줄#셀기꾼#셀카#셀프카메라#직딩#청사포
492,#하나은행#국민은행#신한은행#신협#농협은행#기업은행#씨티은행#우리은행#새마을금고#제일은행#부산은행#수협은행#대구은행#제주은행#경남은행#하나증권#패피아기#제주소녀#북튜버#오너쉐프#예삐#찬바람#거울샷
493,댕댕이의 계절이 왔다 🌿​댕댕이들과 함께 같이 산책가요 🦮​홍석천도 댕댕이들도 개행복한 콜라보 ​반려동물 웰빙 브랜드 로렌츠 🍚 ​반려동물 라이프스타일 브랜드 키니키니 🐶​​무더운 여름날!  반려동물 여름나기 필수템​콜라보 보냉백 X 로렌츠 스틱 6종 패키지 (식스팩)​유튜브 댓글로 받고 싶은 이유를 써주세요!​추첨을 통해 20분에게 콜라보템을 드립니다​+ 키니키니와 로렌츠 자사몰에서는 최대 50% 할인 중!​​⭐유튜브에서 자본주의 소개팅을 검색해보세요!​앞으로도 기업들 간의 시너지 창출을 위하여​중소기업의 든든한 파트너 IBK기업은행이 나서겠습니다
494,5/25 몽키즈 in @theclimb_yangjae 🙊x11 & 🍌x2 !! 몽키즈와 바나나친구들이 양재접수 한 날 ✌🏻영상은 순서대로 몽키즈회장님 - 총무님 - sns담당자님 - 예린님(성장중🌱) - 경태님(처음인데..파클러 등극..👏🏻) - 🐒🍌 크로스! - 빠질 수 없는 회식🍻🍻🍻
495,5월 22일 몽키즈 in @climbing_park_jongro 자세가 너무 좋은 몽키즈들 ><👍
496,#하이클래스#아우라#가르시니아#디톡스#콜라겐#하나은행#국민은행#신한은행#신협#농협은행#기업은행#씨티은행#우리은행#새마을금고#제일은행#부산은행#수협은행#대구은행#제주은행#경남은행#하나증권#패피아기
497,#기업은행 #소중한기부 #따스한봉사 #감사한마음✅️오늘은 기업은행에서 따스한 봉사와 200만원 소중한 기부까지 쉼터에 방문해주셨어요.몇달전부터 아이들을 위해 봉사하러 오시려구 준비를 많이 하셨답니다.✅️4년전 컨테이너에서 시작했을때부터 소중한 인연으로 기억해주시고 아이들을 위해 좋은 마음을 모아서 함께 와주신 기업은행 관계자분들께 정말 감사했습니다.✅️각자 사연들을 가진 쉼터에 40여마리의 고양이들과 아이컨텍과 교감을 해주셨어요.오늘 너무 잘놀아주셔서 가시고 난다음에 아이들이 낮잠꿀잠을 잤어요👍🏻✅️또한 기업은행에서 200만원 서프라이즈 기부도 진행되었습니다.봉사를 와주신것만으로도 감사한데 길고양이의 치료비는 정말 항상 부족해서 아끼고 아끼는 상황인데 소중한 기부와 입양홍보까지ㅜㅜ 정말 감사하고 힘이 나는 하루였습니다.✅️아이들을 위해 초심잃지않고 최선을 다하는 사단법인 묘연이 되겠습니다. 또 뵐께요!#사단법인묘연 #전라북도군산쉼터 #묘연쉼터 #기업은행봉사 #선한영향력 #감사합니다
498,행복했던 식사💜
499,#모던#제평#여은파#슈아멜#보타랩#하이클래스#아우라#가르시니아#디톡스#콜라겐#하나은행#국민은행#신한은행#신협#농협은행#기업은행#씨티은행#우리은행
